26.01.27 18:40:50 sendEvent [8.16] [resp] [admin] [hideClock] [] [exception: stream_socket_client failed, errstr: Unable to find the socket transport "unix" - did you forget to enable it when you configured PHP?]
26.01.27 18:40:50 sendStatusDoc [warn] [sendEvent [8.16] [resp] [admin] [hideClock] [] [exception: stream_socket_client failed, errstr: Unable to find the socket transport "unix" - did you forget to enable it when you configured PHP?]]
26.01.27 18:44:51 sendEvent [8.16] [resp] [admin] [hideClock] [] [exception: stream_socket_client failed, errstr: Unable to find the socket transport "unix" - did you forget to enable it when you configured PHP?]
26.01.27 18:44:51 sendStatusDoc [warn] [sendEvent [8.16] [resp] [admin] [hideClock] [] [exception: stream_socket_client failed, errstr: Unable to find the socket transport "unix" - did you forget to enable it when you configured PHP?]]
26.01.27 18:45:19 sendEvent [8.16] [resp] [admin] [endTrials] [] [exception: stream_socket_client failed, errstr: Unable to find the socket transport "unix" - did you forget to enable it when you configured PHP?]
26.01.27 18:45:19 sendStatusDoc [warn] [sendEvent [8.16] [resp] [admin] [endTrials] [] [exception: stream_socket_client failed, errstr: Unable to find the socket transport "unix" - did you forget to enable it when you configured PHP?]]
26.01.27 18:45:21 sendEvent [8.16] [resp] [admin] [endTrials] [] [exception: stream_socket_client failed, errstr: Unable to find the socket transport "unix" - did you forget to enable it when you configured PHP?]
26.01.27 18:45:21 sendStatusDoc [warn] [sendEvent [8.16] [resp] [admin] [endTrials] [] [exception: stream_socket_client failed, errstr: Unable to find the socket transport "unix" - did you forget to enable it when you configured PHP?]]
26.01.27 18:45:22 sendEvent [8.16] [resp] [admin] [endTrials] [] [exception: stream_socket_client failed, errstr: Unable to find the socket transport "unix" - did you forget to enable it when you configured PHP?]
26.01.27 18:45:22 sendStatusDoc [warn] [sendEvent [8.16] [resp] [admin] [endTrials] [] [exception: stream_socket_client failed, errstr: Unable to find the socket transport "unix" - did you forget to enable it when you configured PHP?]]
26.01.27 18:45:23 sendEvent [8.16] [resp] [admin] [cancelTrial] [] [exception: stream_socket_client failed, errstr: Unable to find the socket transport "unix" - did you forget to enable it when you configured PHP?]
26.01.27 18:45:23 sendStatusDoc [warn] [sendEvent [8.16] [resp] [admin] [cancelTrial] [] [exception: stream_socket_client failed, errstr: Unable to find the socket transport "unix" - did you forget to enable it when you configured PHP?]]
26.01.27 18:45:24 sendEvent [8.16] [resp] [admin] [startMultiTrials] [24m1,prt,trial,0,1,1,1,3] [exception: stream_socket_client failed, errstr: Unable to find the socket transport "unix" - did you forget to enable it when you configured PHP?]
26.01.27 18:45:24 sendStatusDoc [warn] [sendEvent [8.16] [resp] [admin] [startMultiTrials] [24m1,prt,trial,0,1,1,1,3] [exception: stream_socket_client failed, errstr: Unable to find the socket transport "unix" - did you forget to enable it when you configured PHP?]]
26.01.27 18:45:25 sendEvent [8.16] [resp] [admin] [cancelTrial] [] [exception: stream_socket_client failed, errstr: Unable to find the socket transport "unix" - did you forget to enable it when you configured PHP?]
26.01.27 18:45:25 sendStatusDoc [warn] [sendEvent [8.16] [resp] [admin] [cancelTrial] [] [exception: stream_socket_client failed, errstr: Unable to find the socket transport "unix" - did you forget to enable it when you configured PHP?]]
26.01.27 18:45:26 sendEvent [8.16] [resp] [admin] [cancelTrial] [] [exception: stream_socket_client failed, errstr: Unable to find the socket transport "unix" - did you forget to enable it when you configured PHP?]
26.01.27 18:45:26 sendStatusDoc [warn] [sendEvent [8.16] [resp] [admin] [cancelTrial] [] [exception: stream_socket_client failed, errstr: Unable to find the socket transport "unix" - did you forget to enable it when you configured PHP?]]
26.01.27 18:46:38 sendEvent [8.16] [resp] [admin] [endTrials] [] [exception: stream_socket_client failed, errstr: Unable to find the socket transport "unix" - did you forget to enable it when you configured PHP?]
26.01.27 18:46:38 sendStatusDoc [warn] [sendEvent [8.16] [resp] [admin] [endTrials] [] [exception: stream_socket_client failed, errstr: Unable to find the socket transport "unix" - did you forget to enable it when you configured PHP?]]
26.01.27 18:46:43 sendEvent [8.16] [resp] [admin] [endTrials] [] [exception: stream_socket_client failed, errstr: Unable to find the socket transport "unix" - did you forget to enable it when you configured PHP?]
26.01.27 18:46:43 sendStatusDoc [warn] [sendEvent [8.16] [resp] [admin] [endTrials] [] [exception: stream_socket_client failed, errstr: Unable to find the socket transport "unix" - did you forget to enable it when you configured PHP?]]
26.01.27 18:46:44 sendEvent [8.16] [resp] [admin] [cancelTrial] [] [exception: stream_socket_client failed, errstr: Unable to find the socket transport "unix" - did you forget to enable it when you configured PHP?]
26.01.27 18:46:44 sendStatusDoc [warn] [sendEvent [8.16] [resp] [admin] [cancelTrial] [] [exception: stream_socket_client failed, errstr: Unable to find the socket transport "unix" - did you forget to enable it when you configured PHP?]]
26.01.27 18:46:44 sendEvent [8.16] [resp] [admin] [cancelTrial] [] [exception: stream_socket_client failed, errstr: Unable to find the socket transport "unix" - did you forget to enable it when you configured PHP?]
26.01.27 18:46:44 sendStatusDoc [warn] [sendEvent [8.16] [resp] [admin] [cancelTrial] [] [exception: stream_socket_client failed, errstr: Unable to find the socket transport "unix" - did you forget to enable it when you configured PHP?]]
26.01.27 18:46:50 sendEvent [8.16] [resp] [admin] [hideClock] [] [exception: stream_socket_client failed, errstr: Unable to find the socket transport "unix" - did you forget to enable it when you configured PHP?]
26.01.27 18:46:50 sendStatusDoc [warn] [sendEvent [8.16] [resp] [admin] [hideClock] [] [exception: stream_socket_client failed, errstr: Unable to find the socket transport "unix" - did you forget to enable it when you configured PHP?]]
26.01.27 18:47:01 sendEvent [8.16] [resp] [admin] [setReadyMessage] [msg_adtIntro1,msg_adtIntro2,dot,msg_adtReady,,adt] [exception: stream_socket_client failed, errstr: Unable to find the socket transport "unix" - did you forget to enable it when you configured PHP?]
26.01.27 18:47:01 sendStatusDoc [warn] [sendEvent [8.16] [resp] [admin] [setReadyMessage] [msg_adtIntro1,msg_adtIntro2,dot,msg_adtReady,,adt] [exception: stream_socket_client failed, errstr: Unable to find the socket transport "unix" - did you forget to enable it when you configured PHP?]]
26.01.27 18:47:03 sendEvent [8.16] [resp] [admin] [startMultiTrials] [adt,ppt,trial,0,1,1,1,4] [exception: stream_socket_client failed, errstr: Unable to find the socket transport "unix" - did you forget to enable it when you configured PHP?]
26.01.27 18:47:03 sendStatusDoc [warn] [sendEvent [8.16] [resp] [admin] [startMultiTrials] [adt,ppt,trial,0,1,1,1,4] [exception: stream_socket_client failed, errstr: Unable to find the socket transport "unix" - did you forget to enable it when you configured PHP?]]
26.01.27 18:47:04 sendEvent [8.16] [resp] [admin] [cancelTrial] [] [exception: stream_socket_client failed, errstr: Unable to find the socket transport "unix" - did you forget to enable it when you configured PHP?]
26.01.27 18:47:04 sendStatusDoc [warn] [sendEvent [8.16] [resp] [admin] [cancelTrial] [] [exception: stream_socket_client failed, errstr: Unable to find the socket transport "unix" - did you forget to enable it when you configured PHP?]]
26.01.27 18:47:06 sendEvent [8.16] [resp] [admin] [cancelTrial] [] [exception: stream_socket_client failed, errstr: Unable to find the socket transport "unix" - did you forget to enable it when you configured PHP?]
26.01.27 18:47:06 sendStatusDoc [warn] [sendEvent [8.16] [resp] [admin] [cancelTrial] [] [exception: stream_socket_client failed, errstr: Unable to find the socket transport "unix" - did you forget to enable it when you configured PHP?]]
26.01.27 19:02:22 sendEvent [8.16] [resp] [admin] [hideClock] [] [exception: stream_socket_client failed, errstr: Unable to find the socket transport "unix" - did you forget to enable it when you configured PHP?]
26.01.27 19:02:22 sendStatusDoc [warn] [sendEvent [8.16] [resp] [admin] [hideClock] [] [exception: stream_socket_client failed, errstr: Unable to find the socket transport "unix" - did you forget to enable it when you configured PHP?]]
26.01.27 19:03:55 sendEvent [8.16] [resp] [admin] [hideClock] [] [exception: stream_socket_client failed, errstr: Unable to find the socket transport "unix" - did you forget to enable it when you configured PHP?]
26.01.27 19:03:55 sendStatusDoc [warn] [sendEvent [8.16] [resp] [admin] [hideClock] [] [exception: stream_socket_client failed, errstr: Unable to find the socket transport "unix" - did you forget to enable it when you configured PHP?]]
26.01.27 19:09:19 sendEvent [8.16] [resp] [admin] [hideClock] [] [exception: stream_socket_client failed, errstr: Unable to find the socket transport "unix" - did you forget to enable it when you configured PHP?]
26.01.27 19:09:19 sendStatusDoc [warn] [sendEvent [8.16] [resp] [admin] [hideClock] [] [exception: stream_socket_client failed, errstr: Unable to find the socket transport "unix" - did you forget to enable it when you configured PHP?]]
26.01.27 19:10:54 sendEvent [8.16] [resp] [admin] [hideClock] [] [exception: stream_socket_client failed, errstr: Unable to find the socket transport "unix" - did you forget to enable it when you configured PHP?]
26.01.27 19:10:54 sendStatusDoc [warn] [sendEvent [8.16] [resp] [admin] [hideClock] [] [exception: stream_socket_client failed, errstr: Unable to find the socket transport "unix" - did you forget to enable it when you configured PHP?]]
26.01.27 19:23:38 sendEvent [8.16] [resp] [admin] [hideClock] [] [exception: stream_socket_client failed, errstr: Unable to find the socket transport "unix" - did you forget to enable it when you configured PHP?]
26.01.27 19:23:38 sendStatusDoc [warn] [sendEvent [8.16] [resp] [admin] [hideClock] [] [exception: stream_socket_client failed, errstr: Unable to find the socket transport "unix" - did you forget to enable it when you configured PHP?]]
26.01.27 19:40:24 sendEvent [8.16] [resp] [admin] [hideClock] [] [exception: stream_socket_client failed, errstr: Unable to find the socket transport "unix" - did you forget to enable it when you configured PHP?]
26.01.27 19:40:24 sendStatusDoc [warn] [sendEvent [8.16] [resp] [admin] [hideClock] [] [exception: stream_socket_client failed, errstr: Unable to find the socket transport "unix" - did you forget to enable it when you configured PHP?]]
26.01.27 19:40:58 sendEvent [8.16] [resp] [admin] [setReadyMessage] [msg_adtIntro1,msg_adtIntro2,dot,msg_adtReady,,adt] [exception: stream_socket_client failed, errstr: Unable to find the socket transport "unix" - did you forget to enable it when you configured PHP?]
26.01.27 19:40:58 sendStatusDoc [warn] [sendEvent [8.16] [resp] [admin] [setReadyMessage] [msg_adtIntro1,msg_adtIntro2,dot,msg_adtReady,,adt] [exception: stream_socket_client failed, errstr: Unable to find the socket transport "unix" - did you forget to enable it when you configured PHP?]]
26.01.27 19:40:59 sendEvent [8.16] [resp] [admin] [endTrials] [] [exception: stream_socket_client failed, errstr: Unable to find the socket transport "unix" - did you forget to enable it when you configured PHP?]
26.01.27 19:40:59 sendStatusDoc [warn] [sendEvent [8.16] [resp] [admin] [endTrials] [] [exception: stream_socket_client failed, errstr: Unable to find the socket transport "unix" - did you forget to enable it when you configured PHP?]]
26.01.27 19:41:00 sendEvent [8.16] [resp] [admin] [cancelTrial] [] [exception: stream_socket_client failed, errstr: Unable to find the socket transport "unix" - did you forget to enable it when you configured PHP?]
26.01.27 19:41:00 sendStatusDoc [warn] [sendEvent [8.16] [resp] [admin] [cancelTrial] [] [exception: stream_socket_client failed, errstr: Unable to find the socket transport "unix" - did you forget to enable it when you configured PHP?]]
26.01.27 19:42:10 sendEvent [8.16] [resp] [admin] [endTrials] [] [exception: stream_socket_client failed, errstr: Unable to find the socket transport "unix" - did you forget to enable it when you configured PHP?]
26.01.27 19:42:10 sendStatusDoc [warn] [sendEvent [8.16] [resp] [admin] [endTrials] [] [exception: stream_socket_client failed, errstr: Unable to find the socket transport "unix" - did you forget to enable it when you configured PHP?]]
26.01.27 19:42:11 sendEvent [8.16] [resp] [admin] [startMultiTrials] [adt,ppt,trial,0,1,1,1,4] [exception: stream_socket_client failed, errstr: Unable to find the socket transport "unix" - did you forget to enable it when you configured PHP?]
26.01.27 19:42:11 sendStatusDoc [warn] [sendEvent [8.16] [resp] [admin] [startMultiTrials] [adt,ppt,trial,0,1,1,1,4] [exception: stream_socket_client failed, errstr: Unable to find the socket transport "unix" - did you forget to enable it when you configured PHP?]]
26.01.27 19:42:25 sendEvent [8.16] [resp] [admin] [cancelTrial] [] [exception: stream_socket_client failed, errstr: Unable to find the socket transport "unix" - did you forget to enable it when you configured PHP?]
26.01.27 19:42:25 sendStatusDoc [warn] [sendEvent [8.16] [resp] [admin] [cancelTrial] [] [exception: stream_socket_client failed, errstr: Unable to find the socket transport "unix" - did you forget to enable it when you configured PHP?]]
26.01.27 19:42:25 sendEvent [8.16] [resp] [admin] [cancelTrial] [] [exception: stream_socket_client failed, errstr: Unable to find the socket transport "unix" - did you forget to enable it when you configured PHP?]
26.01.27 19:42:25 sendStatusDoc [warn] [sendEvent [8.16] [resp] [admin] [cancelTrial] [] [exception: stream_socket_client failed, errstr: Unable to find the socket transport "unix" - did you forget to enable it when you configured PHP?]]
26.01.27 19:42:26 sendEvent [8.16] [resp] [admin] [cancelTrial] [] [exception: stream_socket_client failed, errstr: Unable to find the socket transport "unix" - did you forget to enable it when you configured PHP?]
26.01.27 19:42:26 sendStatusDoc [warn] [sendEvent [8.16] [resp] [admin] [cancelTrial] [] [exception: stream_socket_client failed, errstr: Unable to find the socket transport "unix" - did you forget to enable it when you configured PHP?]]
26.01.27 19:45:02 sendEvent [8.16] [resp] [admin] [connect] [] [exception: stream_socket_client failed, errstr: Unable to find the socket transport "unix" - did you forget to enable it when you configured PHP?]
26.01.27 19:45:02 sendStatusDoc [warn] [sendEvent [8.16] [resp] [admin] [connect] [] [exception: stream_socket_client failed, errstr: Unable to find the socket transport "unix" - did you forget to enable it when you configured PHP?]]
26.01.27 19:45:02 sendEvent [8.16] [resp] [admin] [hideClock] [] [exception: stream_socket_client failed, errstr: Unable to find the socket transport "unix" - did you forget to enable it when you configured PHP?]
26.01.27 19:45:02 sendStatusDoc [warn] [sendEvent [8.16] [resp] [admin] [hideClock] [] [exception: stream_socket_client failed, errstr: Unable to find the socket transport "unix" - did you forget to enable it when you configured PHP?]]
26.01.27 19:45:02 sendEvent [8.16] [resp] [admin] [connect] [] [exception: stream_socket_client failed, errstr: Unable to find the socket transport "unix" - did you forget to enable it when you configured PHP?]
26.01.27 19:45:02 sendStatusDoc [warn] [sendEvent [8.16] [resp] [admin] [connect] [] [exception: stream_socket_client failed, errstr: Unable to find the socket transport "unix" - did you forget to enable it when you configured PHP?]]
26.01.27 19:45:02 sendEvent [8.16] [resp] [admin] [hideClock] [] [exception: stream_socket_client failed, errstr: Unable to find the socket transport "unix" - did you forget to enable it when you configured PHP?]
26.01.27 19:45:02 sendStatusDoc [warn] [sendEvent [8.16] [resp] [admin] [hideClock] [] [exception: stream_socket_client failed, errstr: Unable to find the socket transport "unix" - did you forget to enable it when you configured PHP?]]
26.01.27 19:45:02 sendEvent [8.16] [resp] [admin] [hideClock] [] [exception: stream_socket_client failed, errstr: Unable to find the socket transport "unix" - did you forget to enable it when you configured PHP?]
26.01.27 19:45:02 sendStatusDoc [warn] [sendEvent [8.16] [resp] [admin] [hideClock] [] [exception: stream_socket_client failed, errstr: Unable to find the socket transport "unix" - did you forget to enable it when you configured PHP?]]
26.01.27 19:45:03 sendEvent [8.16] [resp] [admin] [hideClock] [] [exception: stream_socket_client failed, errstr: Unable to find the socket transport "unix" - did you forget to enable it when you configured PHP?]
26.01.27 19:45:03 sendStatusDoc [warn] [sendEvent [8.16] [resp] [admin] [hideClock] [] [exception: stream_socket_client failed, errstr: Unable to find the socket transport "unix" - did you forget to enable it when you configured PHP?]]
26.01.27 19:45:17 sendEvent [8.16] [resp] [admin] [flipClock] [1,Santiago_Morales,2007,1,1] [exception: stream_socket_client failed, errstr: Unable to find the socket transport "unix" - did you forget to enable it when you configured PHP?]
26.01.27 19:45:17 sendStatusDoc [warn] [sendEvent [8.16] [resp] [admin] [flipClock] [1,Santiago_Morales,2007,1,1] [exception: stream_socket_client failed, errstr: Unable to find the socket transport "unix" - did you forget to enable it when you configured PHP?]]
26.01.27 19:45:51 sendEvent [8.16] [resp] [admin] [setReadyMessage] [msg_adtIntro1,msg_adtIntro2,dot,msg_adtReady,,adt] [exception: stream_socket_client failed, errstr: Unable to find the socket transport "unix" - did you forget to enable it when you configured PHP?]
26.01.27 19:45:51 sendStatusDoc [warn] [sendEvent [8.16] [resp] [admin] [setReadyMessage] [msg_adtIntro1,msg_adtIntro2,dot,msg_adtReady,,adt] [exception: stream_socket_client failed, errstr: Unable to find the socket transport "unix" - did you forget to enable it when you configured PHP?]]
26.01.27 19:45:51 sendEvent [8.16] [resp] [admin] [endTrials] [] [exception: stream_socket_client failed, errstr: Unable to find the socket transport "unix" - did you forget to enable it when you configured PHP?]
26.01.27 19:45:51 sendStatusDoc [warn] [sendEvent [8.16] [resp] [admin] [endTrials] [] [exception: stream_socket_client failed, errstr: Unable to find the socket transport "unix" - did you forget to enable it when you configured PHP?]]
26.01.27 19:45:51 sendEvent [8.16] [resp] [admin] [cancelTrial] [] [exception: stream_socket_client failed, errstr: Unable to find the socket transport "unix" - did you forget to enable it when you configured PHP?]
26.01.27 19:45:51 sendStatusDoc [warn] [sendEvent [8.16] [resp] [admin] [cancelTrial] [] [exception: stream_socket_client failed, errstr: Unable to find the socket transport "unix" - did you forget to enable it when you configured PHP?]]
26.01.27 20:01:02 sendEvent [8.16] [cntr] [admin] [goodbye] [] [exception: stream_socket_client failed, errstr: Unable to find the socket transport "unix" - did you forget to enable it when you configured PHP?]
26.01.27 20:01:02 sendStatusDoc [warn] [sendEvent [8.16] [cntr] [admin] [goodbye] [] [exception: stream_socket_client failed, errstr: Unable to find the socket transport "unix" - did you forget to enable it when you configured PHP?]]
26.01.27 20:01:05 sendEvent [8.16] [resp] [admin] [hideClock] [] [exception: stream_socket_client failed, errstr: Unable to find the socket transport "unix" - did you forget to enable it when you configured PHP?]
26.01.27 20:01:05 sendStatusDoc [warn] [sendEvent [8.16] [resp] [admin] [hideClock] [] [exception: stream_socket_client failed, errstr: Unable to find the socket transport "unix" - did you forget to enable it when you configured PHP?]]
26.01.27 21:31:55 sendEvent [8.16] [resp] [admin] [hideClock] [] [exception: stream_socket_client failed, errstr: Unable to find the socket transport "unix" - did you forget to enable it when you configured PHP?]
26.01.27 21:31:55 sendStatusDoc [warn] [sendEvent [8.16] [resp] [admin] [hideClock] [] [exception: stream_socket_client failed, errstr: Unable to find the socket transport "unix" - did you forget to enable it when you configured PHP?]]
26.01.27 21:34:11 sendEvent [8.16] [resp] [admin] [hideClock] [] [exception: stream_socket_client failed, errstr: Unable to find the socket transport "unix" - did you forget to enable it when you configured PHP?]
26.01.27 21:34:11 sendStatusDoc [warn] [sendEvent [8.16] [resp] [admin] [hideClock] [] [exception: stream_socket_client failed, errstr: Unable to find the socket transport "unix" - did you forget to enable it when you configured PHP?]]
26.01.27 21:34:51 sendEvent [8.16] [resp] [admin] [flipClock] [1,Santiago_Morales,2007,1,1] [exception: stream_socket_client failed, errstr: Unable to find the socket transport "unix" - did you forget to enable it when you configured PHP?]
26.01.27 21:34:51 sendStatusDoc [warn] [sendEvent [8.16] [resp] [admin] [flipClock] [1,Santiago_Morales,2007,1,1] [exception: stream_socket_client failed, errstr: Unable to find the socket transport "unix" - did you forget to enable it when you configured PHP?]]
26.01.27 21:38:32 sendEvent [8.16] [resp] [admin] [hideClock] [] [exception: stream_socket_client failed, errstr: Unable to find the socket transport "unix" - did you forget to enable it when you configured PHP?]
26.01.27 21:38:32 sendStatusDoc [warn] [sendEvent [8.16] [resp] [admin] [hideClock] [] [exception: stream_socket_client failed, errstr: Unable to find the socket transport "unix" - did you forget to enable it when you configured PHP?]]
26.01.27 21:38:49 sendEvent [8.16] [resp] [admin] [setReadyMessage] [msg_adtIntro1,msg_adtIntro2,dot,msg_adtReady,,adt] [exception: stream_socket_client failed, errstr: Unable to find the socket transport "unix" - did you forget to enable it when you configured PHP?]
26.01.27 21:38:49 sendStatusDoc [warn] [sendEvent [8.16] [resp] [admin] [setReadyMessage] [msg_adtIntro1,msg_adtIntro2,dot,msg_adtReady,,adt] [exception: stream_socket_client failed, errstr: Unable to find the socket transport "unix" - did you forget to enable it when you configured PHP?]]
26.01.27 21:38:50 sendEvent [8.16] [resp] [admin] [startMultiTrials] [adt,ppt,trial,0,1,1,1,4] [exception: stream_socket_client failed, errstr: Unable to find the socket transport "unix" - did you forget to enable it when you configured PHP?]
26.01.27 21:38:50 sendStatusDoc [warn] [sendEvent [8.16] [resp] [admin] [startMultiTrials] [adt,ppt,trial,0,1,1,1,4] [exception: stream_socket_client failed, errstr: Unable to find the socket transport "unix" - did you forget to enable it when you configured PHP?]]
26.01.27 21:38:53 sendEvent [8.16] [resp] [admin] [endTrials] [] [exception: stream_socket_client failed, errstr: Unable to find the socket transport "unix" - did you forget to enable it when you configured PHP?]
26.01.27 21:38:53 sendStatusDoc [warn] [sendEvent [8.16] [resp] [admin] [endTrials] [] [exception: stream_socket_client failed, errstr: Unable to find the socket transport "unix" - did you forget to enable it when you configured PHP?]]
26.01.27 21:40:32 sendEvent [8.16] [resp] [admin] [cancelTrial] [] [exception: stream_socket_client failed, errstr: Unable to find the socket transport "unix" - did you forget to enable it when you configured PHP?]
26.01.27 21:40:32 sendStatusDoc [warn] [sendEvent [8.16] [resp] [admin] [cancelTrial] [] [exception: stream_socket_client failed, errstr: Unable to find the socket transport "unix" - did you forget to enable it when you configured PHP?]]
26.01.27 21:40:32 sendEvent [8.16] [resp] [admin] [cancelTrial] [] [exception: stream_socket_client failed, errstr: Unable to find the socket transport "unix" - did you forget to enable it when you configured PHP?]
26.01.27 21:40:32 sendStatusDoc [warn] [sendEvent [8.16] [resp] [admin] [cancelTrial] [] [exception: stream_socket_client failed, errstr: Unable to find the socket transport "unix" - did you forget to enable it when you configured PHP?]]
26.01.27 21:40:32 sendEvent [8.16] [resp] [admin] [cancelTrial] [] [exception: stream_socket_client failed, errstr: Unable to find the socket transport "unix" - did you forget to enable it when you configured PHP?]
26.01.27 21:40:32 sendStatusDoc [warn] [sendEvent [8.16] [resp] [admin] [cancelTrial] [] [exception: stream_socket_client failed, errstr: Unable to find the socket transport "unix" - did you forget to enable it when you configured PHP?]]
26.01.27 21:40:32 sendEvent [8.16] [resp] [admin] [cancelTrial] [] [exception: stream_socket_client failed, errstr: Unable to find the socket transport "unix" - did you forget to enable it when you configured PHP?]
26.01.27 21:40:32 sendStatusDoc [warn] [sendEvent [8.16] [resp] [admin] [cancelTrial] [] [exception: stream_socket_client failed, errstr: Unable to find the socket transport "unix" - did you forget to enable it when you configured PHP?]]
26.01.27 21:42:41 sendEvent [8.16] [resp] [admin] [hideClock] [] [exception: stream_socket_client failed, errstr: Unable to find the socket transport "unix" - did you forget to enable it when you configured PHP?]
26.01.27 21:42:41 sendStatusDoc [warn] [sendEvent [8.16] [resp] [admin] [hideClock] [] [exception: stream_socket_client failed, errstr: Unable to find the socket transport "unix" - did you forget to enable it when you configured PHP?]]
26.01.27 21:46:00 sendEvent [8.16] [resp] [admin] [hideClock] [] [exception: stream_socket_client failed, errstr: Unable to find the socket transport "unix" - did you forget to enable it when you configured PHP?]
26.01.27 21:46:00 sendStatusDoc [warn] [sendEvent [8.16] [resp] [admin] [hideClock] [] [exception: stream_socket_client failed, errstr: Unable to find the socket transport "unix" - did you forget to enable it when you configured PHP?]]
26.01.27 21:48:37 sendEvent [8.16] [resp] [admin] [hideClock] [] [exception: stream_socket_client failed, errstr: Unable to find the socket transport "unix" - did you forget to enable it when you configured PHP?]
26.01.27 21:48:37 sendStatusDoc [warn] [sendEvent [8.16] [resp] [admin] [hideClock] [] [exception: stream_socket_client failed, errstr: Unable to find the socket transport "unix" - did you forget to enable it when you configured PHP?]]
26.01.27 21:51:36 sendEvent [8.16] [resp] [admin] [hideClock] [] [exception: stream_socket_client failed, errstr: Unable to find the socket transport "unix" - did you forget to enable it when you configured PHP?]
26.01.27 21:51:36 sendStatusDoc [warn] [sendEvent [8.16] [resp] [admin] [hideClock] [] [exception: stream_socket_client failed, errstr: Unable to find the socket transport "unix" - did you forget to enable it when you configured PHP?]]
26.02.03 17:50:36 sendEvent [8.16] [resp] [admin] [hideClock] [] [exception: stream_socket_client failed, errstr: Unable to find the socket transport "unix" - did you forget to enable it when you configured PHP?]
26.02.03 17:50:36 sendStatusDoc [warn] [sendEvent [8.16] [resp] [admin] [hideClock] [] [exception: stream_socket_client failed, errstr: Unable to find the socket transport "unix" - did you forget to enable it when you configured PHP?]]
26.02.03 17:50:36 sendEvent [8.16] [resp] [admin] [touchGame] [] [exception: stream_socket_client failed, errstr: Unable to find the socket transport "unix" - did you forget to enable it when you configured PHP?]
26.02.03 17:50:36 sendStatusDoc [warn] [sendEvent [8.16] [resp] [admin] [touchGame] [] [exception: stream_socket_client failed, errstr: Unable to find the socket transport "unix" - did you forget to enable it when you configured PHP?]]
26.02.03 17:50:36 sendEvent [8.16] [resp] [admin] [startGame] [snowflake] [exception: stream_socket_client failed, errstr: Unable to find the socket transport "unix" - did you forget to enable it when you configured PHP?]
26.02.03 17:50:36 sendStatusDoc [warn] [sendEvent [8.16] [resp] [admin] [startGame] [snowflake] [exception: stream_socket_client failed, errstr: Unable to find the socket transport "unix" - did you forget to enable it when you configured PHP?]]
26.02.03 17:50:36 sendEvent [8.16] [resp] [admin] [startGame] [bubble] [exception: stream_socket_client failed, errstr: Unable to find the socket transport "unix" - did you forget to enable it when you configured PHP?]
26.02.03 17:50:36 sendStatusDoc [warn] [sendEvent [8.16] [resp] [admin] [startGame] [bubble] [exception: stream_socket_client failed, errstr: Unable to find the socket transport "unix" - did you forget to enable it when you configured PHP?]]
26.02.03 17:50:36 sendEvent [8.16] [resp] [admin] [startGame] [frog] [exception: stream_socket_client failed, errstr: Unable to find the socket transport "unix" - did you forget to enable it when you configured PHP?]
26.02.03 17:50:36 sendStatusDoc [warn] [sendEvent [8.16] [resp] [admin] [startGame] [frog] [exception: stream_socket_client failed, errstr: Unable to find the socket transport "unix" - did you forget to enable it when you configured PHP?]]
26.02.03 17:50:36 sendEvent [8.16] [resp] [admin] [touchGame] [] [exception: stream_socket_client failed, errstr: Unable to find the socket transport "unix" - did you forget to enable it when you configured PHP?]
26.02.03 17:50:36 sendStatusDoc [warn] [sendEvent [8.16] [resp] [admin] [touchGame] [] [exception: stream_socket_client failed, errstr: Unable to find the socket transport "unix" - did you forget to enable it when you configured PHP?]]
26.02.03 17:50:36 sendEvent [8.16] [resp] [admin] [touchGame] [] [exception: stream_socket_client failed, errstr: Unable to find the socket transport "unix" - did you forget to enable it when you configured PHP?]
26.02.03 17:50:36 sendStatusDoc [warn] [sendEvent [8.16] [resp] [admin] [touchGame] [] [exception: stream_socket_client failed, errstr: Unable to find the socket transport "unix" - did you forget to enable it when you configured PHP?]]
26.02.03 17:50:36 sendEvent [8.16] [resp] [admin] [touchGame] [] [exception: stream_socket_client failed, errstr: Unable to find the socket transport "unix" - did you forget to enable it when you configured PHP?]
26.02.03 17:50:36 sendStatusDoc [warn] [sendEvent [8.16] [resp] [admin] [touchGame] [] [exception: stream_socket_client failed, errstr: Unable to find the socket transport "unix" - did you forget to enable it when you configured PHP?]]
26.02.03 17:50:36 sendEvent [8.16] [resp] [admin] [touchGame] [] [exception: stream_socket_client failed, errstr: Unable to find the socket transport "unix" - did you forget to enable it when you configured PHP?]
26.02.03 17:50:36 sendStatusDoc [warn] [sendEvent [8.16] [resp] [admin] [touchGame] [] [exception: stream_socket_client failed, errstr: Unable to find the socket transport "unix" - did you forget to enable it when you configured PHP?]]
26.02.03 17:50:36 sendEvent [8.16] [resp] [admin] [touchGame] [] [exception: stream_socket_client failed, errstr: Unable to find the socket transport "unix" - did you forget to enable it when you configured PHP?]
26.02.03 17:50:36 sendStatusDoc [warn] [sendEvent [8.16] [resp] [admin] [touchGame] [] [exception: stream_socket_client failed, errstr: Unable to find the socket transport "unix" - did you forget to enable it when you configured PHP?]]
26.02.03 17:50:37 sendEvent [8.16] [resp] [admin] [startGame] [bfly] [exception: stream_socket_client failed, errstr: Unable to find the socket transport "unix" - did you forget to enable it when you configured PHP?]
26.02.03 17:50:37 sendStatusDoc [warn] [sendEvent [8.16] [resp] [admin] [startGame] [bfly] [exception: stream_socket_client failed, errstr: Unable to find the socket transport "unix" - did you forget to enable it when you configured PHP?]]
26.02.03 17:50:37 sendEvent [8.16] [cntr] [admin] [goodbye] [] [exception: stream_socket_client failed, errstr: Unable to find the socket transport "unix" - did you forget to enable it when you configured PHP?]
26.02.03 17:50:37 sendStatusDoc [warn] [sendEvent [8.16] [cntr] [admin] [goodbye] [] [exception: stream_socket_client failed, errstr: Unable to find the socket transport "unix" - did you forget to enable it when you configured PHP?]]
26.02.03 17:50:45 sendEvent [8.16] [resp] [admin] [hideClock] [] [exception: stream_socket_client failed, errstr: Unable to find the socket transport "unix" - did you forget to enable it when you configured PHP?]
26.02.03 17:50:45 sendStatusDoc [warn] [sendEvent [8.16] [resp] [admin] [hideClock] [] [exception: stream_socket_client failed, errstr: Unable to find the socket transport "unix" - did you forget to enable it when you configured PHP?]]
26.02.03 17:51:06 sendEvent [8.16] [resp] [admin] [setReadyMessage] [msg_adtIntro1,msg_adtIntro2,dot,msg_adtReady,,adt] [exception: stream_socket_client failed, errstr: Unable to find the socket transport "unix" - did you forget to enable it when you configured PHP?]
26.02.03 17:51:06 sendStatusDoc [warn] [sendEvent [8.16] [resp] [admin] [setReadyMessage] [msg_adtIntro1,msg_adtIntro2,dot,msg_adtReady,,adt] [exception: stream_socket_client failed, errstr: Unable to find the socket transport "unix" - did you forget to enable it when you configured PHP?]]
26.02.03 17:56:22 sendEvent [8.16] [resp] [admin] [connect] [] [exception: stream_socket_client failed, errstr: Unable to find the socket transport "unix" - did you forget to enable it when you configured PHP?]
26.02.03 17:56:22 sendStatusDoc [warn] [sendEvent [8.16] [resp] [admin] [connect] [] [exception: stream_socket_client failed, errstr: Unable to find the socket transport "unix" - did you forget to enable it when you configured PHP?]]
26.02.03 18:01:11 sendEvent [8.16] [resp] [admin] [connect] [] [exception: stream_socket_client failed, errstr: Unable to find the socket transport "unix" - did you forget to enable it when you configured PHP?]
26.02.03 18:01:11 sendStatusDoc [warn] [sendEvent [8.16] [resp] [admin] [connect] [] [exception: stream_socket_client failed, errstr: Unable to find the socket transport "unix" - did you forget to enable it when you configured PHP?]]
26.02.03 18:01:11 sendEvent [8.16] [resp] [admin] [hideClock] [] [exception: stream_socket_client failed, errstr: Unable to find the socket transport "unix" - did you forget to enable it when you configured PHP?]
26.02.03 18:01:11 sendStatusDoc [warn] [sendEvent [8.16] [resp] [admin] [hideClock] [] [exception: stream_socket_client failed, errstr: Unable to find the socket transport "unix" - did you forget to enable it when you configured PHP?]]
26.02.03 18:01:11 sendEvent [8.16] [resp] [admin] [touchGame] [] [exception: stream_socket_client failed, errstr: Unable to find the socket transport "unix" - did you forget to enable it when you configured PHP?]
26.02.03 18:01:11 sendStatusDoc [warn] [sendEvent [8.16] [resp] [admin] [touchGame] [] [exception: stream_socket_client failed, errstr: Unable to find the socket transport "unix" - did you forget to enable it when you configured PHP?]]
26.02.03 18:05:33 sendEvent [8.16] [resp] [admin] [disconnect] [] [exception: stream_socket_client failed, errstr: Unable to find the socket transport "unix" - did you forget to enable it when you configured PHP?]
26.02.03 18:05:33 sendStatusDoc [warn] [sendEvent [8.16] [resp] [admin] [disconnect] [] [exception: stream_socket_client failed, errstr: Unable to find the socket transport "unix" - did you forget to enable it when you configured PHP?]]
26.02.03 18:05:34 sendEvent [8.16] [resp] [admin] [disconnect] [] [exception: stream_socket_client failed, errstr: Unable to find the socket transport "unix" - did you forget to enable it when you configured PHP?]
26.02.03 18:05:34 sendStatusDoc [warn] [sendEvent [8.16] [resp] [admin] [disconnect] [] [exception: stream_socket_client failed, errstr: Unable to find the socket transport "unix" - did you forget to enable it when you configured PHP?]]
26.02.03 18:21:58 sendEvent [8.16] [resp] [admin] [connect] [] [exception: stream_socket_client failed, errstr: Unable to find the socket transport "unix" - did you forget to enable it when you configured PHP?]
26.02.03 18:21:58 sendStatusDoc [warn] [sendEvent [8.16] [resp] [admin] [connect] [] [exception: stream_socket_client failed, errstr: Unable to find the socket transport "unix" - did you forget to enable it when you configured PHP?]]
26.02.03 18:21:58 sendEvent [8.16] [resp] [admin] [hideClock] [] [exception: stream_socket_client failed, errstr: Unable to find the socket transport "unix" - did you forget to enable it when you configured PHP?]
26.02.03 18:21:58 sendStatusDoc [warn] [sendEvent [8.16] [resp] [admin] [hideClock] [] [exception: stream_socket_client failed, errstr: Unable to find the socket transport "unix" - did you forget to enable it when you configured PHP?]]
26.02.03 18:28:04 sendEvent [8.16] [cntr] [admin] [connected] [0,0] [exception: stream_socket_client failed, errstr: Unable to find the socket transport "unix" - did you forget to enable it when you configured PHP?]
26.02.03 18:28:04 sendStatusDoc [warn] [sendEvent [8.16] [cntr] [admin] [connected] [0,0] [exception: stream_socket_client failed, errstr: Unable to find the socket transport "unix" - did you forget to enable it when you configured PHP?]]
26.02.03 18:28:04 sendEvent [8.16] [resp] [admin] [goodbye] [] [exception: stream_socket_client failed, errstr: Unable to find the socket transport "unix" - did you forget to enable it when you configured PHP?]
26.02.03 18:28:04 sendStatusDoc [warn] [sendEvent [8.16] [resp] [admin] [goodbye] [] [exception: stream_socket_client failed, errstr: Unable to find the socket transport "unix" - did you forget to enable it when you configured PHP?]]
26.02.03 18:28:04 sendEvent [8.16] [cntr] [admin] [connected] [0,0] [exception: stream_socket_client failed, errstr: Unable to find the socket transport "unix" - did you forget to enable it when you configured PHP?]
26.02.03 18:28:04 sendStatusDoc [warn] [sendEvent [8.16] [cntr] [admin] [connected] [0,0] [exception: stream_socket_client failed, errstr: Unable to find the socket transport "unix" - did you forget to enable it when you configured PHP?]]
26.02.03 18:28:04 sendEvent [8.16] [cntr] [admin] [connected] [0,0] [exception: stream_socket_client failed, errstr: Unable to find the socket transport "unix" - did you forget to enable it when you configured PHP?]
26.02.03 18:28:04 sendStatusDoc [warn] [sendEvent [8.16] [cntr] [admin] [connected] [0,0] [exception: stream_socket_client failed, errstr: Unable to find the socket transport "unix" - did you forget to enable it when you configured PHP?]]
26.02.03 19:21:21 sendEvent [8.16] [resp] [admin] [hideClock] [] [exception: stream_socket_client failed, errstr: Unable to find the socket transport "unix" - did you forget to enable it when you configured PHP?]
26.02.03 19:21:21 sendStatusDoc [warn] [sendEvent [8.16] [resp] [admin] [hideClock] [] [exception: stream_socket_client failed, errstr: Unable to find the socket transport "unix" - did you forget to enable it when you configured PHP?]]
26.02.03 19:43:34 sendEvent [8.16] [resp] [admin] [connect] [] [exception: stream_socket_client failed, errstr: Unable to find the socket transport "unix" - did you forget to enable it when you configured PHP?]
26.02.03 19:43:34 sendStatusDoc [warn] [sendEvent [8.16] [resp] [admin] [connect] [] [exception: stream_socket_client failed, errstr: Unable to find the socket transport "unix" - did you forget to enable it when you configured PHP?]]
26.02.03 19:43:34 sendEvent [8.16] [resp] [admin] [connect] [] [exception: stream_socket_client failed, errstr: Unable to find the socket transport "unix" - did you forget to enable it when you configured PHP?]
26.02.03 19:43:34 sendStatusDoc [warn] [sendEvent [8.16] [resp] [admin] [connect] [] [exception: stream_socket_client failed, errstr: Unable to find the socket transport "unix" - did you forget to enable it when you configured PHP?]]
26.02.03 19:43:34 sendEvent [8.16] [resp] [admin] [hideClock] [] [exception: stream_socket_client failed, errstr: Unable to find the socket transport "unix" - did you forget to enable it when you configured PHP?]
26.02.03 19:43:34 sendStatusDoc [warn] [sendEvent [8.16] [resp] [admin] [hideClock] [] [exception: stream_socket_client failed, errstr: Unable to find the socket transport "unix" - did you forget to enable it when you configured PHP?]]
26.02.03 19:43:34 sendEvent [8.16] [resp] [admin] [disconnect] [] [exception: stream_socket_client failed, errstr: Unable to find the socket transport "unix" - did you forget to enable it when you configured PHP?]
26.02.03 19:43:34 sendStatusDoc [warn] [sendEvent [8.16] [resp] [admin] [disconnect] [] [exception: stream_socket_client failed, errstr: Unable to find the socket transport "unix" - did you forget to enable it when you configured PHP?]]
26.02.03 19:43:34 sendEvent [8.16] [resp] [admin] [hideClock] [] [exception: stream_socket_client failed, errstr: Unable to find the socket transport "unix" - did you forget to enable it when you configured PHP?]
26.02.03 19:43:34 sendStatusDoc [warn] [sendEvent [8.16] [resp] [admin] [hideClock] [] [exception: stream_socket_client failed, errstr: Unable to find the socket transport "unix" - did you forget to enable it when you configured PHP?]]
26.02.03 19:43:34 sendEvent [8.16] [resp] [admin] [disconnect] [] [exception: stream_socket_client failed, errstr: Unable to find the socket transport "unix" - did you forget to enable it when you configured PHP?]
26.02.03 19:43:34 sendStatusDoc [warn] [sendEvent [8.16] [resp] [admin] [disconnect] [] [exception: stream_socket_client failed, errstr: Unable to find the socket transport "unix" - did you forget to enable it when you configured PHP?]]
26.02.03 19:43:35 sendEvent [8.16] [resp] [admin] [disconnect] [] [exception: stream_socket_client failed, errstr: Unable to find the socket transport "unix" - did you forget to enable it when you configured PHP?]
26.02.03 19:43:35 sendStatusDoc [warn] [sendEvent [8.16] [resp] [admin] [disconnect] [] [exception: stream_socket_client failed, errstr: Unable to find the socket transport "unix" - did you forget to enable it when you configured PHP?]]
26.02.03 19:44:00 sendEvent [8.16] [resp] [admin] [setReadyMessage] [msg_adtIntro1,msg_adtIntro2,dot,msg_adtReady,,adt] [exception: stream_socket_client failed, errstr: Unable to find the socket transport "unix" - did you forget to enable it when you configured PHP?]
26.02.03 19:44:00 sendStatusDoc [warn] [sendEvent [8.16] [resp] [admin] [setReadyMessage] [msg_adtIntro1,msg_adtIntro2,dot,msg_adtReady,,adt] [exception: stream_socket_client failed, errstr: Unable to find the socket transport "unix" - did you forget to enable it when you configured PHP?]]
26.02.03 20:17:29 sendEvent [8.18] [resp] [admin] [hideClock] [] [exception: stream_socket_client failed, errstr: Unable to find the socket transport "unix" - did you forget to enable it when you configured PHP?]
26.02.03 20:17:29 sendStatusDoc [warn] [sendEvent [8.18] [resp] [admin] [hideClock] [] [exception: stream_socket_client failed, errstr: Unable to find the socket transport "unix" - did you forget to enable it when you configured PHP?]]
26.02.03 20:34:12 sendEvent [8.18] [resp] [admin] [hideClock] [] [exception: stream_socket_client failed, errstr: Unable to find the socket transport "unix" - did you forget to enable it when you configured PHP?]
26.02.03 20:34:12 sendStatusDoc [warn] [sendEvent [8.18] [resp] [admin] [hideClock] [] [exception: stream_socket_client failed, errstr: Unable to find the socket transport "unix" - did you forget to enable it when you configured PHP?]]
26.02.03 20:36:06 sendEvent [8.18] [resp] [admin] [disconnect] [] [exception: stream_socket_client failed, errstr: Unable to find the socket transport "unix" - did you forget to enable it when you configured PHP?]
26.02.03 20:36:06 sendStatusDoc [warn] [sendEvent [8.18] [resp] [admin] [disconnect] [] [exception: stream_socket_client failed, errstr: Unable to find the socket transport "unix" - did you forget to enable it when you configured PHP?]]
26.02.03 20:36:07 sendEvent [8.18] [cntr] [admin] [goodbye] [] [exception: stream_socket_client failed, errstr: Unable to find the socket transport "unix" - did you forget to enable it when you configured PHP?]
26.02.03 20:36:07 sendStatusDoc [warn] [sendEvent [8.18] [cntr] [admin] [goodbye] [] [exception: stream_socket_client failed, errstr: Unable to find the socket transport "unix" - did you forget to enable it when you configured PHP?]]
26.02.03 20:38:50 sendEvent [8.18] [resp] [admin] [hideClock] [] [exception: stream_socket_client failed, errstr: Unable to find the socket transport "unix" - did you forget to enable it when you configured PHP?]
26.02.03 20:38:50 sendStatusDoc [warn] [sendEvent [8.18] [resp] [admin] [hideClock] [] [exception: stream_socket_client failed, errstr: Unable to find the socket transport "unix" - did you forget to enable it when you configured PHP?]]
26.02.03 20:58:54 sendEvent [8.19] [resp] [admin] [hideClock] [] [exception: stream_socket_client failed, errstr: Unable to find the socket transport "unix" - did you forget to enable it when you configured PHP?]
26.02.03 20:58:54 sendStatusDoc [warn] [sendEvent [8.19] [resp] [admin] [hideClock] [] [exception: stream_socket_client failed, errstr: Unable to find the socket transport "unix" - did you forget to enable it when you configured PHP?]]
26.02.03 20:59:14 sendEvent [8.19] [resp] [admin] [setReadyMessage] [msg_adtIntro1,msg_adtIntro2,dot,msg_adtReady,,adt] [exception: stream_socket_client failed, errstr: Unable to find the socket transport "unix" - did you forget to enable it when you configured PHP?]
26.02.03 20:59:14 sendStatusDoc [warn] [sendEvent [8.19] [resp] [admin] [setReadyMessage] [msg_adtIntro1,msg_adtIntro2,dot,msg_adtReady,,adt] [exception: stream_socket_client failed, errstr: Unable to find the socket transport "unix" - did you forget to enable it when you configured PHP?]]
26.02.03 20:59:23 sendEvent [8.19] [resp] [admin] [startMultiTrials] [adt,ppt,trial,0,1,2,1,4] [exception: stream_socket_client failed, errstr: Unable to find the socket transport "unix" - did you forget to enable it when you configured PHP?]
26.02.03 20:59:23 sendStatusDoc [warn] [sendEvent [8.19] [resp] [admin] [startMultiTrials] [adt,ppt,trial,0,1,2,1,4] [exception: stream_socket_client failed, errstr: Unable to find the socket transport "unix" - did you forget to enable it when you configured PHP?]]
26.02.03 20:59:29 sendEvent [8.19] [resp] [admin] [cancelTrial] [] [exception: stream_socket_client failed, errstr: Unable to find the socket transport "unix" - did you forget to enable it when you configured PHP?]
26.02.03 20:59:29 sendStatusDoc [warn] [sendEvent [8.19] [resp] [admin] [cancelTrial] [] [exception: stream_socket_client failed, errstr: Unable to find the socket transport "unix" - did you forget to enable it when you configured PHP?]]
26.02.03 20:59:30 sendEvent [8.19] [resp] [admin] [cancelTrial] [] [exception: stream_socket_client failed, errstr: Unable to find the socket transport "unix" - did you forget to enable it when you configured PHP?]
26.02.03 20:59:30 sendStatusDoc [warn] [sendEvent [8.19] [resp] [admin] [cancelTrial] [] [exception: stream_socket_client failed, errstr: Unable to find the socket transport "unix" - did you forget to enable it when you configured PHP?]]
26.02.03 21:00:49 sendEvent [8.19] [resp] [admin] [endTrials] [] [exception: stream_socket_client failed, errstr: Unable to find the socket transport "unix" - did you forget to enable it when you configured PHP?]
26.02.03 21:00:49 sendStatusDoc [warn] [sendEvent [8.19] [resp] [admin] [endTrials] [] [exception: stream_socket_client failed, errstr: Unable to find the socket transport "unix" - did you forget to enable it when you configured PHP?]]
26.02.03 21:00:50 sendEvent [8.19] [resp] [admin] [endTrials] [] [exception: stream_socket_client failed, errstr: Unable to find the socket transport "unix" - did you forget to enable it when you configured PHP?]
26.02.03 21:00:50 sendStatusDoc [warn] [sendEvent [8.19] [resp] [admin] [endTrials] [] [exception: stream_socket_client failed, errstr: Unable to find the socket transport "unix" - did you forget to enable it when you configured PHP?]]
26.02.04 19:47:23 sendEvent [8.19] [resp] [admin] [hideClock] [] [exception: stream_socket_client failed, errstr: Unable to find the socket transport "unix" - did you forget to enable it when you configured PHP?]
26.02.04 19:47:23 sendStatusDoc [warn] [sendEvent [8.19] [resp] [admin] [hideClock] [] [exception: stream_socket_client failed, errstr: Unable to find the socket transport "unix" - did you forget to enable it when you configured PHP?]]
26.02.04 19:47:33 sendEvent [8.19] [resp] [admin] [setReadyMessage] [msg_adtIntro1,msg_adtIntro2,dot,msg_adtReady,,adt] [exception: stream_socket_client failed, errstr: Unable to find the socket transport "unix" - did you forget to enable it when you configured PHP?]
26.02.04 19:47:33 sendStatusDoc [warn] [sendEvent [8.19] [resp] [admin] [setReadyMessage] [msg_adtIntro1,msg_adtIntro2,dot,msg_adtReady,,adt] [exception: stream_socket_client failed, errstr: Unable to find the socket transport "unix" - did you forget to enable it when you configured PHP?]]
26.02.04 19:48:47 sendEvent [8.19] [resp] [admin] [endTrials] [] [exception: stream_socket_client failed, errstr: Unable to find the socket transport "unix" - did you forget to enable it when you configured PHP?]
26.02.04 19:48:47 sendStatusDoc [warn] [sendEvent [8.19] [resp] [admin] [endTrials] [] [exception: stream_socket_client failed, errstr: Unable to find the socket transport "unix" - did you forget to enable it when you configured PHP?]]
26.02.04 19:48:48 sendEvent [8.19] [resp] [admin] [endTrials] [] [exception: stream_socket_client failed, errstr: Unable to find the socket transport "unix" - did you forget to enable it when you configured PHP?]
26.02.04 19:48:48 sendStatusDoc [warn] [sendEvent [8.19] [resp] [admin] [endTrials] [] [exception: stream_socket_client failed, errstr: Unable to find the socket transport "unix" - did you forget to enable it when you configured PHP?]]
26.02.04 19:53:28 sendEvent [8.19] [cntr] [admin] [connected] [0,0] [exception: stream_socket_client failed, errstr: Unable to find the socket transport "unix" - did you forget to enable it when you configured PHP?]
26.02.04 19:53:28 sendStatusDoc [warn] [sendEvent [8.19] [cntr] [admin] [connected] [0,0] [exception: stream_socket_client failed, errstr: Unable to find the socket transport "unix" - did you forget to enable it when you configured PHP?]]
26.02.04 19:53:28 sendEvent [8.19] [cntr] [admin] [trialCancelled] [] [exception: stream_socket_client failed, errstr: Unable to find the socket transport "unix" - did you forget to enable it when you configured PHP?]
26.02.04 19:53:28 sendStatusDoc [warn] [sendEvent [8.19] [cntr] [admin] [trialCancelled] [] [exception: stream_socket_client failed, errstr: Unable to find the socket transport "unix" - did you forget to enable it when you configured PHP?]]
26.02.04 19:53:28 sendEvent [8.19] [cntr] [admin] [trialsEnded] [] [exception: stream_socket_client failed, errstr: Unable to find the socket transport "unix" - did you forget to enable it when you configured PHP?]
26.02.04 19:53:28 sendStatusDoc [warn] [sendEvent [8.19] [cntr] [admin] [trialsEnded] [] [exception: stream_socket_client failed, errstr: Unable to find the socket transport "unix" - did you forget to enable it when you configured PHP?]]
26.02.04 19:53:29 sendEvent [8.19] [cntr] [admin] [connected] [0,0] [exception: stream_socket_client failed, errstr: Unable to find the socket transport "unix" - did you forget to enable it when you configured PHP?]
26.02.04 19:53:29 sendStatusDoc [warn] [sendEvent [8.19] [cntr] [admin] [connected] [0,0] [exception: stream_socket_client failed, errstr: Unable to find the socket transport "unix" - did you forget to enable it when you configured PHP?]]
26.02.04 19:53:29 sendEvent [8.19] [cntr] [admin] [trialCancelled] [] [exception: stream_socket_client failed, errstr: Unable to find the socket transport "unix" - did you forget to enable it when you configured PHP?]
26.02.04 19:53:29 sendStatusDoc [warn] [sendEvent [8.19] [cntr] [admin] [trialCancelled] [] [exception: stream_socket_client failed, errstr: Unable to find the socket transport "unix" - did you forget to enable it when you configured PHP?]]
26.02.04 19:53:29 sendEvent [8.19] [cntr] [admin] [trialsEnded] [] [exception: stream_socket_client failed, errstr: Unable to find the socket transport "unix" - did you forget to enable it when you configured PHP?]
26.02.04 19:53:29 sendStatusDoc [warn] [sendEvent [8.19] [cntr] [admin] [trialsEnded] [] [exception: stream_socket_client failed, errstr: Unable to find the socket transport "unix" - did you forget to enable it when you configured PHP?]]
26.02.04 19:53:29 sendEvent [8.19] [cntr] [admin] [trialsEnded] [] [exception: stream_socket_client failed, errstr: Unable to find the socket transport "unix" - did you forget to enable it when you configured PHP?]
26.02.04 19:53:29 sendStatusDoc [warn] [sendEvent [8.19] [cntr] [admin] [trialsEnded] [] [exception: stream_socket_client failed, errstr: Unable to find the socket transport "unix" - did you forget to enable it when you configured PHP?]]
26.02.04 19:53:29 sendEvent [8.19] [cntr] [admin] [trialsEnded] [] [exception: stream_socket_client failed, errstr: Unable to find the socket transport "unix" - did you forget to enable it when you configured PHP?]
26.02.04 19:53:29 sendStatusDoc [warn] [sendEvent [8.19] [cntr] [admin] [trialsEnded] [] [exception: stream_socket_client failed, errstr: Unable to find the socket transport "unix" - did you forget to enable it when you configured PHP?]]
26.02.04 19:53:52 sendEvent [8.19] [resp] [admin] [hideClock] [] [exception: stream_socket_client failed, errstr: Unable to find the socket transport "unix" - did you forget to enable it when you configured PHP?]
26.02.04 19:53:52 sendStatusDoc [warn] [sendEvent [8.19] [resp] [admin] [hideClock] [] [exception: stream_socket_client failed, errstr: Unable to find the socket transport "unix" - did you forget to enable it when you configured PHP?]]
26.02.04 19:54:02 sendEvent [8.19] [resp] [admin] [setReadyMessage] [msg_adtIntro1,msg_adtIntro2,dot,msg_adtReady,,adt] [exception: stream_socket_client failed, errstr: Unable to find the socket transport "unix" - did you forget to enable it when you configured PHP?]
26.02.04 19:54:02 sendStatusDoc [warn] [sendEvent [8.19] [resp] [admin] [setReadyMessage] [msg_adtIntro1,msg_adtIntro2,dot,msg_adtReady,,adt] [exception: stream_socket_client failed, errstr: Unable to find the socket transport "unix" - did you forget to enable it when you configured PHP?]]
26.02.04 19:57:01 sendEvent [8.19] [resp] [admin] [startMultiTrials] [adt,ppt,trial,0,1,2,1,4] [exception: stream_socket_client failed, errstr: Unable to find the socket transport "unix" - did you forget to enable it when you configured PHP?]
26.02.04 19:57:01 sendStatusDoc [warn] [sendEvent [8.19] [resp] [admin] [startMultiTrials] [adt,ppt,trial,0,1,2,1,4] [exception: stream_socket_client failed, errstr: Unable to find the socket transport "unix" - did you forget to enable it when you configured PHP?]]
26.02.04 19:57:10 sendEvent [8.19] [cntr] [admin] [trialEnded] [] [exception: stream_socket_client failed, errstr: Unable to find the socket transport "unix" - did you forget to enable it when you configured PHP?]
26.02.04 19:57:10 sendStatusDoc [warn] [sendEvent [8.19] [cntr] [admin] [trialEnded] [] [exception: stream_socket_client failed, errstr: Unable to find the socket transport "unix" - did you forget to enable it when you configured PHP?]]
26.02.04 19:57:19 sendEvent [8.19] [resp] [admin] [cancelTrial] [] [exception: stream_socket_client failed, errstr: Unable to find the socket transport "unix" - did you forget to enable it when you configured PHP?]
26.02.04 19:57:19 sendStatusDoc [warn] [sendEvent [8.19] [resp] [admin] [cancelTrial] [] [exception: stream_socket_client failed, errstr: Unable to find the socket transport "unix" - did you forget to enable it when you configured PHP?]]
26.02.04 19:57:20 sendEvent [8.19] [resp] [admin] [cancelTrial] [] [exception: stream_socket_client failed, errstr: Unable to find the socket transport "unix" - did you forget to enable it when you configured PHP?]
26.02.04 19:57:20 sendStatusDoc [warn] [sendEvent [8.19] [resp] [admin] [cancelTrial] [] [exception: stream_socket_client failed, errstr: Unable to find the socket transport "unix" - did you forget to enable it when you configured PHP?]]
26.02.04 19:58:03 sendEvent [8.19] [resp] [admin] [cancelTrial] [] [exception: stream_socket_client failed, errstr: Unable to find the socket transport "unix" - did you forget to enable it when you configured PHP?]
26.02.04 19:58:03 sendStatusDoc [warn] [sendEvent [8.19] [resp] [admin] [cancelTrial] [] [exception: stream_socket_client failed, errstr: Unable to find the socket transport "unix" - did you forget to enable it when you configured PHP?]]
26.02.04 20:00:49 sendEvent [8.19] [resp] [admin] [cancelTrial] [] [exception: stream_socket_client failed, errstr: Unable to find the socket transport "unix" - did you forget to enable it when you configured PHP?]
26.02.04 20:00:49 sendStatusDoc [warn] [sendEvent [8.19] [resp] [admin] [cancelTrial] [] [exception: stream_socket_client failed, errstr: Unable to find the socket transport "unix" - did you forget to enable it when you configured PHP?]]
26.02.04 20:00:49 sendEvent [8.19] [resp] [admin] [endTrials] [] [exception: stream_socket_client failed, errstr: Unable to find the socket transport "unix" - did you forget to enable it when you configured PHP?]
26.02.04 20:00:49 sendStatusDoc [warn] [sendEvent [8.19] [resp] [admin] [endTrials] [] [exception: stream_socket_client failed, errstr: Unable to find the socket transport "unix" - did you forget to enable it when you configured PHP?]]
26.02.04 20:00:50 sendEvent [8.19] [resp] [admin] [endTrials] [] [exception: stream_socket_client failed, errstr: Unable to find the socket transport "unix" - did you forget to enable it when you configured PHP?]
26.02.04 20:00:50 sendStatusDoc [warn] [sendEvent [8.19] [resp] [admin] [endTrials] [] [exception: stream_socket_client failed, errstr: Unable to find the socket transport "unix" - did you forget to enable it when you configured PHP?]]
26.02.04 20:00:52 sendEvent [8.19] [resp] [admin] [cancelTrial] [] [exception: stream_socket_client failed, errstr: Unable to find the socket transport "unix" - did you forget to enable it when you configured PHP?]
26.02.04 20:00:52 sendStatusDoc [warn] [sendEvent [8.19] [resp] [admin] [cancelTrial] [] [exception: stream_socket_client failed, errstr: Unable to find the socket transport "unix" - did you forget to enable it when you configured PHP?]]
26.02.04 20:00:53 sendEvent [8.19] [resp] [admin] [cancelTrial] [] [exception: stream_socket_client failed, errstr: Unable to find the socket transport "unix" - did you forget to enable it when you configured PHP?]
26.02.04 20:00:53 sendStatusDoc [warn] [sendEvent [8.19] [resp] [admin] [cancelTrial] [] [exception: stream_socket_client failed, errstr: Unable to find the socket transport "unix" - did you forget to enable it when you configured PHP?]]
26.02.04 20:07:52 sendEvent [8.19] [cntr] [admin] [trialCancelled] [] [exception: stream_socket_client failed, errstr: Unable to find the socket transport "unix" - did you forget to enable it when you configured PHP?]
26.02.04 20:07:52 sendStatusDoc [warn] [sendEvent [8.19] [cntr] [admin] [trialCancelled] [] [exception: stream_socket_client failed, errstr: Unable to find the socket transport "unix" - did you forget to enable it when you configured PHP?]]
26.02.04 20:07:52 sendEvent [8.19] [cntr] [admin] [trialsEnded] [] [exception: stream_socket_client failed, errstr: Unable to find the socket transport "unix" - did you forget to enable it when you configured PHP?]
26.02.04 20:07:52 sendStatusDoc [warn] [sendEvent [8.19] [cntr] [admin] [trialsEnded] [] [exception: stream_socket_client failed, errstr: Unable to find the socket transport "unix" - did you forget to enable it when you configured PHP?]]
26.02.04 20:07:53 sendEvent [8.19] [cntr] [admin] [trialCancelled] [] [exception: stream_socket_client failed, errstr: Unable to find the socket transport "unix" - did you forget to enable it when you configured PHP?]
26.02.04 20:07:53 sendStatusDoc [warn] [sendEvent [8.19] [cntr] [admin] [trialCancelled] [] [exception: stream_socket_client failed, errstr: Unable to find the socket transport "unix" - did you forget to enable it when you configured PHP?]]
26.02.04 20:07:53 sendEvent [8.19] [cntr] [admin] [trialsEnded] [] [exception: stream_socket_client failed, errstr: Unable to find the socket transport "unix" - did you forget to enable it when you configured PHP?]
26.02.04 20:07:53 sendStatusDoc [warn] [sendEvent [8.19] [cntr] [admin] [trialsEnded] [] [exception: stream_socket_client failed, errstr: Unable to find the socket transport "unix" - did you forget to enable it when you configured PHP?]]
26.02.04 20:07:53 sendEvent [8.19] [cntr] [admin] [trialCancelled] [] [exception: stream_socket_client failed, errstr: Unable to find the socket transport "unix" - did you forget to enable it when you configured PHP?]
26.02.04 20:07:53 sendStatusDoc [warn] [sendEvent [8.19] [cntr] [admin] [trialCancelled] [] [exception: stream_socket_client failed, errstr: Unable to find the socket transport "unix" - did you forget to enable it when you configured PHP?]]
26.02.04 20:07:54 sendEvent [8.19] [cntr] [admin] [trialCancelled] [] [exception: stream_socket_client failed, errstr: Unable to find the socket transport "unix" - did you forget to enable it when you configured PHP?]
26.02.04 20:07:54 sendStatusDoc [warn] [sendEvent [8.19] [cntr] [admin] [trialCancelled] [] [exception: stream_socket_client failed, errstr: Unable to find the socket transport "unix" - did you forget to enable it when you configured PHP?]]
26.02.04 20:07:54 sendEvent [8.19] [cntr] [admin] [trialCancelled] [] [exception: stream_socket_client failed, errstr: Unable to find the socket transport "unix" - did you forget to enable it when you configured PHP?]
26.02.04 20:07:54 sendStatusDoc [warn] [sendEvent [8.19] [cntr] [admin] [trialCancelled] [] [exception: stream_socket_client failed, errstr: Unable to find the socket transport "unix" - did you forget to enable it when you configured PHP?]]
26.02.04 20:07:55 sendEvent [8.19] [cntr] [admin] [trialCancelled] [] [exception: stream_socket_client failed, errstr: Unable to find the socket transport "unix" - did you forget to enable it when you configured PHP?]
26.02.04 20:07:55 sendStatusDoc [warn] [sendEvent [8.19] [cntr] [admin] [trialCancelled] [] [exception: stream_socket_client failed, errstr: Unable to find the socket transport "unix" - did you forget to enable it when you configured PHP?]]
26.02.04 20:07:58 sendEvent [8.19] [resp] [admin] [hideClock] [] [exception: stream_socket_client failed, errstr: Unable to find the socket transport "unix" - did you forget to enable it when you configured PHP?]
26.02.04 20:07:58 sendStatusDoc [warn] [sendEvent [8.19] [resp] [admin] [hideClock] [] [exception: stream_socket_client failed, errstr: Unable to find the socket transport "unix" - did you forget to enable it when you configured PHP?]]
26.02.04 20:08:09 sendEvent [8.19] [resp] [admin] [setReadyMessage] [msg_adtIntro1,msg_adtIntro2,dot,msg_adtReady,,adt] [exception: stream_socket_client failed, errstr: Unable to find the socket transport "unix" - did you forget to enable it when you configured PHP?]
26.02.04 20:08:09 sendStatusDoc [warn] [sendEvent [8.19] [resp] [admin] [setReadyMessage] [msg_adtIntro1,msg_adtIntro2,dot,msg_adtReady,,adt] [exception: stream_socket_client failed, errstr: Unable to find the socket transport "unix" - did you forget to enable it when you configured PHP?]]
26.02.04 20:08:13 sendEvent [8.19] [resp] [admin] [startMultiTrials] [adt,ppt,trial,0,1,2,1,4] [exception: stream_socket_client failed, errstr: Unable to find the socket transport "unix" - did you forget to enable it when you configured PHP?]
26.02.04 20:08:13 sendStatusDoc [warn] [sendEvent [8.19] [resp] [admin] [startMultiTrials] [adt,ppt,trial,0,1,2,1,4] [exception: stream_socket_client failed, errstr: Unable to find the socket transport "unix" - did you forget to enable it when you configured PHP?]]
26.02.04 20:08:19 sendEvent [8.19] [resp] [admin] [cancelTrial] [] [exception: stream_socket_client failed, errstr: Unable to find the socket transport "unix" - did you forget to enable it when you configured PHP?]
26.02.04 20:08:19 sendStatusDoc [warn] [sendEvent [8.19] [resp] [admin] [cancelTrial] [] [exception: stream_socket_client failed, errstr: Unable to find the socket transport "unix" - did you forget to enable it when you configured PHP?]]
26.02.04 20:08:24 sendEvent [8.19] [resp] [admin] [cancelTrial] [] [exception: stream_socket_client failed, errstr: Unable to find the socket transport "unix" - did you forget to enable it when you configured PHP?]
26.02.04 20:08:24 sendStatusDoc [warn] [sendEvent [8.19] [resp] [admin] [cancelTrial] [] [exception: stream_socket_client failed, errstr: Unable to find the socket transport "unix" - did you forget to enable it when you configured PHP?]]
26.02.04 20:08:25 sendEvent [8.19] [resp] [admin] [endTrials] [] [exception: stream_socket_client failed, errstr: Unable to find the socket transport "unix" - did you forget to enable it when you configured PHP?]
26.02.04 20:08:25 sendStatusDoc [warn] [sendEvent [8.19] [resp] [admin] [endTrials] [] [exception: stream_socket_client failed, errstr: Unable to find the socket transport "unix" - did you forget to enable it when you configured PHP?]]
26.02.04 20:12:54 sendEvent [8.19] [cntr] [admin] [trialCancelled] [] [exception: stream_socket_client failed, errstr: Unable to find the socket transport "unix" - did you forget to enable it when you configured PHP?]
26.02.04 20:12:54 sendStatusDoc [warn] [sendEvent [8.19] [cntr] [admin] [trialCancelled] [] [exception: stream_socket_client failed, errstr: Unable to find the socket transport "unix" - did you forget to enable it when you configured PHP?]]
26.02.04 20:12:54 sendEvent [8.19] [cntr] [admin] [trialsEnded] [] [exception: stream_socket_client failed, errstr: Unable to find the socket transport "unix" - did you forget to enable it when you configured PHP?]
26.02.04 20:12:54 sendStatusDoc [warn] [sendEvent [8.19] [cntr] [admin] [trialsEnded] [] [exception: stream_socket_client failed, errstr: Unable to find the socket transport "unix" - did you forget to enable it when you configured PHP?]]
26.02.04 20:12:54 sendEvent [8.19] [cntr] [admin] [trialCancelled] [] [exception: stream_socket_client failed, errstr: Unable to find the socket transport "unix" - did you forget to enable it when you configured PHP?]
26.02.04 20:12:54 sendStatusDoc [warn] [sendEvent [8.19] [cntr] [admin] [trialCancelled] [] [exception: stream_socket_client failed, errstr: Unable to find the socket transport "unix" - did you forget to enable it when you configured PHP?]]
26.02.04 20:13:02 sendEvent [8.19] [resp] [admin] [hideClock] [] [exception: stream_socket_client failed, errstr: Unable to find the socket transport "unix" - did you forget to enable it when you configured PHP?]
26.02.04 20:13:02 sendStatusDoc [warn] [sendEvent [8.19] [resp] [admin] [hideClock] [] [exception: stream_socket_client failed, errstr: Unable to find the socket transport "unix" - did you forget to enable it when you configured PHP?]]
26.02.04 20:13:10 sendEvent [8.19] [resp] [admin] [setReadyMessage] [msg_adtIntro1,msg_adtIntro2,dot,msg_adtReady,,adt] [exception: stream_socket_client failed, errstr: Unable to find the socket transport "unix" - did you forget to enable it when you configured PHP?]
26.02.04 20:13:10 sendStatusDoc [warn] [sendEvent [8.19] [resp] [admin] [setReadyMessage] [msg_adtIntro1,msg_adtIntro2,dot,msg_adtReady,,adt] [exception: stream_socket_client failed, errstr: Unable to find the socket transport "unix" - did you forget to enable it when you configured PHP?]]
26.02.04 20:20:14 sendEvent [8.19] [resp] [admin] [hideClock] [] [exception: stream_socket_client failed, errstr: Unable to find the socket transport "unix" - did you forget to enable it when you configured PHP?]
26.02.04 20:20:14 sendStatusDoc [warn] [sendEvent [8.19] [resp] [admin] [hideClock] [] [exception: stream_socket_client failed, errstr: Unable to find the socket transport "unix" - did you forget to enable it when you configured PHP?]]
26.02.04 20:20:30 sendEvent [8.19] [resp] [admin] [setReadyMessage] [msg_adtIntro1,msg_adtIntro2,dot,msg_adtReady,,adt] [exception: stream_socket_client failed, errstr: Unable to find the socket transport "unix" - did you forget to enable it when you configured PHP?]
26.02.04 20:20:30 sendStatusDoc [warn] [sendEvent [8.19] [resp] [admin] [setReadyMessage] [msg_adtIntro1,msg_adtIntro2,dot,msg_adtReady,,adt] [exception: stream_socket_client failed, errstr: Unable to find the socket transport "unix" - did you forget to enable it when you configured PHP?]]
26.02.04 20:20:32 sendEvent [8.19] [resp] [admin] [startMultiTrials] [adt,tpt,trial,0,1,2,1,32] [exception: stream_socket_client failed, errstr: Unable to find the socket transport "unix" - did you forget to enable it when you configured PHP?]
26.02.04 20:20:32 sendStatusDoc [warn] [sendEvent [8.19] [resp] [admin] [startMultiTrials] [adt,tpt,trial,0,1,2,1,32] [exception: stream_socket_client failed, errstr: Unable to find the socket transport "unix" - did you forget to enable it when you configured PHP?]]
26.02.04 20:21:15 sendEvent [8.19] [resp] [admin] [cancelTrial] [] [exception: stream_socket_client failed, errstr: Unable to find the socket transport "unix" - did you forget to enable it when you configured PHP?]
26.02.04 20:21:15 sendStatusDoc [warn] [sendEvent [8.19] [resp] [admin] [cancelTrial] [] [exception: stream_socket_client failed, errstr: Unable to find the socket transport "unix" - did you forget to enable it when you configured PHP?]]
26.02.04 20:21:16 sendEvent [8.19] [cntr] [admin] [trialCancelled] [] [exception: stream_socket_client failed, errstr: Unable to find the socket transport "unix" - did you forget to enable it when you configured PHP?]
26.02.04 20:21:16 sendStatusDoc [warn] [sendEvent [8.19] [cntr] [admin] [trialCancelled] [] [exception: stream_socket_client failed, errstr: Unable to find the socket transport "unix" - did you forget to enable it when you configured PHP?]]
26.02.04 20:21:25 sendEvent [8.19] [resp] [admin] [cancelTrial] [] [exception: stream_socket_client failed, errstr: Unable to find the socket transport "unix" - did you forget to enable it when you configured PHP?]
26.02.04 20:21:25 sendStatusDoc [warn] [sendEvent [8.19] [resp] [admin] [cancelTrial] [] [exception: stream_socket_client failed, errstr: Unable to find the socket transport "unix" - did you forget to enable it when you configured PHP?]]
26.02.04 20:37:31 sendEvent [8.19] [resp] [admin] [hideClock] [] [exception: stream_socket_client failed, errstr: Unable to find the socket transport "unix" - did you forget to enable it when you configured PHP?]
26.02.04 20:37:31 sendStatusDoc [warn] [sendEvent [8.19] [resp] [admin] [hideClock] [] [exception: stream_socket_client failed, errstr: Unable to find the socket transport "unix" - did you forget to enable it when you configured PHP?]]
26.02.04 20:37:41 sendEvent [8.19] [resp] [admin] [setReadyMessage] [msg_adtIntro1,msg_adtIntro2,dot,msg_adtReady,,adt] [exception: stream_socket_client failed, errstr: Unable to find the socket transport "unix" - did you forget to enable it when you configured PHP?]
26.02.04 20:37:41 sendStatusDoc [warn] [sendEvent [8.19] [resp] [admin] [setReadyMessage] [msg_adtIntro1,msg_adtIntro2,dot,msg_adtReady,,adt] [exception: stream_socket_client failed, errstr: Unable to find the socket transport "unix" - did you forget to enable it when you configured PHP?]]
26.02.04 20:37:45 sendEvent [8.19] [resp] [admin] [startMultiTrials] [adt,ppt,trial,0,1,2,1,4] [exception: stream_socket_client failed, errstr: Unable to find the socket transport "unix" - did you forget to enable it when you configured PHP?]
26.02.04 20:37:45 sendStatusDoc [warn] [sendEvent [8.19] [resp] [admin] [startMultiTrials] [adt,ppt,trial,0,1,2,1,4] [exception: stream_socket_client failed, errstr: Unable to find the socket transport "unix" - did you forget to enable it when you configured PHP?]]
26.02.04 20:38:04 sendEvent [8.19] [resp] [admin] [cancelTrial] [] [exception: stream_socket_client failed, errstr: Unable to find the socket transport "unix" - did you forget to enable it when you configured PHP?]
26.02.04 20:38:04 sendStatusDoc [warn] [sendEvent [8.19] [resp] [admin] [cancelTrial] [] [exception: stream_socket_client failed, errstr: Unable to find the socket transport "unix" - did you forget to enable it when you configured PHP?]]
26.02.04 20:38:04 sendEvent [8.19] [cntr] [admin] [trialCancelled] [] [exception: stream_socket_client failed, errstr: Unable to find the socket transport "unix" - did you forget to enable it when you configured PHP?]
26.02.04 20:38:04 sendStatusDoc [warn] [sendEvent [8.19] [cntr] [admin] [trialCancelled] [] [exception: stream_socket_client failed, errstr: Unable to find the socket transport "unix" - did you forget to enable it when you configured PHP?]]
26.02.04 20:40:25 sendEvent [8.19] [resp] [admin] [hideClock] [] [exception: stream_socket_client failed, errstr: Unable to find the socket transport "unix" - did you forget to enable it when you configured PHP?]
26.02.04 20:40:25 sendStatusDoc [warn] [sendEvent [8.19] [resp] [admin] [hideClock] [] [exception: stream_socket_client failed, errstr: Unable to find the socket transport "unix" - did you forget to enable it when you configured PHP?]]
26.02.04 20:40:43 sendEvent [8.19] [resp] [admin] [setReadyMessage] [msg_adtIntro1,msg_adtIntro2,dot,msg_adtReady,,adt] [exception: stream_socket_client failed, errstr: Unable to find the socket transport "unix" - did you forget to enable it when you configured PHP?]
26.02.04 20:40:43 sendStatusDoc [warn] [sendEvent [8.19] [resp] [admin] [setReadyMessage] [msg_adtIntro1,msg_adtIntro2,dot,msg_adtReady,,adt] [exception: stream_socket_client failed, errstr: Unable to find the socket transport "unix" - did you forget to enable it when you configured PHP?]]
26.02.04 20:40:51 sendEvent [8.19] [resp] [admin] [startMultiTrials] [adt,ppt,trial,0,1,2,1,4] [exception: stream_socket_client failed, errstr: Unable to find the socket transport "unix" - did you forget to enable it when you configured PHP?]
26.02.04 20:40:51 sendStatusDoc [warn] [sendEvent [8.19] [resp] [admin] [startMultiTrials] [adt,ppt,trial,0,1,2,1,4] [exception: stream_socket_client failed, errstr: Unable to find the socket transport "unix" - did you forget to enable it when you configured PHP?]]
26.02.04 20:41:06 sendEvent [8.19] [cntr] [admin] [trialEnded] [] [exception: stream_socket_client failed, errstr: Unable to find the socket transport "unix" - did you forget to enable it when you configured PHP?]
26.02.04 20:41:06 sendStatusDoc [warn] [sendEvent [8.19] [cntr] [admin] [trialEnded] [] [exception: stream_socket_client failed, errstr: Unable to find the socket transport "unix" - did you forget to enable it when you configured PHP?]]
26.02.04 20:54:34 sendEvent [8.19] [resp] [admin] [hideClock] [] [exception: stream_socket_client failed, errstr: Unable to find the socket transport "unix" - did you forget to enable it when you configured PHP?]
26.02.04 20:54:34 sendStatusDoc [warn] [sendEvent [8.19] [resp] [admin] [hideClock] [] [exception: stream_socket_client failed, errstr: Unable to find the socket transport "unix" - did you forget to enable it when you configured PHP?]]
26.02.04 20:54:46 sendEvent [8.19] [resp] [admin] [setReadyMessage] [msg_adtIntro1,msg_adtIntro2,dot,msg_adtReady,,adt] [exception: stream_socket_client failed, errstr: Unable to find the socket transport "unix" - did you forget to enable it when you configured PHP?]
26.02.04 20:54:46 sendStatusDoc [warn] [sendEvent [8.19] [resp] [admin] [setReadyMessage] [msg_adtIntro1,msg_adtIntro2,dot,msg_adtReady,,adt] [exception: stream_socket_client failed, errstr: Unable to find the socket transport "unix" - did you forget to enable it when you configured PHP?]]
26.02.04 20:59:20 sendEvent [8.19] [resp] [admin] [hideClock] [] [exception: stream_socket_client failed, errstr: Unable to find the socket transport "unix" - did you forget to enable it when you configured PHP?]
26.02.04 20:59:20 sendStatusDoc [warn] [sendEvent [8.19] [resp] [admin] [hideClock] [] [exception: stream_socket_client failed, errstr: Unable to find the socket transport "unix" - did you forget to enable it when you configured PHP?]]
26.02.04 21:01:43 sendEvent [8.19] [resp] [admin] [hideClock] [] [exception: stream_socket_client failed, errstr: Unable to find the socket transport "unix" - did you forget to enable it when you configured PHP?]
26.02.04 21:01:43 sendStatusDoc [warn] [sendEvent [8.19] [resp] [admin] [hideClock] [] [exception: stream_socket_client failed, errstr: Unable to find the socket transport "unix" - did you forget to enable it when you configured PHP?]]
26.02.04 21:01:53 sendEvent [8.19] [resp] [admin] [setReadyMessage] [msg_adtIntro1,msg_adtIntro2,dot,msg_adtReady,,adt] [exception: stream_socket_client failed, errstr: Unable to find the socket transport "unix" - did you forget to enable it when you configured PHP?]
26.02.04 21:01:53 sendStatusDoc [warn] [sendEvent [8.19] [resp] [admin] [setReadyMessage] [msg_adtIntro1,msg_adtIntro2,dot,msg_adtReady,,adt] [exception: stream_socket_client failed, errstr: Unable to find the socket transport "unix" - did you forget to enable it when you configured PHP?]]
26.02.04 21:02:00 sendEvent [8.19] [resp] [admin] [startMultiTrials] [adt,ppt,trial,0,1,2,1,4] [exception: stream_socket_client failed, errstr: Unable to find the socket transport "unix" - did you forget to enable it when you configured PHP?]
26.02.04 21:02:00 sendStatusDoc [warn] [sendEvent [8.19] [resp] [admin] [startMultiTrials] [adt,ppt,trial,0,1,2,1,4] [exception: stream_socket_client failed, errstr: Unable to find the socket transport "unix" - did you forget to enable it when you configured PHP?]]
26.02.04 21:08:06 sendEvent [8.19] [resp] [admin] [hideClock] [] [exception: stream_socket_client failed, errstr: Unable to find the socket transport "unix" - did you forget to enable it when you configured PHP?]
26.02.04 21:08:06 sendStatusDoc [warn] [sendEvent [8.19] [resp] [admin] [hideClock] [] [exception: stream_socket_client failed, errstr: Unable to find the socket transport "unix" - did you forget to enable it when you configured PHP?]]
26.02.04 21:08:18 sendEvent [8.19] [resp] [admin] [setReadyMessage] [msg_adtIntro1,msg_adtIntro2,dot,msg_adtReady,,adt] [exception: stream_socket_client failed, errstr: Unable to find the socket transport "unix" - did you forget to enable it when you configured PHP?]
26.02.04 21:08:18 sendStatusDoc [warn] [sendEvent [8.19] [resp] [admin] [setReadyMessage] [msg_adtIntro1,msg_adtIntro2,dot,msg_adtReady,,adt] [exception: stream_socket_client failed, errstr: Unable to find the socket transport "unix" - did you forget to enable it when you configured PHP?]]
26.02.04 21:08:33 sendEvent [8.19] [resp] [admin] [startMultiTrials] [adt,ppt,trial,0,1,2,1,4] [exception: stream_socket_client failed, errstr: Unable to find the socket transport "unix" - did you forget to enable it when you configured PHP?]
26.02.04 21:08:33 sendStatusDoc [warn] [sendEvent [8.19] [resp] [admin] [startMultiTrials] [adt,ppt,trial,0,1,2,1,4] [exception: stream_socket_client failed, errstr: Unable to find the socket transport "unix" - did you forget to enable it when you configured PHP?]]
26.02.04 21:08:45 sendEvent [8.19] [cntr] [admin] [trialEnded] [] [exception: stream_socket_client failed, errstr: Unable to find the socket transport "unix" - did you forget to enable it when you configured PHP?]
26.02.04 21:08:45 sendStatusDoc [warn] [sendEvent [8.19] [cntr] [admin] [trialEnded] [] [exception: stream_socket_client failed, errstr: Unable to find the socket transport "unix" - did you forget to enable it when you configured PHP?]]
26.02.04 21:15:10 sendEvent [8.19] [resp] [admin] [hideClock] [] [exception: stream_socket_client failed, errstr: Unable to find the socket transport "unix" - did you forget to enable it when you configured PHP?]
26.02.04 21:15:10 sendStatusDoc [warn] [sendEvent [8.19] [resp] [admin] [hideClock] [] [exception: stream_socket_client failed, errstr: Unable to find the socket transport "unix" - did you forget to enable it when you configured PHP?]]
26.02.04 21:15:19 sendEvent [8.19] [resp] [admin] [setReadyMessage] [msg_adtIntro1,msg_adtIntro2,dot,msg_adtReady,,adt] [exception: stream_socket_client failed, errstr: Unable to find the socket transport "unix" - did you forget to enable it when you configured PHP?]
26.02.04 21:15:19 sendStatusDoc [warn] [sendEvent [8.19] [resp] [admin] [setReadyMessage] [msg_adtIntro1,msg_adtIntro2,dot,msg_adtReady,,adt] [exception: stream_socket_client failed, errstr: Unable to find the socket transport "unix" - did you forget to enable it when you configured PHP?]]
26.02.04 21:15:22 sendEvent [8.19] [resp] [admin] [startMultiTrials] [adt,ppt,trial,0,1,2,1,4] [exception: stream_socket_client failed, errstr: Unable to find the socket transport "unix" - did you forget to enable it when you configured PHP?]
26.02.04 21:15:22 sendStatusDoc [warn] [sendEvent [8.19] [resp] [admin] [startMultiTrials] [adt,ppt,trial,0,1,2,1,4] [exception: stream_socket_client failed, errstr: Unable to find the socket transport "unix" - did you forget to enable it when you configured PHP?]]
26.02.04 21:15:36 sendEvent [8.19] [cntr] [admin] [trialEnded] [] [exception: stream_socket_client failed, errstr: Unable to find the socket transport "unix" - did you forget to enable it when you configured PHP?]
26.02.04 21:15:36 sendStatusDoc [warn] [sendEvent [8.19] [cntr] [admin] [trialEnded] [] [exception: stream_socket_client failed, errstr: Unable to find the socket transport "unix" - did you forget to enable it when you configured PHP?]]
26.02.04 21:24:16 sendEvent [8.19] [resp] [admin] [hideClock] [] [exception: stream_socket_client failed, errstr: Unable to find the socket transport "unix" - did you forget to enable it when you configured PHP?]
26.02.04 21:24:16 sendStatusDoc [warn] [sendEvent [8.19] [resp] [admin] [hideClock] [] [exception: stream_socket_client failed, errstr: Unable to find the socket transport "unix" - did you forget to enable it when you configured PHP?]]
26.02.04 21:24:37 sendEvent [8.19] [resp] [admin] [setReadyMessage] [msg_adtIntro1,msg_adtIntro2,dot,msg_adtReady,,adt] [exception: stream_socket_client failed, errstr: Unable to find the socket transport "unix" - did you forget to enable it when you configured PHP?]
26.02.04 21:24:37 sendStatusDoc [warn] [sendEvent [8.19] [resp] [admin] [setReadyMessage] [msg_adtIntro1,msg_adtIntro2,dot,msg_adtReady,,adt] [exception: stream_socket_client failed, errstr: Unable to find the socket transport "unix" - did you forget to enable it when you configured PHP?]]
26.02.04 21:24:44 sendEvent [8.19] [resp] [admin] [startMultiTrials] [adt,ppt,trial,0,1,2,1,4] [exception: stream_socket_client failed, errstr: Unable to find the socket transport "unix" - did you forget to enable it when you configured PHP?]
26.02.04 21:24:44 sendStatusDoc [warn] [sendEvent [8.19] [resp] [admin] [startMultiTrials] [adt,ppt,trial,0,1,2,1,4] [exception: stream_socket_client failed, errstr: Unable to find the socket transport "unix" - did you forget to enable it when you configured PHP?]]
26.02.04 21:25:00 sendEvent [8.19] [cntr] [admin] [trialEnded] [] [exception: stream_socket_client failed, errstr: Unable to find the socket transport "unix" - did you forget to enable it when you configured PHP?]
26.02.04 21:25:00 sendStatusDoc [warn] [sendEvent [8.19] [cntr] [admin] [trialEnded] [] [exception: stream_socket_client failed, errstr: Unable to find the socket transport "unix" - did you forget to enable it when you configured PHP?]]
26.02.04 21:26:32 sendEvent [8.19] [resp] [admin] [cancelTrial] [] [exception: stream_socket_client failed, errstr: Unable to find the socket transport "unix" - did you forget to enable it when you configured PHP?]
26.02.04 21:26:32 sendStatusDoc [warn] [sendEvent [8.19] [resp] [admin] [cancelTrial] [] [exception: stream_socket_client failed, errstr: Unable to find the socket transport "unix" - did you forget to enable it when you configured PHP?]]
26.02.04 21:30:28 sendEvent [8.19] [resp] [admin] [hideClock] [] [exception: stream_socket_client failed, errstr: Unable to find the socket transport "unix" - did you forget to enable it when you configured PHP?]
26.02.04 21:30:28 sendStatusDoc [warn] [sendEvent [8.19] [resp] [admin] [hideClock] [] [exception: stream_socket_client failed, errstr: Unable to find the socket transport "unix" - did you forget to enable it when you configured PHP?]]
26.02.04 21:30:38 sendEvent [8.19] [resp] [admin] [setReadyMessage] [msg_adtIntro1,msg_adtIntro2,dot,msg_adtReady,,adt] [exception: stream_socket_client failed, errstr: Unable to find the socket transport "unix" - did you forget to enable it when you configured PHP?]
26.02.04 21:30:38 sendStatusDoc [warn] [sendEvent [8.19] [resp] [admin] [setReadyMessage] [msg_adtIntro1,msg_adtIntro2,dot,msg_adtReady,,adt] [exception: stream_socket_client failed, errstr: Unable to find the socket transport "unix" - did you forget to enable it when you configured PHP?]]
26.02.04 21:31:01 sendEvent [8.19] [resp] [admin] [startMultiTrials] [adt,ppt,trial,0,1,2,1,4] [exception: stream_socket_client failed, errstr: Unable to find the socket transport "unix" - did you forget to enable it when you configured PHP?]
26.02.04 21:31:01 sendStatusDoc [warn] [sendEvent [8.19] [resp] [admin] [startMultiTrials] [adt,ppt,trial,0,1,2,1,4] [exception: stream_socket_client failed, errstr: Unable to find the socket transport "unix" - did you forget to enable it when you configured PHP?]]
26.02.04 21:31:15 sendEvent [8.19] [cntr] [admin] [trialEnded] [] [exception: stream_socket_client failed, errstr: Unable to find the socket transport "unix" - did you forget to enable it when you configured PHP?]
26.02.04 21:31:15 sendStatusDoc [warn] [sendEvent [8.19] [cntr] [admin] [trialEnded] [] [exception: stream_socket_client failed, errstr: Unable to find the socket transport "unix" - did you forget to enable it when you configured PHP?]]
26.02.04 21:31:24 sendEvent [8.19] [resp] [admin] [cancelTrial] [] [exception: stream_socket_client failed, errstr: Unable to find the socket transport "unix" - did you forget to enable it when you configured PHP?]
26.02.04 21:31:24 sendStatusDoc [warn] [sendEvent [8.19] [resp] [admin] [cancelTrial] [] [exception: stream_socket_client failed, errstr: Unable to find the socket transport "unix" - did you forget to enable it when you configured PHP?]]
26.02.04 21:34:43 sendEvent [8.19] [resp] [admin] [goodbye] [] [exception: stream_socket_client failed, errstr: Unable to find the socket transport "unix" - did you forget to enable it when you configured PHP?]
26.02.04 21:34:43 sendStatusDoc [warn] [sendEvent [8.19] [resp] [admin] [goodbye] [] [exception: stream_socket_client failed, errstr: Unable to find the socket transport "unix" - did you forget to enable it when you configured PHP?]]
26.02.04 21:35:04 sendEvent [8.19] [resp] [admin] [hideClock] [] [exception: stream_socket_client failed, errstr: Unable to find the socket transport "unix" - did you forget to enable it when you configured PHP?]
26.02.04 21:35:04 sendStatusDoc [warn] [sendEvent [8.19] [resp] [admin] [hideClock] [] [exception: stream_socket_client failed, errstr: Unable to find the socket transport "unix" - did you forget to enable it when you configured PHP?]]
26.02.04 21:35:14 sendEvent [8.19] [resp] [admin] [setReadyMessage] [msg_adtIntro1,msg_adtIntro2,dot,msg_adtReady,,adt] [exception: stream_socket_client failed, errstr: Unable to find the socket transport "unix" - did you forget to enable it when you configured PHP?]
26.02.04 21:35:14 sendStatusDoc [warn] [sendEvent [8.19] [resp] [admin] [setReadyMessage] [msg_adtIntro1,msg_adtIntro2,dot,msg_adtReady,,adt] [exception: stream_socket_client failed, errstr: Unable to find the socket transport "unix" - did you forget to enable it when you configured PHP?]]
26.02.04 21:36:35 sendEvent [8.19] [resp] [admin] [startMultiTrials] [adt,ppt,trial,0,1,2,1,4] [exception: stream_socket_client failed, errstr: Unable to find the socket transport "unix" - did you forget to enable it when you configured PHP?]
26.02.04 21:36:35 sendStatusDoc [warn] [sendEvent [8.19] [resp] [admin] [startMultiTrials] [adt,ppt,trial,0,1,2,1,4] [exception: stream_socket_client failed, errstr: Unable to find the socket transport "unix" - did you forget to enable it when you configured PHP?]]
26.02.04 21:36:46 sendEvent [8.19] [cntr] [admin] [trialEnded] [] [exception: stream_socket_client failed, errstr: Unable to find the socket transport "unix" - did you forget to enable it when you configured PHP?]
26.02.04 21:36:46 sendStatusDoc [warn] [sendEvent [8.19] [cntr] [admin] [trialEnded] [] [exception: stream_socket_client failed, errstr: Unable to find the socket transport "unix" - did you forget to enable it when you configured PHP?]]
26.02.04 21:36:50 sendEvent [8.19] [resp] [admin] [cancelTrial] [] [exception: stream_socket_client failed, errstr: Unable to find the socket transport "unix" - did you forget to enable it when you configured PHP?]
26.02.04 21:36:50 sendStatusDoc [warn] [sendEvent [8.19] [resp] [admin] [cancelTrial] [] [exception: stream_socket_client failed, errstr: Unable to find the socket transport "unix" - did you forget to enable it when you configured PHP?]]
26.02.04 21:36:52 sendEvent [8.19] [resp] [admin] [cancelTrial] [] [exception: stream_socket_client failed, errstr: Unable to find the socket transport "unix" - did you forget to enable it when you configured PHP?]
26.02.04 21:36:52 sendStatusDoc [warn] [sendEvent [8.19] [resp] [admin] [cancelTrial] [] [exception: stream_socket_client failed, errstr: Unable to find the socket transport "unix" - did you forget to enable it when you configured PHP?]]
26.02.04 21:36:55 sendEvent [8.19] [resp] [admin] [cancelTrial] [] [exception: stream_socket_client failed, errstr: Unable to find the socket transport "unix" - did you forget to enable it when you configured PHP?]
26.02.04 21:36:55 sendStatusDoc [warn] [sendEvent [8.19] [resp] [admin] [cancelTrial] [] [exception: stream_socket_client failed, errstr: Unable to find the socket transport "unix" - did you forget to enable it when you configured PHP?]]
26.02.04 21:36:57 sendEvent [8.19] [resp] [admin] [cancelTrial] [] [exception: stream_socket_client failed, errstr: Unable to find the socket transport "unix" - did you forget to enable it when you configured PHP?]
26.02.04 21:36:57 sendStatusDoc [warn] [sendEvent [8.19] [resp] [admin] [cancelTrial] [] [exception: stream_socket_client failed, errstr: Unable to find the socket transport "unix" - did you forget to enable it when you configured PHP?]]
26.02.04 21:36:59 sendEvent [8.19] [resp] [admin] [cancelTrial] [] [exception: stream_socket_client failed, errstr: Unable to find the socket transport "unix" - did you forget to enable it when you configured PHP?]
26.02.04 21:36:59 sendStatusDoc [warn] [sendEvent [8.19] [resp] [admin] [cancelTrial] [] [exception: stream_socket_client failed, errstr: Unable to find the socket transport "unix" - did you forget to enable it when you configured PHP?]]
26.02.04 21:37:01 sendEvent [8.19] [resp] [admin] [cancelTrial] [] [exception: stream_socket_client failed, errstr: Unable to find the socket transport "unix" - did you forget to enable it when you configured PHP?]
26.02.04 21:37:01 sendStatusDoc [warn] [sendEvent [8.19] [resp] [admin] [cancelTrial] [] [exception: stream_socket_client failed, errstr: Unable to find the socket transport "unix" - did you forget to enable it when you configured PHP?]]
26.02.04 21:37:01 sendEvent [8.19] [resp] [admin] [cancelTrial] [] [exception: stream_socket_client failed, errstr: Unable to find the socket transport "unix" - did you forget to enable it when you configured PHP?]
26.02.04 21:37:01 sendStatusDoc [warn] [sendEvent [8.19] [resp] [admin] [cancelTrial] [] [exception: stream_socket_client failed, errstr: Unable to find the socket transport "unix" - did you forget to enable it when you configured PHP?]]
26.02.04 21:39:36 sendEvent [8.19] [resp] [admin] [hideClock] [] [exception: stream_socket_client failed, errstr: Unable to find the socket transport "unix" - did you forget to enable it when you configured PHP?]
26.02.04 21:39:36 sendStatusDoc [warn] [sendEvent [8.19] [resp] [admin] [hideClock] [] [exception: stream_socket_client failed, errstr: Unable to find the socket transport "unix" - did you forget to enable it when you configured PHP?]]
26.02.04 21:39:45 sendEvent [8.19] [resp] [admin] [setReadyMessage] [msg_adtIntro1,msg_adtIntro2,dot,msg_adtReady,,adt] [exception: stream_socket_client failed, errstr: Unable to find the socket transport "unix" - did you forget to enable it when you configured PHP?]
26.02.04 21:39:45 sendStatusDoc [warn] [sendEvent [8.19] [resp] [admin] [setReadyMessage] [msg_adtIntro1,msg_adtIntro2,dot,msg_adtReady,,adt] [exception: stream_socket_client failed, errstr: Unable to find the socket transport "unix" - did you forget to enable it when you configured PHP?]]
26.02.04 21:44:31 sendEvent [8.19] [resp] [admin] [setReadyMessage] [msg_adtIntro1,msg_adtIntro2,dot,msg_adtReady,,adt] [exception: stream_socket_client failed, errstr: Unable to find the socket transport "unix" - did you forget to enable it when you configured PHP?]
26.02.04 21:44:31 sendStatusDoc [warn] [sendEvent [8.19] [resp] [admin] [setReadyMessage] [msg_adtIntro1,msg_adtIntro2,dot,msg_adtReady,,adt] [exception: stream_socket_client failed, errstr: Unable to find the socket transport "unix" - did you forget to enable it when you configured PHP?]]
26.02.04 21:44:31 sendEvent [8.19] [resp] [admin] [startMultiTrials] [adt,ppt,trial,0,1,2,1,4] [exception: stream_socket_client failed, errstr: Unable to find the socket transport "unix" - did you forget to enable it when you configured PHP?]
26.02.04 21:44:31 sendStatusDoc [warn] [sendEvent [8.19] [resp] [admin] [startMultiTrials] [adt,ppt,trial,0,1,2,1,4] [exception: stream_socket_client failed, errstr: Unable to find the socket transport "unix" - did you forget to enable it when you configured PHP?]]
26.02.04 21:44:50 sendEvent [8.19] [cntr] [admin] [trialEnded] [] [exception: stream_socket_client failed, errstr: Unable to find the socket transport "unix" - did you forget to enable it when you configured PHP?]
26.02.04 21:44:50 sendStatusDoc [warn] [sendEvent [8.19] [cntr] [admin] [trialEnded] [] [exception: stream_socket_client failed, errstr: Unable to find the socket transport "unix" - did you forget to enable it when you configured PHP?]]
26.02.04 21:49:57 sendEvent [8.19] [resp] [admin] [setReadyMessage] [msg_adtIntro1,msg_adtIntro2,dot,msg_adtReady,,adt] [exception: stream_socket_client failed, errstr: Unable to find the socket transport "unix" - did you forget to enable it when you configured PHP?]
26.02.04 21:49:57 sendStatusDoc [warn] [sendEvent [8.19] [resp] [admin] [setReadyMessage] [msg_adtIntro1,msg_adtIntro2,dot,msg_adtReady,,adt] [exception: stream_socket_client failed, errstr: Unable to find the socket transport "unix" - did you forget to enable it when you configured PHP?]]
26.02.04 21:49:57 sendEvent [8.19] [resp] [admin] [startMultiTrials] [adt,ppt,trial,0,1,2,1,4] [exception: stream_socket_client failed, errstr: Unable to find the socket transport "unix" - did you forget to enable it when you configured PHP?]
26.02.04 21:49:57 sendStatusDoc [warn] [sendEvent [8.19] [resp] [admin] [startMultiTrials] [adt,ppt,trial,0,1,2,1,4] [exception: stream_socket_client failed, errstr: Unable to find the socket transport "unix" - did you forget to enable it when you configured PHP?]]
26.02.04 21:50:09 sendEvent [8.19] [cntr] [admin] [trialEnded] [] [exception: stream_socket_client failed, errstr: Unable to find the socket transport "unix" - did you forget to enable it when you configured PHP?]
26.02.04 21:50:09 sendStatusDoc [warn] [sendEvent [8.19] [cntr] [admin] [trialEnded] [] [exception: stream_socket_client failed, errstr: Unable to find the socket transport "unix" - did you forget to enable it when you configured PHP?]]
26.02.04 21:50:14 sendEvent [8.19] [resp] [admin] [cancelTrial] [] [exception: stream_socket_client failed, errstr: Unable to find the socket transport "unix" - did you forget to enable it when you configured PHP?]
26.02.04 21:50:14 sendStatusDoc [warn] [sendEvent [8.19] [resp] [admin] [cancelTrial] [] [exception: stream_socket_client failed, errstr: Unable to find the socket transport "unix" - did you forget to enable it when you configured PHP?]]
26.02.04 21:55:06 sendEvent [8.19] [resp] [admin] [setReadyMessage] [msg_adtIntro1,msg_adtIntro2,dot,msg_adtReady,,adt] [exception: stream_socket_client failed, errstr: Unable to find the socket transport "unix" - did you forget to enable it when you configured PHP?]
26.02.04 21:55:06 sendStatusDoc [warn] [sendEvent [8.19] [resp] [admin] [setReadyMessage] [msg_adtIntro1,msg_adtIntro2,dot,msg_adtReady,,adt] [exception: stream_socket_client failed, errstr: Unable to find the socket transport "unix" - did you forget to enable it when you configured PHP?]]
26.02.04 21:55:06 sendEvent [8.19] [resp] [admin] [startMultiTrials] [adt,ppt,trial,0,1,2,1,4] [exception: stream_socket_client failed, errstr: Unable to find the socket transport "unix" - did you forget to enable it when you configured PHP?]
26.02.04 21:55:06 sendStatusDoc [warn] [sendEvent [8.19] [resp] [admin] [startMultiTrials] [adt,ppt,trial,0,1,2,1,4] [exception: stream_socket_client failed, errstr: Unable to find the socket transport "unix" - did you forget to enable it when you configured PHP?]]
26.02.04 21:55:18 sendEvent [8.19] [cntr] [admin] [trialEnded] [] [exception: stream_socket_client failed, errstr: Unable to find the socket transport "unix" - did you forget to enable it when you configured PHP?]
26.02.04 21:55:18 sendStatusDoc [warn] [sendEvent [8.19] [cntr] [admin] [trialEnded] [] [exception: stream_socket_client failed, errstr: Unable to find the socket transport "unix" - did you forget to enable it when you configured PHP?]]
26.02.04 21:55:28 sendEvent [8.19] [resp] [admin] [cancelTrial] [] [exception: stream_socket_client failed, errstr: Unable to find the socket transport "unix" - did you forget to enable it when you configured PHP?]
26.02.04 21:55:28 sendStatusDoc [warn] [sendEvent [8.19] [resp] [admin] [cancelTrial] [] [exception: stream_socket_client failed, errstr: Unable to find the socket transport "unix" - did you forget to enable it when you configured PHP?]]
26.02.04 21:55:29 sendEvent [8.19] [cntr] [admin] [trialCancelled] [] [exception: stream_socket_client failed, errstr: Unable to find the socket transport "unix" - did you forget to enable it when you configured PHP?]
26.02.04 21:55:29 sendStatusDoc [warn] [sendEvent [8.19] [cntr] [admin] [trialCancelled] [] [exception: stream_socket_client failed, errstr: Unable to find the socket transport "unix" - did you forget to enable it when you configured PHP?]]
26.02.04 21:55:31 sendEvent [8.19] [resp] [admin] [cancelTrial] [] [exception: stream_socket_client failed, errstr: Unable to find the socket transport "unix" - did you forget to enable it when you configured PHP?]
26.02.04 21:55:31 sendStatusDoc [warn] [sendEvent [8.19] [resp] [admin] [cancelTrial] [] [exception: stream_socket_client failed, errstr: Unable to find the socket transport "unix" - did you forget to enable it when you configured PHP?]]
26.02.04 21:55:33 sendEvent [8.19] [resp] [admin] [cancelTrial] [] [exception: stream_socket_client failed, errstr: Unable to find the socket transport "unix" - did you forget to enable it when you configured PHP?]
26.02.04 21:55:33 sendStatusDoc [warn] [sendEvent [8.19] [resp] [admin] [cancelTrial] [] [exception: stream_socket_client failed, errstr: Unable to find the socket transport "unix" - did you forget to enable it when you configured PHP?]]
26.02.04 22:01:09 sendEvent [8.19] [resp] [admin] [setReadyMessage] [msg_adtIntro1,msg_adtIntro2,dot,msg_adtReady,,adt] [exception: stream_socket_client failed, errstr: Unable to find the socket transport "unix" - did you forget to enable it when you configured PHP?]
26.02.04 22:01:09 sendStatusDoc [warn] [sendEvent [8.19] [resp] [admin] [setReadyMessage] [msg_adtIntro1,msg_adtIntro2,dot,msg_adtReady,,adt] [exception: stream_socket_client failed, errstr: Unable to find the socket transport "unix" - did you forget to enable it when you configured PHP?]]
26.02.04 22:01:09 sendEvent [8.19] [resp] [admin] [startMultiTrials] [adt,ppt,trial,0,1,2,1,4] [exception: stream_socket_client failed, errstr: Unable to find the socket transport "unix" - did you forget to enable it when you configured PHP?]
26.02.04 22:01:09 sendStatusDoc [warn] [sendEvent [8.19] [resp] [admin] [startMultiTrials] [adt,ppt,trial,0,1,2,1,4] [exception: stream_socket_client failed, errstr: Unable to find the socket transport "unix" - did you forget to enable it when you configured PHP?]]
26.02.04 22:01:20 sendEvent [8.19] [cntr] [admin] [trialEnded] [] [exception: stream_socket_client failed, errstr: Unable to find the socket transport "unix" - did you forget to enable it when you configured PHP?]
26.02.04 22:01:20 sendStatusDoc [warn] [sendEvent [8.19] [cntr] [admin] [trialEnded] [] [exception: stream_socket_client failed, errstr: Unable to find the socket transport "unix" - did you forget to enable it when you configured PHP?]]
26.02.04 22:01:34 sendEvent [8.19] [resp] [admin] [cancelTrial] [] [exception: stream_socket_client failed, errstr: Unable to find the socket transport "unix" - did you forget to enable it when you configured PHP?]
26.02.04 22:01:34 sendStatusDoc [warn] [sendEvent [8.19] [resp] [admin] [cancelTrial] [] [exception: stream_socket_client failed, errstr: Unable to find the socket transport "unix" - did you forget to enable it when you configured PHP?]]
26.02.04 22:01:34 sendEvent [8.19] [cntr] [admin] [trialCancelled] [] [exception: stream_socket_client failed, errstr: Unable to find the socket transport "unix" - did you forget to enable it when you configured PHP?]
26.02.04 22:01:34 sendStatusDoc [warn] [sendEvent [8.19] [cntr] [admin] [trialCancelled] [] [exception: stream_socket_client failed, errstr: Unable to find the socket transport "unix" - did you forget to enable it when you configured PHP?]]
26.02.04 22:01:36 sendEvent [8.19] [resp] [admin] [cancelTrial] [] [exception: stream_socket_client failed, errstr: Unable to find the socket transport "unix" - did you forget to enable it when you configured PHP?]
26.02.04 22:01:36 sendStatusDoc [warn] [sendEvent [8.19] [resp] [admin] [cancelTrial] [] [exception: stream_socket_client failed, errstr: Unable to find the socket transport "unix" - did you forget to enable it when you configured PHP?]]
26.02.04 22:01:36 sendEvent [8.19] [resp] [admin] [cancelTrial] [] [exception: stream_socket_client failed, errstr: Unable to find the socket transport "unix" - did you forget to enable it when you configured PHP?]
26.02.04 22:01:36 sendStatusDoc [warn] [sendEvent [8.19] [resp] [admin] [cancelTrial] [] [exception: stream_socket_client failed, errstr: Unable to find the socket transport "unix" - did you forget to enable it when you configured PHP?]]
26.02.04 22:01:38 sendEvent [8.19] [resp] [admin] [cancelTrial] [] [exception: stream_socket_client failed, errstr: Unable to find the socket transport "unix" - did you forget to enable it when you configured PHP?]
26.02.04 22:01:38 sendStatusDoc [warn] [sendEvent [8.19] [resp] [admin] [cancelTrial] [] [exception: stream_socket_client failed, errstr: Unable to find the socket transport "unix" - did you forget to enable it when you configured PHP?]]
26.02.04 22:01:38 sendEvent [8.19] [resp] [admin] [cancelTrial] [] [exception: stream_socket_client failed, errstr: Unable to find the socket transport "unix" - did you forget to enable it when you configured PHP?]
26.02.04 22:01:38 sendStatusDoc [warn] [sendEvent [8.19] [resp] [admin] [cancelTrial] [] [exception: stream_socket_client failed, errstr: Unable to find the socket transport "unix" - did you forget to enable it when you configured PHP?]]
26.02.04 22:06:50 sendEvent [8.19] [resp] [admin] [setReadyMessage] [msg_adtIntro1,msg_adtIntro2,dot,msg_adtReady,,adt] [exception: stream_socket_client failed, errstr: Unable to find the socket transport "unix" - did you forget to enable it when you configured PHP?]
26.02.04 22:06:50 sendStatusDoc [warn] [sendEvent [8.19] [resp] [admin] [setReadyMessage] [msg_adtIntro1,msg_adtIntro2,dot,msg_adtReady,,adt] [exception: stream_socket_client failed, errstr: Unable to find the socket transport "unix" - did you forget to enable it when you configured PHP?]]
26.02.04 22:06:50 sendEvent [8.19] [resp] [admin] [startMultiTrials] [adt,ppt,trial,0,1,2,1,4] [exception: stream_socket_client failed, errstr: Unable to find the socket transport "unix" - did you forget to enable it when you configured PHP?]
26.02.04 22:06:50 sendStatusDoc [warn] [sendEvent [8.19] [resp] [admin] [startMultiTrials] [adt,ppt,trial,0,1,2,1,4] [exception: stream_socket_client failed, errstr: Unable to find the socket transport "unix" - did you forget to enable it when you configured PHP?]]
26.02.04 22:07:01 sendEvent [8.19] [cntr] [admin] [trialEnded] [] [exception: stream_socket_client failed, errstr: Unable to find the socket transport "unix" - did you forget to enable it when you configured PHP?]
26.02.04 22:07:01 sendStatusDoc [warn] [sendEvent [8.19] [cntr] [admin] [trialEnded] [] [exception: stream_socket_client failed, errstr: Unable to find the socket transport "unix" - did you forget to enable it when you configured PHP?]]
26.02.04 22:07:12 sendEvent [8.19] [resp] [admin] [cancelTrial] [] [exception: stream_socket_client failed, errstr: Unable to find the socket transport "unix" - did you forget to enable it when you configured PHP?]
26.02.04 22:07:12 sendStatusDoc [warn] [sendEvent [8.19] [resp] [admin] [cancelTrial] [] [exception: stream_socket_client failed, errstr: Unable to find the socket transport "unix" - did you forget to enable it when you configured PHP?]]
26.02.04 22:07:12 sendEvent [8.19] [cntr] [admin] [trialCancelled] [] [exception: stream_socket_client failed, errstr: Unable to find the socket transport "unix" - did you forget to enable it when you configured PHP?]
26.02.04 22:07:12 sendStatusDoc [warn] [sendEvent [8.19] [cntr] [admin] [trialCancelled] [] [exception: stream_socket_client failed, errstr: Unable to find the socket transport "unix" - did you forget to enable it when you configured PHP?]]
26.02.04 22:10:48 sendEvent [8.19] [resp] [admin] [setReadyMessage] [msg_adtIntro1,msg_adtIntro2,dot,msg_adtReady,,adt] [exception: stream_socket_client failed, errstr: Unable to find the socket transport "unix" - did you forget to enable it when you configured PHP?]
26.02.04 22:10:48 sendStatusDoc [warn] [sendEvent [8.19] [resp] [admin] [setReadyMessage] [msg_adtIntro1,msg_adtIntro2,dot,msg_adtReady,,adt] [exception: stream_socket_client failed, errstr: Unable to find the socket transport "unix" - did you forget to enable it when you configured PHP?]]
26.02.04 22:10:48 sendEvent [8.19] [resp] [admin] [startMultiTrials] [adt,ppt,trial,0,1,2,1,4] [exception: stream_socket_client failed, errstr: Unable to find the socket transport "unix" - did you forget to enable it when you configured PHP?]
26.02.04 22:10:48 sendStatusDoc [warn] [sendEvent [8.19] [resp] [admin] [startMultiTrials] [adt,ppt,trial,0,1,2,1,4] [exception: stream_socket_client failed, errstr: Unable to find the socket transport "unix" - did you forget to enable it when you configured PHP?]]
26.02.04 22:11:01 sendEvent [8.19] [cntr] [admin] [trialEnded] [] [exception: stream_socket_client failed, errstr: Unable to find the socket transport "unix" - did you forget to enable it when you configured PHP?]
26.02.04 22:11:01 sendStatusDoc [warn] [sendEvent [8.19] [cntr] [admin] [trialEnded] [] [exception: stream_socket_client failed, errstr: Unable to find the socket transport "unix" - did you forget to enable it when you configured PHP?]]
26.02.04 22:11:16 sendEvent [8.19] [resp] [admin] [setReadyMessage] [msg_adtIntro1,msg_adtIntro2,dot,msg_adtReady,,adt] [exception: stream_socket_client failed, errstr: Unable to find the socket transport "unix" - did you forget to enable it when you configured PHP?]
26.02.04 22:11:16 sendStatusDoc [warn] [sendEvent [8.19] [resp] [admin] [setReadyMessage] [msg_adtIntro1,msg_adtIntro2,dot,msg_adtReady,,adt] [exception: stream_socket_client failed, errstr: Unable to find the socket transport "unix" - did you forget to enable it when you configured PHP?]]
26.02.04 22:11:16 sendEvent [8.19] [resp] [admin] [startMultiTrials] [adt,ppt,trial,0,1,2,1,4] [exception: stream_socket_client failed, errstr: Unable to find the socket transport "unix" - did you forget to enable it when you configured PHP?]
26.02.04 22:11:16 sendStatusDoc [warn] [sendEvent [8.19] [resp] [admin] [startMultiTrials] [adt,ppt,trial,0,1,2,1,4] [exception: stream_socket_client failed, errstr: Unable to find the socket transport "unix" - did you forget to enable it when you configured PHP?]]
26.02.04 22:11:36 sendEvent [8.19] [cntr] [admin] [trialEnded] [] [exception: stream_socket_client failed, errstr: Unable to find the socket transport "unix" - did you forget to enable it when you configured PHP?]
26.02.04 22:11:36 sendStatusDoc [warn] [sendEvent [8.19] [cntr] [admin] [trialEnded] [] [exception: stream_socket_client failed, errstr: Unable to find the socket transport "unix" - did you forget to enable it when you configured PHP?]]
26.02.04 22:11:47 sendEvent [8.19] [resp] [admin] [setReadyMessage] [msg_adtIntro1,msg_adtIntro2,dot,msg_adtReady,,adt] [exception: stream_socket_client failed, errstr: Unable to find the socket transport "unix" - did you forget to enable it when you configured PHP?]
26.02.04 22:11:47 sendStatusDoc [warn] [sendEvent [8.19] [resp] [admin] [setReadyMessage] [msg_adtIntro1,msg_adtIntro2,dot,msg_adtReady,,adt] [exception: stream_socket_client failed, errstr: Unable to find the socket transport "unix" - did you forget to enable it when you configured PHP?]]
26.02.04 22:11:47 sendEvent [8.19] [resp] [admin] [startMultiTrials] [adt,ppt,trial,0,1,2,1,4] [exception: stream_socket_client failed, errstr: Unable to find the socket transport "unix" - did you forget to enable it when you configured PHP?]
26.02.04 22:11:47 sendStatusDoc [warn] [sendEvent [8.19] [resp] [admin] [startMultiTrials] [adt,ppt,trial,0,1,2,1,4] [exception: stream_socket_client failed, errstr: Unable to find the socket transport "unix" - did you forget to enable it when you configured PHP?]]
26.02.04 22:12:05 sendEvent [8.19] [cntr] [admin] [trialEnded] [] [exception: stream_socket_client failed, errstr: Unable to find the socket transport "unix" - did you forget to enable it when you configured PHP?]
26.02.04 22:12:05 sendStatusDoc [warn] [sendEvent [8.19] [cntr] [admin] [trialEnded] [] [exception: stream_socket_client failed, errstr: Unable to find the socket transport "unix" - did you forget to enable it when you configured PHP?]]
26.02.04 22:18:57 sendEvent [8.19] [resp] [admin] [setReadyMessage] [msg_adtIntro1,msg_adtIntro2,dot,msg_adtReady,,adt] [exception: stream_socket_client failed, errstr: Unable to find the socket transport "unix" - did you forget to enable it when you configured PHP?]
26.02.04 22:18:57 sendStatusDoc [warn] [sendEvent [8.19] [resp] [admin] [setReadyMessage] [msg_adtIntro1,msg_adtIntro2,dot,msg_adtReady,,adt] [exception: stream_socket_client failed, errstr: Unable to find the socket transport "unix" - did you forget to enable it when you configured PHP?]]
26.02.04 22:18:57 sendEvent [8.19] [resp] [admin] [startMultiTrials] [adt,ppt,trial,0,1,2,1,4] [exception: stream_socket_client failed, errstr: Unable to find the socket transport "unix" - did you forget to enable it when you configured PHP?]
26.02.04 22:18:57 sendStatusDoc [warn] [sendEvent [8.19] [resp] [admin] [startMultiTrials] [adt,ppt,trial,0,1,2,1,4] [exception: stream_socket_client failed, errstr: Unable to find the socket transport "unix" - did you forget to enable it when you configured PHP?]]
26.02.04 22:19:09 sendEvent [8.19] [cntr] [admin] [trialEnded] [] [exception: stream_socket_client failed, errstr: Unable to find the socket transport "unix" - did you forget to enable it when you configured PHP?]
26.02.04 22:19:09 sendStatusDoc [warn] [sendEvent [8.19] [cntr] [admin] [trialEnded] [] [exception: stream_socket_client failed, errstr: Unable to find the socket transport "unix" - did you forget to enable it when you configured PHP?]]
26.02.04 22:19:14 sendEvent [8.19] [resp] [admin] [setReadyMessage] [msg_adtIntro1,msg_adtIntro2,dot,msg_adtReady,,adt] [exception: stream_socket_client failed, errstr: Unable to find the socket transport "unix" - did you forget to enable it when you configured PHP?]
26.02.04 22:19:14 sendStatusDoc [warn] [sendEvent [8.19] [resp] [admin] [setReadyMessage] [msg_adtIntro1,msg_adtIntro2,dot,msg_adtReady,,adt] [exception: stream_socket_client failed, errstr: Unable to find the socket transport "unix" - did you forget to enable it when you configured PHP?]]
26.02.04 22:19:14 sendEvent [8.19] [resp] [admin] [startMultiTrials] [adt,ppt,trial,0,1,2,1,4] [exception: stream_socket_client failed, errstr: Unable to find the socket transport "unix" - did you forget to enable it when you configured PHP?]
26.02.04 22:19:14 sendStatusDoc [warn] [sendEvent [8.19] [resp] [admin] [startMultiTrials] [adt,ppt,trial,0,1,2,1,4] [exception: stream_socket_client failed, errstr: Unable to find the socket transport "unix" - did you forget to enable it when you configured PHP?]]
26.02.04 22:19:35 sendEvent [8.19] [cntr] [admin] [trialEnded] [] [exception: stream_socket_client failed, errstr: Unable to find the socket transport "unix" - did you forget to enable it when you configured PHP?]
26.02.04 22:19:35 sendStatusDoc [warn] [sendEvent [8.19] [cntr] [admin] [trialEnded] [] [exception: stream_socket_client failed, errstr: Unable to find the socket transport "unix" - did you forget to enable it when you configured PHP?]]
26.02.04 22:22:45 sendEvent [8.19] [resp] [admin] [setReadyMessage] [msg_adtIntro1,msg_adtIntro2,dot,msg_adtReady,,adt] [exception: stream_socket_client failed, errstr: Unable to find the socket transport "unix" - did you forget to enable it when you configured PHP?]
26.02.04 22:22:45 sendStatusDoc [warn] [sendEvent [8.19] [resp] [admin] [setReadyMessage] [msg_adtIntro1,msg_adtIntro2,dot,msg_adtReady,,adt] [exception: stream_socket_client failed, errstr: Unable to find the socket transport "unix" - did you forget to enable it when you configured PHP?]]
26.02.04 22:22:45 sendEvent [8.19] [resp] [admin] [startMultiTrials] [adt,ppt,trial,0,1,2,1,4] [exception: stream_socket_client failed, errstr: Unable to find the socket transport "unix" - did you forget to enable it when you configured PHP?]
26.02.04 22:22:45 sendStatusDoc [warn] [sendEvent [8.19] [resp] [admin] [startMultiTrials] [adt,ppt,trial,0,1,2,1,4] [exception: stream_socket_client failed, errstr: Unable to find the socket transport "unix" - did you forget to enable it when you configured PHP?]]
26.02.04 22:22:57 sendEvent [8.19] [cntr] [admin] [trialEnded] [] [exception: stream_socket_client failed, errstr: Unable to find the socket transport "unix" - did you forget to enable it when you configured PHP?]
26.02.04 22:22:57 sendStatusDoc [warn] [sendEvent [8.19] [cntr] [admin] [trialEnded] [] [exception: stream_socket_client failed, errstr: Unable to find the socket transport "unix" - did you forget to enable it when you configured PHP?]]
26.02.04 22:28:10 sendEvent [8.19] [resp] [admin] [setReadyMessage] [msg_adtIntro1,msg_adtIntro2,dot,msg_adtReady,,adt] [exception: stream_socket_client failed, errstr: Unable to find the socket transport "unix" - did you forget to enable it when you configured PHP?]
26.02.04 22:28:10 sendStatusDoc [warn] [sendEvent [8.19] [resp] [admin] [setReadyMessage] [msg_adtIntro1,msg_adtIntro2,dot,msg_adtReady,,adt] [exception: stream_socket_client failed, errstr: Unable to find the socket transport "unix" - did you forget to enable it when you configured PHP?]]
26.02.04 22:28:10 sendEvent [8.19] [resp] [admin] [startMultiTrials] [adt,ppt,trial,0,1,2,1,4] [exception: stream_socket_client failed, errstr: Unable to find the socket transport "unix" - did you forget to enable it when you configured PHP?]
26.02.04 22:28:10 sendStatusDoc [warn] [sendEvent [8.19] [resp] [admin] [startMultiTrials] [adt,ppt,trial,0,1,2,1,4] [exception: stream_socket_client failed, errstr: Unable to find the socket transport "unix" - did you forget to enable it when you configured PHP?]]
26.02.04 22:28:22 sendEvent [8.19] [cntr] [admin] [trialEnded] [] [exception: stream_socket_client failed, errstr: Unable to find the socket transport "unix" - did you forget to enable it when you configured PHP?]
26.02.04 22:28:22 sendStatusDoc [warn] [sendEvent [8.19] [cntr] [admin] [trialEnded] [] [exception: stream_socket_client failed, errstr: Unable to find the socket transport "unix" - did you forget to enable it when you configured PHP?]]
26.02.04 22:31:21 sendEvent [8.19] [resp] [admin] [setReadyMessage] [msg_adtIntro1,msg_adtIntro2,dot,msg_adtReady,,adt] [exception: stream_socket_client failed, errstr: Unable to find the socket transport "unix" - did you forget to enable it when you configured PHP?]
26.02.04 22:31:21 sendStatusDoc [warn] [sendEvent [8.19] [resp] [admin] [setReadyMessage] [msg_adtIntro1,msg_adtIntro2,dot,msg_adtReady,,adt] [exception: stream_socket_client failed, errstr: Unable to find the socket transport "unix" - did you forget to enable it when you configured PHP?]]
26.02.04 22:31:21 sendEvent [8.19] [resp] [admin] [startMultiTrials] [adt,ppt,trial,0,1,2,1,4] [exception: stream_socket_client failed, errstr: Unable to find the socket transport "unix" - did you forget to enable it when you configured PHP?]
26.02.04 22:31:21 sendStatusDoc [warn] [sendEvent [8.19] [resp] [admin] [startMultiTrials] [adt,ppt,trial,0,1,2,1,4] [exception: stream_socket_client failed, errstr: Unable to find the socket transport "unix" - did you forget to enable it when you configured PHP?]]
26.02.04 22:31:34 sendEvent [8.19] [cntr] [admin] [trialEnded] [] [exception: stream_socket_client failed, errstr: Unable to find the socket transport "unix" - did you forget to enable it when you configured PHP?]
26.02.04 22:31:34 sendStatusDoc [warn] [sendEvent [8.19] [cntr] [admin] [trialEnded] [] [exception: stream_socket_client failed, errstr: Unable to find the socket transport "unix" - did you forget to enable it when you configured PHP?]]
26.02.04 22:31:35 sendEvent [8.19] [resp] [admin] [endTrials] [adt,tspt] [exception: stream_socket_client failed, errstr: Unable to find the socket transport "unix" - did you forget to enable it when you configured PHP?]
26.02.04 22:31:35 sendStatusDoc [warn] [sendEvent [8.19] [resp] [admin] [endTrials] [adt,tspt] [exception: stream_socket_client failed, errstr: Unable to find the socket transport "unix" - did you forget to enable it when you configured PHP?]]
26.02.04 22:31:36 sendEvent [8.19] [resp] [admin] [endTrials] [adt,tspt] [exception: stream_socket_client failed, errstr: Unable to find the socket transport "unix" - did you forget to enable it when you configured PHP?]
26.02.04 22:31:36 sendStatusDoc [warn] [sendEvent [8.19] [resp] [admin] [endTrials] [adt,tspt] [exception: stream_socket_client failed, errstr: Unable to find the socket transport "unix" - did you forget to enable it when you configured PHP?]]
26.02.04 22:31:36 sendEvent [8.19] [cntr] [admin] [trialsEnded] [] [exception: stream_socket_client failed, errstr: Unable to find the socket transport "unix" - did you forget to enable it when you configured PHP?]
26.02.04 22:31:36 sendStatusDoc [warn] [sendEvent [8.19] [cntr] [admin] [trialsEnded] [] [exception: stream_socket_client failed, errstr: Unable to find the socket transport "unix" - did you forget to enable it when you configured PHP?]]
26.02.04 22:31:36 sendEvent [8.19] [cntr] [admin] [trialsEnded] [] [exception: stream_socket_client failed, errstr: Unable to find the socket transport "unix" - did you forget to enable it when you configured PHP?]
26.02.04 22:31:36 sendStatusDoc [warn] [sendEvent [8.19] [cntr] [admin] [trialsEnded] [] [exception: stream_socket_client failed, errstr: Unable to find the socket transport "unix" - did you forget to enable it when you configured PHP?]]
26.02.04 22:31:42 sendEvent [8.19] [resp] [admin] [setReadyMessage] [msg_adtIntro1,msg_adtIntro2,dot,msg_adtReady,,adt] [exception: stream_socket_client failed, errstr: Unable to find the socket transport "unix" - did you forget to enable it when you configured PHP?]
26.02.04 22:31:42 sendStatusDoc [warn] [sendEvent [8.19] [resp] [admin] [setReadyMessage] [msg_adtIntro1,msg_adtIntro2,dot,msg_adtReady,,adt] [exception: stream_socket_client failed, errstr: Unable to find the socket transport "unix" - did you forget to enable it when you configured PHP?]]
26.02.04 22:31:42 sendEvent [8.19] [resp] [admin] [startMultiTrials] [adt,ppb,trial,0,1,2,1,4] [exception: stream_socket_client failed, errstr: Unable to find the socket transport "unix" - did you forget to enable it when you configured PHP?]
26.02.04 22:31:42 sendStatusDoc [warn] [sendEvent [8.19] [resp] [admin] [startMultiTrials] [adt,ppb,trial,0,1,2,1,4] [exception: stream_socket_client failed, errstr: Unable to find the socket transport "unix" - did you forget to enable it when you configured PHP?]]
26.02.04 22:38:16 sendEvent [8.19] [resp] [admin] [setReadyMessage] [msg_adtIntro1,msg_adtIntro2,dot,msg_adtReady,,adt] [exception: stream_socket_client failed, errstr: Unable to find the socket transport "unix" - did you forget to enable it when you configured PHP?]
26.02.04 22:38:16 sendStatusDoc [warn] [sendEvent [8.19] [resp] [admin] [setReadyMessage] [msg_adtIntro1,msg_adtIntro2,dot,msg_adtReady,,adt] [exception: stream_socket_client failed, errstr: Unable to find the socket transport "unix" - did you forget to enable it when you configured PHP?]]
26.02.04 22:38:16 sendEvent [8.19] [resp] [admin] [startMultiTrials] [adt,ppt,trial,0,1,2,1,4] [exception: stream_socket_client failed, errstr: Unable to find the socket transport "unix" - did you forget to enable it when you configured PHP?]
26.02.04 22:38:16 sendStatusDoc [warn] [sendEvent [8.19] [resp] [admin] [startMultiTrials] [adt,ppt,trial,0,1,2,1,4] [exception: stream_socket_client failed, errstr: Unable to find the socket transport "unix" - did you forget to enable it when you configured PHP?]]
26.02.04 22:38:27 sendEvent [8.19] [cntr] [admin] [trialEnded] [] [exception: stream_socket_client failed, errstr: Unable to find the socket transport "unix" - did you forget to enable it when you configured PHP?]
26.02.04 22:38:27 sendStatusDoc [warn] [sendEvent [8.19] [cntr] [admin] [trialEnded] [] [exception: stream_socket_client failed, errstr: Unable to find the socket transport "unix" - did you forget to enable it when you configured PHP?]]
26.02.04 22:38:29 sendEvent [8.19] [resp] [admin] [setReadyMessage] [msg_adtIntro1,msg_adtIntro2,dot,msg_adtReady,,adt] [exception: stream_socket_client failed, errstr: Unable to find the socket transport "unix" - did you forget to enable it when you configured PHP?]
26.02.04 22:38:29 sendStatusDoc [warn] [sendEvent [8.19] [resp] [admin] [setReadyMessage] [msg_adtIntro1,msg_adtIntro2,dot,msg_adtReady,,adt] [exception: stream_socket_client failed, errstr: Unable to find the socket transport "unix" - did you forget to enable it when you configured PHP?]]
26.02.04 22:38:29 sendEvent [8.19] [resp] [admin] [startMultiTrials] [adt,tpt,trial,0,1,2,1,32] [exception: stream_socket_client failed, errstr: Unable to find the socket transport "unix" - did you forget to enable it when you configured PHP?]
26.02.04 22:38:29 sendStatusDoc [warn] [sendEvent [8.19] [resp] [admin] [startMultiTrials] [adt,tpt,trial,0,1,2,1,32] [exception: stream_socket_client failed, errstr: Unable to find the socket transport "unix" - did you forget to enable it when you configured PHP?]]
26.02.04 22:39:47 sendEvent [8.19] [cntr] [admin] [trialEnded] [] [exception: stream_socket_client failed, errstr: Unable to find the socket transport "unix" - did you forget to enable it when you configured PHP?]
26.02.04 22:39:47 sendStatusDoc [warn] [sendEvent [8.19] [cntr] [admin] [trialEnded] [] [exception: stream_socket_client failed, errstr: Unable to find the socket transport "unix" - did you forget to enable it when you configured PHP?]]
26.02.04 22:39:49 sendEvent [8.19] [resp] [admin] [endTrials] [adt,tspt] [exception: stream_socket_client failed, errstr: Unable to find the socket transport "unix" - did you forget to enable it when you configured PHP?]
26.02.04 22:39:49 sendStatusDoc [warn] [sendEvent [8.19] [resp] [admin] [endTrials] [adt,tspt] [exception: stream_socket_client failed, errstr: Unable to find the socket transport "unix" - did you forget to enable it when you configured PHP?]]
26.02.04 22:39:49 sendEvent [8.19] [resp] [admin] [endTrials] [adt,tspt] [exception: stream_socket_client failed, errstr: Unable to find the socket transport "unix" - did you forget to enable it when you configured PHP?]
26.02.04 22:39:49 sendStatusDoc [warn] [sendEvent [8.19] [resp] [admin] [endTrials] [adt,tspt] [exception: stream_socket_client failed, errstr: Unable to find the socket transport "unix" - did you forget to enable it when you configured PHP?]]
26.02.04 22:39:49 sendEvent [8.19] [cntr] [admin] [trialsEnded] [] [exception: stream_socket_client failed, errstr: Unable to find the socket transport "unix" - did you forget to enable it when you configured PHP?]
26.02.04 22:39:49 sendStatusDoc [warn] [sendEvent [8.19] [cntr] [admin] [trialsEnded] [] [exception: stream_socket_client failed, errstr: Unable to find the socket transport "unix" - did you forget to enable it when you configured PHP?]]
26.02.04 22:39:50 sendEvent [8.19] [cntr] [admin] [trialsEnded] [] [exception: stream_socket_client failed, errstr: Unable to find the socket transport "unix" - did you forget to enable it when you configured PHP?]
26.02.04 22:39:50 sendStatusDoc [warn] [sendEvent [8.19] [cntr] [admin] [trialsEnded] [] [exception: stream_socket_client failed, errstr: Unable to find the socket transport "unix" - did you forget to enable it when you configured PHP?]]
26.02.04 22:39:53 sendEvent [8.19] [resp] [admin] [setReadyMessage] [msg_adtIntro1,msg_adtIntro2,dot,msg_adtReady,,adt] [exception: stream_socket_client failed, errstr: Unable to find the socket transport "unix" - did you forget to enable it when you configured PHP?]
26.02.04 22:39:53 sendStatusDoc [warn] [sendEvent [8.19] [resp] [admin] [setReadyMessage] [msg_adtIntro1,msg_adtIntro2,dot,msg_adtReady,,adt] [exception: stream_socket_client failed, errstr: Unable to find the socket transport "unix" - did you forget to enable it when you configured PHP?]]
26.02.04 22:39:53 sendEvent [8.19] [resp] [admin] [startMultiTrials] [adt,ppb,trial,0,1,2,1,4] [exception: stream_socket_client failed, errstr: Unable to find the socket transport "unix" - did you forget to enable it when you configured PHP?]
26.02.04 22:39:53 sendStatusDoc [warn] [sendEvent [8.19] [resp] [admin] [startMultiTrials] [adt,ppb,trial,0,1,2,1,4] [exception: stream_socket_client failed, errstr: Unable to find the socket transport "unix" - did you forget to enable it when you configured PHP?]]
26.02.04 22:40:07 sendEvent [8.19] [cntr] [admin] [trialEnded] [] [exception: stream_socket_client failed, errstr: Unable to find the socket transport "unix" - did you forget to enable it when you configured PHP?]
26.02.04 22:40:07 sendStatusDoc [warn] [sendEvent [8.19] [cntr] [admin] [trialEnded] [] [exception: stream_socket_client failed, errstr: Unable to find the socket transport "unix" - did you forget to enable it when you configured PHP?]]
26.02.04 22:40:09 sendEvent [8.19] [resp] [admin] [setReadyMessage] [msg_adtIntro1,msg_adtIntro2,dot,msg_adtReady,,adt] [exception: stream_socket_client failed, errstr: Unable to find the socket transport "unix" - did you forget to enable it when you configured PHP?]
26.02.04 22:40:09 sendStatusDoc [warn] [sendEvent [8.19] [resp] [admin] [setReadyMessage] [msg_adtIntro1,msg_adtIntro2,dot,msg_adtReady,,adt] [exception: stream_socket_client failed, errstr: Unable to find the socket transport "unix" - did you forget to enable it when you configured PHP?]]
26.02.04 22:40:09 sendEvent [8.19] [resp] [admin] [startMultiTrials] [adt,tpb,trial,0,1,2,1,32] [exception: stream_socket_client failed, errstr: Unable to find the socket transport "unix" - did you forget to enable it when you configured PHP?]
26.02.04 22:40:09 sendStatusDoc [warn] [sendEvent [8.19] [resp] [admin] [startMultiTrials] [adt,tpb,trial,0,1,2,1,32] [exception: stream_socket_client failed, errstr: Unable to find the socket transport "unix" - did you forget to enable it when you configured PHP?]]
26.02.04 22:41:24 sendEvent [8.19] [cntr] [admin] [trialEnded] [] [exception: stream_socket_client failed, errstr: Unable to find the socket transport "unix" - did you forget to enable it when you configured PHP?]
26.02.04 22:41:24 sendStatusDoc [warn] [sendEvent [8.19] [cntr] [admin] [trialEnded] [] [exception: stream_socket_client failed, errstr: Unable to find the socket transport "unix" - did you forget to enable it when you configured PHP?]]
26.02.04 22:41:56 sendEvent [8.19] [resp] [admin] [endTrials] [adt,tspb] [exception: stream_socket_client failed, errstr: Unable to find the socket transport "unix" - did you forget to enable it when you configured PHP?]
26.02.04 22:41:56 sendStatusDoc [warn] [sendEvent [8.19] [resp] [admin] [endTrials] [adt,tspb] [exception: stream_socket_client failed, errstr: Unable to find the socket transport "unix" - did you forget to enable it when you configured PHP?]]
26.02.04 22:41:56 sendEvent [8.19] [resp] [admin] [endTrials] [adt,tspb] [exception: stream_socket_client failed, errstr: Unable to find the socket transport "unix" - did you forget to enable it when you configured PHP?]
26.02.04 22:41:56 sendStatusDoc [warn] [sendEvent [8.19] [resp] [admin] [endTrials] [adt,tspb] [exception: stream_socket_client failed, errstr: Unable to find the socket transport "unix" - did you forget to enable it when you configured PHP?]]
26.02.04 22:41:56 sendEvent [8.19] [cntr] [admin] [trialsEnded] [] [exception: stream_socket_client failed, errstr: Unable to find the socket transport "unix" - did you forget to enable it when you configured PHP?]
26.02.04 22:41:56 sendStatusDoc [warn] [sendEvent [8.19] [cntr] [admin] [trialsEnded] [] [exception: stream_socket_client failed, errstr: Unable to find the socket transport "unix" - did you forget to enable it when you configured PHP?]]
26.02.04 22:41:56 sendEvent [8.19] [cntr] [admin] [trialsEnded] [] [exception: stream_socket_client failed, errstr: Unable to find the socket transport "unix" - did you forget to enable it when you configured PHP?]
26.02.04 22:41:56 sendStatusDoc [warn] [sendEvent [8.19] [cntr] [admin] [trialsEnded] [] [exception: stream_socket_client failed, errstr: Unable to find the socket transport "unix" - did you forget to enable it when you configured PHP?]]
26.02.04 22:42:00 sendEvent [8.19] [resp] [admin] [setReadyMessage] [msg_adtIntro1,msg_adtIntro2,dot,msg_adtReady,,adt] [exception: stream_socket_client failed, errstr: Unable to find the socket transport "unix" - did you forget to enable it when you configured PHP?]
26.02.04 22:42:00 sendStatusDoc [warn] [sendEvent [8.19] [resp] [admin] [setReadyMessage] [msg_adtIntro1,msg_adtIntro2,dot,msg_adtReady,,adt] [exception: stream_socket_client failed, errstr: Unable to find the socket transport "unix" - did you forget to enable it when you configured PHP?]]
26.02.04 22:42:00 sendEvent [8.19] [resp] [admin] [startMultiTrials] [adt,cpb,trial,0,1,2,1,4] [exception: stream_socket_client failed, errstr: Unable to find the socket transport "unix" - did you forget to enable it when you configured PHP?]
26.02.04 22:42:00 sendStatusDoc [warn] [sendEvent [8.19] [resp] [admin] [startMultiTrials] [adt,cpb,trial,0,1,2,1,4] [exception: stream_socket_client failed, errstr: Unable to find the socket transport "unix" - did you forget to enable it when you configured PHP?]]
26.02.04 22:42:13 sendEvent [8.19] [cntr] [admin] [trialEnded] [] [exception: stream_socket_client failed, errstr: Unable to find the socket transport "unix" - did you forget to enable it when you configured PHP?]
26.02.04 22:42:13 sendStatusDoc [warn] [sendEvent [8.19] [cntr] [admin] [trialEnded] [] [exception: stream_socket_client failed, errstr: Unable to find the socket transport "unix" - did you forget to enable it when you configured PHP?]]
26.02.04 22:42:18 sendEvent [8.19] [resp] [admin] [setReadyMessage] [msg_adtIntro1,msg_adtIntro2,dot,msg_adtReady,,adt] [exception: stream_socket_client failed, errstr: Unable to find the socket transport "unix" - did you forget to enable it when you configured PHP?]
26.02.04 22:42:18 sendStatusDoc [warn] [sendEvent [8.19] [resp] [admin] [setReadyMessage] [msg_adtIntro1,msg_adtIntro2,dot,msg_adtReady,,adt] [exception: stream_socket_client failed, errstr: Unable to find the socket transport "unix" - did you forget to enable it when you configured PHP?]]
26.02.04 22:42:18 sendEvent [8.19] [resp] [admin] [startMultiTrials] [adt,cpt,trial,0,1,2,1,4] [exception: stream_socket_client failed, errstr: Unable to find the socket transport "unix" - did you forget to enable it when you configured PHP?]
26.02.04 22:42:18 sendStatusDoc [warn] [sendEvent [8.19] [resp] [admin] [startMultiTrials] [adt,cpt,trial,0,1,2,1,4] [exception: stream_socket_client failed, errstr: Unable to find the socket transport "unix" - did you forget to enable it when you configured PHP?]]
26.02.04 22:42:35 sendEvent [8.19] [cntr] [admin] [trialEnded] [] [exception: stream_socket_client failed, errstr: Unable to find the socket transport "unix" - did you forget to enable it when you configured PHP?]
26.02.04 22:42:35 sendStatusDoc [warn] [sendEvent [8.19] [cntr] [admin] [trialEnded] [] [exception: stream_socket_client failed, errstr: Unable to find the socket transport "unix" - did you forget to enable it when you configured PHP?]]
26.02.04 22:42:37 sendEvent [8.19] [resp] [admin] [setReadyMessage] [msg_adtIntro1,msg_adtIntro2,dot,msg_adtReady,,adt] [exception: stream_socket_client failed, errstr: Unable to find the socket transport "unix" - did you forget to enable it when you configured PHP?]
26.02.04 22:42:37 sendStatusDoc [warn] [sendEvent [8.19] [resp] [admin] [setReadyMessage] [msg_adtIntro1,msg_adtIntro2,dot,msg_adtReady,,adt] [exception: stream_socket_client failed, errstr: Unable to find the socket transport "unix" - did you forget to enable it when you configured PHP?]]
26.02.04 22:42:37 sendEvent [8.19] [resp] [admin] [startMultiTrials] [adt,cpm,trial,0,1,2,1,4] [exception: stream_socket_client failed, errstr: Unable to find the socket transport "unix" - did you forget to enable it when you configured PHP?]
26.02.04 22:42:37 sendStatusDoc [warn] [sendEvent [8.19] [resp] [admin] [startMultiTrials] [adt,cpm,trial,0,1,2,1,4] [exception: stream_socket_client failed, errstr: Unable to find the socket transport "unix" - did you forget to enable it when you configured PHP?]]
26.02.04 22:42:58 sendEvent [8.19] [cntr] [admin] [trialEnded] [] [exception: stream_socket_client failed, errstr: Unable to find the socket transport "unix" - did you forget to enable it when you configured PHP?]
26.02.04 22:42:58 sendStatusDoc [warn] [sendEvent [8.19] [cntr] [admin] [trialEnded] [] [exception: stream_socket_client failed, errstr: Unable to find the socket transport "unix" - did you forget to enable it when you configured PHP?]]
26.02.04 22:43:21 sendEvent [8.19] [resp] [admin] [endTrials] [adt,ctrl] [exception: stream_socket_client failed, errstr: Unable to find the socket transport "unix" - did you forget to enable it when you configured PHP?]
26.02.04 22:43:21 sendStatusDoc [warn] [sendEvent [8.19] [resp] [admin] [endTrials] [adt,ctrl] [exception: stream_socket_client failed, errstr: Unable to find the socket transport "unix" - did you forget to enable it when you configured PHP?]]
26.02.04 22:43:21 sendEvent [8.19] [resp] [admin] [endTrials] [adt,ctrl] [exception: stream_socket_client failed, errstr: Unable to find the socket transport "unix" - did you forget to enable it when you configured PHP?]
26.02.04 22:43:21 sendStatusDoc [warn] [sendEvent [8.19] [resp] [admin] [endTrials] [adt,ctrl] [exception: stream_socket_client failed, errstr: Unable to find the socket transport "unix" - did you forget to enable it when you configured PHP?]]
26.02.04 22:43:22 sendEvent [8.19] [cntr] [admin] [trialsEnded] [] [exception: stream_socket_client failed, errstr: Unable to find the socket transport "unix" - did you forget to enable it when you configured PHP?]
26.02.04 22:43:22 sendStatusDoc [warn] [sendEvent [8.19] [cntr] [admin] [trialsEnded] [] [exception: stream_socket_client failed, errstr: Unable to find the socket transport "unix" - did you forget to enable it when you configured PHP?]]
26.02.04 22:43:22 sendEvent [8.19] [cntr] [admin] [trialsEnded] [] [exception: stream_socket_client failed, errstr: Unable to find the socket transport "unix" - did you forget to enable it when you configured PHP?]
26.02.04 22:43:22 sendStatusDoc [warn] [sendEvent [8.19] [cntr] [admin] [trialsEnded] [] [exception: stream_socket_client failed, errstr: Unable to find the socket transport "unix" - did you forget to enable it when you configured PHP?]]
26.02.04 22:43:22 sendEvent [8.19] [resp] [admin] [endTrials] [adt,ctrl] [exception: stream_socket_client failed, errstr: Unable to find the socket transport "unix" - did you forget to enable it when you configured PHP?]
26.02.04 22:43:22 sendStatusDoc [warn] [sendEvent [8.19] [resp] [admin] [endTrials] [adt,ctrl] [exception: stream_socket_client failed, errstr: Unable to find the socket transport "unix" - did you forget to enable it when you configured PHP?]]
26.02.04 22:43:23 sendEvent [8.19] [cntr] [admin] [trialsEnded] [] [exception: stream_socket_client failed, errstr: Unable to find the socket transport "unix" - did you forget to enable it when you configured PHP?]
26.02.04 22:43:23 sendStatusDoc [warn] [sendEvent [8.19] [cntr] [admin] [trialsEnded] [] [exception: stream_socket_client failed, errstr: Unable to find the socket transport "unix" - did you forget to enable it when you configured PHP?]]
26.02.04 22:43:24 sendEvent [8.19] [resp] [admin] [endTest] [] [exception: stream_socket_client failed, errstr: Unable to find the socket transport "unix" - did you forget to enable it when you configured PHP?]
26.02.04 22:43:24 sendStatusDoc [warn] [sendEvent [8.19] [resp] [admin] [endTest] [] [exception: stream_socket_client failed, errstr: Unable to find the socket transport "unix" - did you forget to enable it when you configured PHP?]]
26.02.04 22:43:24 sendEvent [8.19] [cntr] [admin] [testEnded] [] [exception: stream_socket_client failed, errstr: Unable to find the socket transport "unix" - did you forget to enable it when you configured PHP?]
26.02.04 22:43:24 sendStatusDoc [warn] [sendEvent [8.19] [cntr] [admin] [testEnded] [] [exception: stream_socket_client failed, errstr: Unable to find the socket transport "unix" - did you forget to enable it when you configured PHP?]]
26.02.04 22:43:29 sendEvent [8.19] [resp] [admin] [setReadyMessage] [msg_adtIntro1,msg_adtIntro2,dot,msg_adtReady,,adth] [exception: stream_socket_client failed, errstr: Unable to find the socket transport "unix" - did you forget to enable it when you configured PHP?]
26.02.04 22:43:29 sendStatusDoc [warn] [sendEvent [8.19] [resp] [admin] [setReadyMessage] [msg_adtIntro1,msg_adtIntro2,dot,msg_adtReady,,adth] [exception: stream_socket_client failed, errstr: Unable to find the socket transport "unix" - did you forget to enable it when you configured PHP?]]
26.02.04 22:43:29 sendEvent [8.19] [resp] [admin] [startMultiTrials] [adth,ppl,trial,0,1,2,1,4] [exception: stream_socket_client failed, errstr: Unable to find the socket transport "unix" - did you forget to enable it when you configured PHP?]
26.02.04 22:43:29 sendStatusDoc [warn] [sendEvent [8.19] [resp] [admin] [startMultiTrials] [adth,ppl,trial,0,1,2,1,4] [exception: stream_socket_client failed, errstr: Unable to find the socket transport "unix" - did you forget to enable it when you configured PHP?]]
26.02.04 22:50:36 sendEvent [8.19] [resp] [admin] [setReadyMessage] [msg_adtIntro1,msg_adtIntro2,dot,msg_adtReady,,adt] [exception: stream_socket_client failed, errstr: Unable to find the socket transport "unix" - did you forget to enable it when you configured PHP?]
26.02.04 22:50:36 sendStatusDoc [warn] [sendEvent [8.19] [resp] [admin] [setReadyMessage] [msg_adtIntro1,msg_adtIntro2,dot,msg_adtReady,,adt] [exception: stream_socket_client failed, errstr: Unable to find the socket transport "unix" - did you forget to enable it when you configured PHP?]]
26.02.04 22:50:36 sendEvent [8.19] [resp] [admin] [startMultiTrials] [adt,ppb,trial,0,1,2,1,4] [exception: stream_socket_client failed, errstr: Unable to find the socket transport "unix" - did you forget to enable it when you configured PHP?]
26.02.04 22:50:36 sendStatusDoc [warn] [sendEvent [8.19] [resp] [admin] [startMultiTrials] [adt,ppb,trial,0,1,2,1,4] [exception: stream_socket_client failed, errstr: Unable to find the socket transport "unix" - did you forget to enable it when you configured PHP?]]
26.02.04 22:50:43 sendEvent [8.19] [cntr] [admin] [trialResult] [admin,1,2,adt,1,1770245441360,1770245441363,ppb,trial,1,,1,1429,1429,1429,btm,,0,0,0,0,3] [exception: stream_socket_client failed, errstr: Unable to find the socket transport "unix" - did you forget to enable it when you configured PHP?]
26.02.04 22:50:43 sendStatusDoc [warn] [sendEvent [8.19] [cntr] [admin] [trialResult] [admin,1,2,adt,1,1770245441360,1770245441363,ppb,trial,1,,1,1429,1429,1429,btm,,0,0,0,0,3] [exception: stream_socket_client failed, errstr: Unable to find the socket transport "unix" - did you forget to enable it when you configured PHP?]]
26.02.04 22:50:45 sendEvent [8.19] [cntr] [admin] [trialResult] [admin,1,2,adt,1,1770245442792,1770245443794,ppb,trial,2,,1,1149,1149,1149,btm,,0,0,0,0,2] [exception: stream_socket_client failed, errstr: Unable to find the socket transport "unix" - did you forget to enable it when you configured PHP?]
26.02.04 22:50:45 sendStatusDoc [warn] [sendEvent [8.19] [cntr] [admin] [trialResult] [admin,1,2,adt,1,1770245442792,1770245443794,ppb,trial,2,,1,1149,1149,1149,btm,,0,0,0,0,2] [exception: stream_socket_client failed, errstr: Unable to find the socket transport "unix" - did you forget to enable it when you configured PHP?]]
26.02.04 22:50:46 sendEvent [8.19] [cntr] [admin] [trialResult] [admin,1,2,adt,1,1770245444943,1770245445944,ppb,trial,3,,1,695,695,695,btm,,0,0,0,0,1] [exception: stream_socket_client failed, errstr: Unable to find the socket transport "unix" - did you forget to enable it when you configured PHP?]
26.02.04 22:50:46 sendStatusDoc [warn] [sendEvent [8.19] [cntr] [admin] [trialResult] [admin,1,2,adt,1,1770245444943,1770245445944,ppb,trial,3,,1,695,695,695,btm,,0,0,0,0,1] [exception: stream_socket_client failed, errstr: Unable to find the socket transport "unix" - did you forget to enable it when you configured PHP?]]
26.02.04 22:50:48 sendEvent [8.19] [cntr] [admin] [trialResult] [admin,1,2,adt,1,1770245446639,1770245447641,ppb,trial,4,,1,830,830,830,btm,,0,0,0,0,0] [exception: stream_socket_client failed, errstr: Unable to find the socket transport "unix" - did you forget to enable it when you configured PHP?]
26.02.04 22:50:48 sendStatusDoc [warn] [sendEvent [8.19] [cntr] [admin] [trialResult] [admin,1,2,adt,1,1770245446639,1770245447641,ppb,trial,4,,1,830,830,830,btm,,0,0,0,0,0] [exception: stream_socket_client failed, errstr: Unable to find the socket transport "unix" - did you forget to enable it when you configured PHP?]]
26.02.04 22:50:51 sendEvent [8.19] [cntr] [admin] [trialEnded] [] [exception: stream_socket_client failed, errstr: Unable to find the socket transport "unix" - did you forget to enable it when you configured PHP?]
26.02.04 22:50:51 sendStatusDoc [warn] [sendEvent [8.19] [cntr] [admin] [trialEnded] [] [exception: stream_socket_client failed, errstr: Unable to find the socket transport "unix" - did you forget to enable it when you configured PHP?]]
26.02.04 22:56:30 sendEvent [8.19] [resp] [admin] [setReadyMessage] [msg_adtIntro1,msg_adtIntro2,dot,msg_adtReady,,adth] [exception: stream_socket_client failed, errstr: Unable to find the socket transport "unix" - did you forget to enable it when you configured PHP?]
26.02.04 22:56:30 sendStatusDoc [warn] [sendEvent [8.19] [resp] [admin] [setReadyMessage] [msg_adtIntro1,msg_adtIntro2,dot,msg_adtReady,,adth] [exception: stream_socket_client failed, errstr: Unable to find the socket transport "unix" - did you forget to enable it when you configured PHP?]]
26.02.04 22:56:30 sendEvent [8.19] [resp] [admin] [startMultiTrials] [adth,ppl,trial,0,1,2,1,4] [exception: stream_socket_client failed, errstr: Unable to find the socket transport "unix" - did you forget to enable it when you configured PHP?]
26.02.04 22:56:30 sendStatusDoc [warn] [sendEvent [8.19] [resp] [admin] [startMultiTrials] [adth,ppl,trial,0,1,2,1,4] [exception: stream_socket_client failed, errstr: Unable to find the socket transport "unix" - did you forget to enable it when you configured PHP?]]
26.02.04 22:56:40 sendEvent [8.19] [cntr] [admin] [trialResult] [admin,1,2,adth,1,1770245797730,1770245797731,ppl,trial,1,,1,1997,1997,1997,lft,,0,0,0,0,3] [exception: stream_socket_client failed, errstr: Unable to find the socket transport "unix" - did you forget to enable it when you configured PHP?]
26.02.04 22:56:40 sendStatusDoc [warn] [sendEvent [8.19] [cntr] [admin] [trialResult] [admin,1,2,adth,1,1770245797730,1770245797731,ppl,trial,1,,1,1997,1997,1997,lft,,0,0,0,0,3] [exception: stream_socket_client failed, errstr: Unable to find the socket transport "unix" - did you forget to enable it when you configured PHP?]]
26.02.04 22:56:41 sendEvent [8.19] [cntr] [admin] [trialResult] [admin,1,2,adth,1,1770245799729,1770245800732,ppl,trial,2,,1,859,859,859,lft,,0,0,0,0,2] [exception: stream_socket_client failed, errstr: Unable to find the socket transport "unix" - did you forget to enable it when you configured PHP?]
26.02.04 22:56:41 sendStatusDoc [warn] [sendEvent [8.19] [cntr] [admin] [trialResult] [admin,1,2,adth,1,1770245799729,1770245800732,ppl,trial,2,,1,859,859,859,lft,,0,0,0,0,2] [exception: stream_socket_client failed, errstr: Unable to find the socket transport "unix" - did you forget to enable it when you configured PHP?]]
26.02.04 22:56:43 sendEvent [8.19] [cntr] [admin] [trialResult] [admin,1,2,adth,1,1770245801591,1770245802593,ppl,trial,3,,1,702,702,702,lft,,0,0,0,0,1] [exception: stream_socket_client failed, errstr: Unable to find the socket transport "unix" - did you forget to enable it when you configured PHP?]
26.02.04 22:56:43 sendStatusDoc [warn] [sendEvent [8.19] [cntr] [admin] [trialResult] [admin,1,2,adth,1,1770245801591,1770245802593,ppl,trial,3,,1,702,702,702,lft,,0,0,0,0,1] [exception: stream_socket_client failed, errstr: Unable to find the socket transport "unix" - did you forget to enable it when you configured PHP?]]
26.02.04 22:56:45 sendEvent [8.19] [cntr] [admin] [trialResult] [admin,1,2,adth,1,1770245803295,1770245804297,ppl,trial,4,,1,622,622,622,lft,,0,0,0,0,0] [exception: stream_socket_client failed, errstr: Unable to find the socket transport "unix" - did you forget to enable it when you configured PHP?]
26.02.04 22:56:45 sendStatusDoc [warn] [sendEvent [8.19] [cntr] [admin] [trialResult] [admin,1,2,adth,1,1770245803295,1770245804297,ppl,trial,4,,1,622,622,622,lft,,0,0,0,0,0] [exception: stream_socket_client failed, errstr: Unable to find the socket transport "unix" - did you forget to enable it when you configured PHP?]]
26.02.04 22:56:47 sendEvent [8.19] [cntr] [admin] [trialEnded] [] [exception: stream_socket_client failed, errstr: Unable to find the socket transport "unix" - did you forget to enable it when you configured PHP?]
26.02.04 22:56:47 sendStatusDoc [warn] [sendEvent [8.19] [cntr] [admin] [trialEnded] [] [exception: stream_socket_client failed, errstr: Unable to find the socket transport "unix" - did you forget to enable it when you configured PHP?]]
26.02.04 22:56:51 sendEvent [8.19] [resp] [admin] [endTrials] [adth,tspl] [exception: stream_socket_client failed, errstr: Unable to find the socket transport "unix" - did you forget to enable it when you configured PHP?]
26.02.04 22:56:51 sendStatusDoc [warn] [sendEvent [8.19] [resp] [admin] [endTrials] [adth,tspl] [exception: stream_socket_client failed, errstr: Unable to find the socket transport "unix" - did you forget to enable it when you configured PHP?]]
26.02.04 22:56:51 sendEvent [8.19] [resp] [admin] [endTrials] [adth,tspl] [exception: stream_socket_client failed, errstr: Unable to find the socket transport "unix" - did you forget to enable it when you configured PHP?]
26.02.04 22:56:51 sendStatusDoc [warn] [sendEvent [8.19] [resp] [admin] [endTrials] [adth,tspl] [exception: stream_socket_client failed, errstr: Unable to find the socket transport "unix" - did you forget to enable it when you configured PHP?]]
26.02.04 22:56:51 sendEvent [8.19] [cntr] [admin] [trialsEnded] [] [exception: stream_socket_client failed, errstr: Unable to find the socket transport "unix" - did you forget to enable it when you configured PHP?]
26.02.04 22:56:51 sendStatusDoc [warn] [sendEvent [8.19] [cntr] [admin] [trialsEnded] [] [exception: stream_socket_client failed, errstr: Unable to find the socket transport "unix" - did you forget to enable it when you configured PHP?]]
26.02.04 22:56:51 sendEvent [8.19] [cntr] [admin] [trialsEnded] [] [exception: stream_socket_client failed, errstr: Unable to find the socket transport "unix" - did you forget to enable it when you configured PHP?]
26.02.04 22:56:51 sendStatusDoc [warn] [sendEvent [8.19] [cntr] [admin] [trialsEnded] [] [exception: stream_socket_client failed, errstr: Unable to find the socket transport "unix" - did you forget to enable it when you configured PHP?]]
26.02.04 22:56:52 sendEvent [8.19] [resp] [admin] [endTrials] [adth,tspl] [exception: stream_socket_client failed, errstr: Unable to find the socket transport "unix" - did you forget to enable it when you configured PHP?]
26.02.04 22:56:52 sendStatusDoc [warn] [sendEvent [8.19] [resp] [admin] [endTrials] [adth,tspl] [exception: stream_socket_client failed, errstr: Unable to find the socket transport "unix" - did you forget to enable it when you configured PHP?]]
26.02.04 22:56:52 sendEvent [8.19] [cntr] [admin] [trialsEnded] [] [exception: stream_socket_client failed, errstr: Unable to find the socket transport "unix" - did you forget to enable it when you configured PHP?]
26.02.04 22:56:52 sendStatusDoc [warn] [sendEvent [8.19] [cntr] [admin] [trialsEnded] [] [exception: stream_socket_client failed, errstr: Unable to find the socket transport "unix" - did you forget to enable it when you configured PHP?]]
26.02.04 22:56:55 sendEvent [8.19] [resp] [admin] [setReadyMessage] [msg_adtIntro1,msg_adtIntro2,dot,msg_adtReady,,adth] [exception: stream_socket_client failed, errstr: Unable to find the socket transport "unix" - did you forget to enable it when you configured PHP?]
26.02.04 22:56:55 sendStatusDoc [warn] [sendEvent [8.19] [resp] [admin] [setReadyMessage] [msg_adtIntro1,msg_adtIntro2,dot,msg_adtReady,,adth] [exception: stream_socket_client failed, errstr: Unable to find the socket transport "unix" - did you forget to enable it when you configured PHP?]]
26.02.04 22:56:55 sendEvent [8.19] [resp] [admin] [startMultiTrials] [adth,cpr,trial,0,1,2,1,4] [exception: stream_socket_client failed, errstr: Unable to find the socket transport "unix" - did you forget to enable it when you configured PHP?]
26.02.04 22:56:55 sendStatusDoc [warn] [sendEvent [8.19] [resp] [admin] [startMultiTrials] [adth,cpr,trial,0,1,2,1,4] [exception: stream_socket_client failed, errstr: Unable to find the socket transport "unix" - did you forget to enable it when you configured PHP?]]
26.02.04 22:57:08 sendEvent [8.19] [resp] [admin] [cancelTrial] [] [exception: stream_socket_client failed, errstr: Unable to find the socket transport "unix" - did you forget to enable it when you configured PHP?]
26.02.04 22:57:08 sendStatusDoc [warn] [sendEvent [8.19] [resp] [admin] [cancelTrial] [] [exception: stream_socket_client failed, errstr: Unable to find the socket transport "unix" - did you forget to enable it when you configured PHP?]]
26.02.04 22:57:09 sendEvent [8.19] [cntr] [admin] [trialCancelled] [] [exception: stream_socket_client failed, errstr: Unable to find the socket transport "unix" - did you forget to enable it when you configured PHP?]
26.02.04 22:57:09 sendStatusDoc [warn] [sendEvent [8.19] [cntr] [admin] [trialCancelled] [] [exception: stream_socket_client failed, errstr: Unable to find the socket transport "unix" - did you forget to enable it when you configured PHP?]]
26.02.04 22:57:10 sendEvent [8.19] [resp] [admin] [setReadyMessage] [msg_adtIntro1,msg_adtIntro2,dot,msg_adtReady,,adth] [exception: stream_socket_client failed, errstr: Unable to find the socket transport "unix" - did you forget to enable it when you configured PHP?]
26.02.04 22:57:10 sendStatusDoc [warn] [sendEvent [8.19] [resp] [admin] [setReadyMessage] [msg_adtIntro1,msg_adtIntro2,dot,msg_adtReady,,adth] [exception: stream_socket_client failed, errstr: Unable to find the socket transport "unix" - did you forget to enable it when you configured PHP?]]
26.02.04 22:57:10 sendEvent [8.19] [resp] [admin] [startMultiTrials] [adth,cpl,trial,0,1,2,1,4] [exception: stream_socket_client failed, errstr: Unable to find the socket transport "unix" - did you forget to enable it when you configured PHP?]
26.02.04 22:57:10 sendStatusDoc [warn] [sendEvent [8.19] [resp] [admin] [startMultiTrials] [adth,cpl,trial,0,1,2,1,4] [exception: stream_socket_client failed, errstr: Unable to find the socket transport "unix" - did you forget to enable it when you configured PHP?]]
26.02.04 22:57:14 sendEvent [8.19] [resp] [admin] [cancelTrial] [] [exception: stream_socket_client failed, errstr: Unable to find the socket transport "unix" - did you forget to enable it when you configured PHP?]
26.02.04 22:57:14 sendStatusDoc [warn] [sendEvent [8.19] [resp] [admin] [cancelTrial] [] [exception: stream_socket_client failed, errstr: Unable to find the socket transport "unix" - did you forget to enable it when you configured PHP?]]
26.02.04 22:57:15 sendEvent [8.19] [resp] [admin] [cancelTrial] [] [exception: stream_socket_client failed, errstr: Unable to find the socket transport "unix" - did you forget to enable it when you configured PHP?]
26.02.04 22:57:15 sendStatusDoc [warn] [sendEvent [8.19] [resp] [admin] [cancelTrial] [] [exception: stream_socket_client failed, errstr: Unable to find the socket transport "unix" - did you forget to enable it when you configured PHP?]]
26.02.04 22:57:17 sendEvent [8.19] [resp] [admin] [cancelTrial] [] [exception: stream_socket_client failed, errstr: Unable to find the socket transport "unix" - did you forget to enable it when you configured PHP?]
26.02.04 22:57:17 sendStatusDoc [warn] [sendEvent [8.19] [resp] [admin] [cancelTrial] [] [exception: stream_socket_client failed, errstr: Unable to find the socket transport "unix" - did you forget to enable it when you configured PHP?]]
26.02.04 23:06:21 sendEvent [8.19] [resp] [admin] [setReadyMessage] [msg_adtIntro1,msg_adtIntro2,dot,msg_adtReady,,adt] [exception: stream_socket_client failed, errstr: Unable to find the socket transport "unix" - did you forget to enable it when you configured PHP?]
26.02.04 23:06:21 sendStatusDoc [warn] [sendEvent [8.19] [resp] [admin] [setReadyMessage] [msg_adtIntro1,msg_adtIntro2,dot,msg_adtReady,,adt] [exception: stream_socket_client failed, errstr: Unable to find the socket transport "unix" - did you forget to enable it when you configured PHP?]]
26.02.04 23:06:21 sendEvent [8.19] [resp] [admin] [startMultiTrials] [adt,ppt,trial,0,1,2,1,4] [exception: stream_socket_client failed, errstr: Unable to find the socket transport "unix" - did you forget to enable it when you configured PHP?]
26.02.04 23:06:21 sendStatusDoc [warn] [sendEvent [8.19] [resp] [admin] [startMultiTrials] [adt,ppt,trial,0,1,2,1,4] [exception: stream_socket_client failed, errstr: Unable to find the socket transport "unix" - did you forget to enable it when you configured PHP?]]
26.02.04 23:06:25 sendEvent [8.19] [cntr] [admin] [trialResult] [admin,1,2,adt,1,1770246384123,1770246384124,ppt,trial,1,,1,1268,1268,1268,top,,0,0,0,0,3] [exception: stream_socket_client failed, errstr: Unable to find the socket transport "unix" - did you forget to enable it when you configured PHP?]
26.02.04 23:06:25 sendStatusDoc [warn] [sendEvent [8.19] [cntr] [admin] [trialResult] [admin,1,2,adt,1,1770246384123,1770246384124,ppt,trial,1,,1,1268,1268,1268,top,,0,0,0,0,3] [exception: stream_socket_client failed, errstr: Unable to find the socket transport "unix" - did you forget to enable it when you configured PHP?]]
26.02.04 23:06:27 sendEvent [8.19] [cntr] [admin] [trialResult] [admin,1,2,adt,1,1770246385393,1770246386395,ppt,trial,2,,1,636,636,636,top,,0,0,0,0,2] [exception: stream_socket_client failed, errstr: Unable to find the socket transport "unix" - did you forget to enable it when you configured PHP?]
26.02.04 23:06:27 sendStatusDoc [warn] [sendEvent [8.19] [cntr] [admin] [trialResult] [admin,1,2,adt,1,1770246385393,1770246386395,ppt,trial,2,,1,636,636,636,top,,0,0,0,0,2] [exception: stream_socket_client failed, errstr: Unable to find the socket transport "unix" - did you forget to enable it when you configured PHP?]]
26.02.04 23:06:28 sendEvent [8.19] [cntr] [admin] [trialResult] [admin,1,2,adt,1,1770246387032,1770246388034,ppt,trial,3,,1,534,534,534,top,,0,0,0,0,1] [exception: stream_socket_client failed, errstr: Unable to find the socket transport "unix" - did you forget to enable it when you configured PHP?]
26.02.04 23:06:28 sendStatusDoc [warn] [sendEvent [8.19] [cntr] [admin] [trialResult] [admin,1,2,adt,1,1770246387032,1770246388034,ppt,trial,3,,1,534,534,534,top,,0,0,0,0,1] [exception: stream_socket_client failed, errstr: Unable to find the socket transport "unix" - did you forget to enable it when you configured PHP?]]
26.02.04 23:06:30 sendEvent [8.19] [cntr] [admin] [trialResult] [admin,1,2,adt,1,1770246388568,1770246389571,ppt,trial,4,,1,548,548,548,top,,0,0,0,0,0] [exception: stream_socket_client failed, errstr: Unable to find the socket transport "unix" - did you forget to enable it when you configured PHP?]
26.02.04 23:06:30 sendStatusDoc [warn] [sendEvent [8.19] [cntr] [admin] [trialResult] [admin,1,2,adt,1,1770246388568,1770246389571,ppt,trial,4,,1,548,548,548,top,,0,0,0,0,0] [exception: stream_socket_client failed, errstr: Unable to find the socket transport "unix" - did you forget to enable it when you configured PHP?]]
26.02.04 23:06:32 sendEvent [8.19] [cntr] [admin] [trialEnded] [] [exception: stream_socket_client failed, errstr: Unable to find the socket transport "unix" - did you forget to enable it when you configured PHP?]
26.02.04 23:06:32 sendStatusDoc [warn] [sendEvent [8.19] [cntr] [admin] [trialEnded] [] [exception: stream_socket_client failed, errstr: Unable to find the socket transport "unix" - did you forget to enable it when you configured PHP?]]
26.02.04 23:06:34 sendEvent [8.19] [resp] [admin] [endTrials] [adt,tspt] [exception: stream_socket_client failed, errstr: Unable to find the socket transport "unix" - did you forget to enable it when you configured PHP?]
26.02.04 23:06:34 sendStatusDoc [warn] [sendEvent [8.19] [resp] [admin] [endTrials] [adt,tspt] [exception: stream_socket_client failed, errstr: Unable to find the socket transport "unix" - did you forget to enable it when you configured PHP?]]
26.02.04 23:06:34 sendEvent [8.19] [resp] [admin] [endTrials] [adt,tspt] [exception: stream_socket_client failed, errstr: Unable to find the socket transport "unix" - did you forget to enable it when you configured PHP?]
26.02.04 23:06:34 sendStatusDoc [warn] [sendEvent [8.19] [resp] [admin] [endTrials] [adt,tspt] [exception: stream_socket_client failed, errstr: Unable to find the socket transport "unix" - did you forget to enable it when you configured PHP?]]
26.02.04 23:06:35 sendEvent [8.19] [cntr] [admin] [trialsEnded] [] [exception: stream_socket_client failed, errstr: Unable to find the socket transport "unix" - did you forget to enable it when you configured PHP?]
26.02.04 23:06:35 sendStatusDoc [warn] [sendEvent [8.19] [cntr] [admin] [trialsEnded] [] [exception: stream_socket_client failed, errstr: Unable to find the socket transport "unix" - did you forget to enable it when you configured PHP?]]
26.02.04 23:06:35 sendEvent [8.19] [cntr] [admin] [trialsEnded] [] [exception: stream_socket_client failed, errstr: Unable to find the socket transport "unix" - did you forget to enable it when you configured PHP?]
26.02.04 23:06:35 sendStatusDoc [warn] [sendEvent [8.19] [cntr] [admin] [trialsEnded] [] [exception: stream_socket_client failed, errstr: Unable to find the socket transport "unix" - did you forget to enable it when you configured PHP?]]
26.02.04 23:06:37 sendEvent [8.19] [resp] [admin] [setReadyMessage] [msg_adtIntro1,msg_adtIntro2,dot,msg_adtReady,,adt] [exception: stream_socket_client failed, errstr: Unable to find the socket transport "unix" - did you forget to enable it when you configured PHP?]
26.02.04 23:06:37 sendStatusDoc [warn] [sendEvent [8.19] [resp] [admin] [setReadyMessage] [msg_adtIntro1,msg_adtIntro2,dot,msg_adtReady,,adt] [exception: stream_socket_client failed, errstr: Unable to find the socket transport "unix" - did you forget to enable it when you configured PHP?]]
26.02.04 23:06:37 sendEvent [8.19] [resp] [admin] [startMultiTrials] [adt,ppb,trial,0,1,2,1,4] [exception: stream_socket_client failed, errstr: Unable to find the socket transport "unix" - did you forget to enable it when you configured PHP?]
26.02.04 23:06:37 sendStatusDoc [warn] [sendEvent [8.19] [resp] [admin] [startMultiTrials] [adt,ppb,trial,0,1,2,1,4] [exception: stream_socket_client failed, errstr: Unable to find the socket transport "unix" - did you forget to enable it when you configured PHP?]]
26.02.04 23:06:41 sendEvent [8.19] [cntr] [admin] [trialResult] [admin,1,2,adt,1,1770246399928,1770246399929,ppb,trial,1,,1,1008,1008,1008,btm,,0,0,0,0,3] [exception: stream_socket_client failed, errstr: Unable to find the socket transport "unix" - did you forget to enable it when you configured PHP?]
26.02.04 23:06:41 sendStatusDoc [warn] [sendEvent [8.19] [cntr] [admin] [trialResult] [admin,1,2,adt,1,1770246399928,1770246399929,ppb,trial,1,,1,1008,1008,1008,btm,,0,0,0,0,3] [exception: stream_socket_client failed, errstr: Unable to find the socket transport "unix" - did you forget to enable it when you configured PHP?]]
26.02.04 23:06:42 sendEvent [8.19] [cntr] [admin] [trialResult] [admin,1,2,adt,1,1770246400937,1770246401939,ppb,trial,2,,1,556,556,556,btm,,0,0,0,0,2] [exception: stream_socket_client failed, errstr: Unable to find the socket transport "unix" - did you forget to enable it when you configured PHP?]
26.02.04 23:06:42 sendStatusDoc [warn] [sendEvent [8.19] [cntr] [admin] [trialResult] [admin,1,2,adt,1,1770246400937,1770246401939,ppb,trial,2,,1,556,556,556,btm,,0,0,0,0,2] [exception: stream_socket_client failed, errstr: Unable to find the socket transport "unix" - did you forget to enable it when you configured PHP?]]
26.02.04 23:06:44 sendEvent [8.19] [cntr] [admin] [trialResult] [admin,1,2,adt,1,1770246402496,1770246403499,ppb,trial,3,,1,684,684,684,btm,,0,0,0,0,1] [exception: stream_socket_client failed, errstr: Unable to find the socket transport "unix" - did you forget to enable it when you configured PHP?]
26.02.04 23:06:44 sendStatusDoc [warn] [sendEvent [8.19] [cntr] [admin] [trialResult] [admin,1,2,adt,1,1770246402496,1770246403499,ppb,trial,3,,1,684,684,684,btm,,0,0,0,0,1] [exception: stream_socket_client failed, errstr: Unable to find the socket transport "unix" - did you forget to enable it when you configured PHP?]]
26.02.04 23:06:46 sendEvent [8.19] [cntr] [admin] [trialResult] [admin,1,2,adt,1,1770246404184,1770246405188,ppb,trial,4,,1,795,795,795,btm,,0,0,0,0,0] [exception: stream_socket_client failed, errstr: Unable to find the socket transport "unix" - did you forget to enable it when you configured PHP?]
26.02.04 23:06:46 sendStatusDoc [warn] [sendEvent [8.19] [cntr] [admin] [trialResult] [admin,1,2,adt,1,1770246404184,1770246405188,ppb,trial,4,,1,795,795,795,btm,,0,0,0,0,0] [exception: stream_socket_client failed, errstr: Unable to find the socket transport "unix" - did you forget to enable it when you configured PHP?]]
26.02.04 23:06:48 sendEvent [8.19] [cntr] [admin] [trialEnded] [] [exception: stream_socket_client failed, errstr: Unable to find the socket transport "unix" - did you forget to enable it when you configured PHP?]
26.02.04 23:06:48 sendStatusDoc [warn] [sendEvent [8.19] [cntr] [admin] [trialEnded] [] [exception: stream_socket_client failed, errstr: Unable to find the socket transport "unix" - did you forget to enable it when you configured PHP?]]
26.02.04 23:06:51 sendEvent [8.19] [resp] [admin] [endTrials] [adt,tspb] [exception: stream_socket_client failed, errstr: Unable to find the socket transport "unix" - did you forget to enable it when you configured PHP?]
26.02.04 23:06:51 sendStatusDoc [warn] [sendEvent [8.19] [resp] [admin] [endTrials] [adt,tspb] [exception: stream_socket_client failed, errstr: Unable to find the socket transport "unix" - did you forget to enable it when you configured PHP?]]
26.02.04 23:06:52 sendEvent [8.19] [resp] [admin] [endTrials] [adt,tspb] [exception: stream_socket_client failed, errstr: Unable to find the socket transport "unix" - did you forget to enable it when you configured PHP?]
26.02.04 23:06:52 sendStatusDoc [warn] [sendEvent [8.19] [resp] [admin] [endTrials] [adt,tspb] [exception: stream_socket_client failed, errstr: Unable to find the socket transport "unix" - did you forget to enable it when you configured PHP?]]
26.02.04 23:06:52 sendEvent [8.19] [cntr] [admin] [trialsEnded] [] [exception: stream_socket_client failed, errstr: Unable to find the socket transport "unix" - did you forget to enable it when you configured PHP?]
26.02.04 23:06:52 sendStatusDoc [warn] [sendEvent [8.19] [cntr] [admin] [trialsEnded] [] [exception: stream_socket_client failed, errstr: Unable to find the socket transport "unix" - did you forget to enable it when you configured PHP?]]
26.02.04 23:06:52 sendEvent [8.19] [cntr] [admin] [trialsEnded] [] [exception: stream_socket_client failed, errstr: Unable to find the socket transport "unix" - did you forget to enable it when you configured PHP?]
26.02.04 23:06:52 sendStatusDoc [warn] [sendEvent [8.19] [cntr] [admin] [trialsEnded] [] [exception: stream_socket_client failed, errstr: Unable to find the socket transport "unix" - did you forget to enable it when you configured PHP?]]
26.02.04 23:06:58 sendEvent [8.19] [resp] [admin] [setReadyMessage] [msg_adtIntro1,msg_adtIntro2,dot,msg_adtReady,,adt] [exception: stream_socket_client failed, errstr: Unable to find the socket transport "unix" - did you forget to enable it when you configured PHP?]
26.02.04 23:06:58 sendStatusDoc [warn] [sendEvent [8.19] [resp] [admin] [setReadyMessage] [msg_adtIntro1,msg_adtIntro2,dot,msg_adtReady,,adt] [exception: stream_socket_client failed, errstr: Unable to find the socket transport "unix" - did you forget to enable it when you configured PHP?]]
26.02.04 23:06:58 sendEvent [8.19] [resp] [admin] [startMultiTrials] [adt,cpb,trial,0,1,2,1,4] [exception: stream_socket_client failed, errstr: Unable to find the socket transport "unix" - did you forget to enable it when you configured PHP?]
26.02.04 23:06:58 sendStatusDoc [warn] [sendEvent [8.19] [resp] [admin] [startMultiTrials] [adt,cpb,trial,0,1,2,1,4] [exception: stream_socket_client failed, errstr: Unable to find the socket transport "unix" - did you forget to enable it when you configured PHP?]]
26.02.04 23:07:02 sendEvent [8.19] [cntr] [admin] [trialResult] [admin,1,2,adt,1,1770246421558,1770246421559,cpb,trial,1,,1,961,961,961,btm,,0,0,0,0,3] [exception: stream_socket_client failed, errstr: Unable to find the socket transport "unix" - did you forget to enable it when you configured PHP?]
26.02.04 23:07:02 sendStatusDoc [warn] [sendEvent [8.19] [cntr] [admin] [trialResult] [admin,1,2,adt,1,1770246421558,1770246421559,cpb,trial,1,,1,961,961,961,btm,,0,0,0,0,3] [exception: stream_socket_client failed, errstr: Unable to find the socket transport "unix" - did you forget to enable it when you configured PHP?]]
26.02.04 23:07:04 sendEvent [8.19] [cntr] [admin] [trialResult] [admin,1,2,adt,1,1770246422520,1770246423522,cpb,trial,2,,1,1109,1109,1109,btm,,0,0,0,0,2] [exception: stream_socket_client failed, errstr: Unable to find the socket transport "unix" - did you forget to enable it when you configured PHP?]
26.02.04 23:07:04 sendStatusDoc [warn] [sendEvent [8.19] [cntr] [admin] [trialResult] [admin,1,2,adt,1,1770246422520,1770246423522,cpb,trial,2,,1,1109,1109,1109,btm,,0,0,0,0,2] [exception: stream_socket_client failed, errstr: Unable to find the socket transport "unix" - did you forget to enable it when you configured PHP?]]
26.02.04 23:07:06 sendEvent [8.19] [cntr] [admin] [trialResult] [admin,1,2,adt,1,1770246424631,1770246425634,cpb,trial,3,,1,510,510,510,btm,,0,0,0,0,1] [exception: stream_socket_client failed, errstr: Unable to find the socket transport "unix" - did you forget to enable it when you configured PHP?]
26.02.04 23:07:06 sendStatusDoc [warn] [sendEvent [8.19] [cntr] [admin] [trialResult] [admin,1,2,adt,1,1770246424631,1770246425634,cpb,trial,3,,1,510,510,510,btm,,0,0,0,0,1] [exception: stream_socket_client failed, errstr: Unable to find the socket transport "unix" - did you forget to enable it when you configured PHP?]]
26.02.04 23:07:08 sendEvent [8.19] [cntr] [admin] [trialResult] [admin,1,2,adt,1,1770246426144,1770246427145,cpb,trial,4,,1,582,582,582,btm,,0,0,0,0,0] [exception: stream_socket_client failed, errstr: Unable to find the socket transport "unix" - did you forget to enable it when you configured PHP?]
26.02.04 23:07:08 sendStatusDoc [warn] [sendEvent [8.19] [cntr] [admin] [trialResult] [admin,1,2,adt,1,1770246426144,1770246427145,cpb,trial,4,,1,582,582,582,btm,,0,0,0,0,0] [exception: stream_socket_client failed, errstr: Unable to find the socket transport "unix" - did you forget to enable it when you configured PHP?]]
26.02.04 23:07:10 sendEvent [8.19] [cntr] [admin] [trialEnded] [] [exception: stream_socket_client failed, errstr: Unable to find the socket transport "unix" - did you forget to enable it when you configured PHP?]
26.02.04 23:07:10 sendStatusDoc [warn] [sendEvent [8.19] [cntr] [admin] [trialEnded] [] [exception: stream_socket_client failed, errstr: Unable to find the socket transport "unix" - did you forget to enable it when you configured PHP?]]
26.02.04 23:07:11 sendEvent [8.19] [resp] [admin] [setReadyMessage] [msg_adtIntro1,msg_adtIntro2,dot,msg_adtReady,,adt] [exception: stream_socket_client failed, errstr: Unable to find the socket transport "unix" - did you forget to enable it when you configured PHP?]
26.02.04 23:07:11 sendStatusDoc [warn] [sendEvent [8.19] [resp] [admin] [setReadyMessage] [msg_adtIntro1,msg_adtIntro2,dot,msg_adtReady,,adt] [exception: stream_socket_client failed, errstr: Unable to find the socket transport "unix" - did you forget to enable it when you configured PHP?]]
26.02.04 23:07:11 sendEvent [8.19] [resp] [admin] [startMultiTrials] [adt,cpt,trial,0,1,2,1,4] [exception: stream_socket_client failed, errstr: Unable to find the socket transport "unix" - did you forget to enable it when you configured PHP?]
26.02.04 23:07:11 sendStatusDoc [warn] [sendEvent [8.19] [resp] [admin] [startMultiTrials] [adt,cpt,trial,0,1,2,1,4] [exception: stream_socket_client failed, errstr: Unable to find the socket transport "unix" - did you forget to enable it when you configured PHP?]]
26.02.04 23:07:14 sendEvent [8.19] [cntr] [admin] [trialResult] [admin,1,2,adt,1,1770246433795,1770246433797,cpt,trial,1,,1,906,906,906,top,,0,0,0,0,3] [exception: stream_socket_client failed, errstr: Unable to find the socket transport "unix" - did you forget to enable it when you configured PHP?]
26.02.04 23:07:14 sendStatusDoc [warn] [sendEvent [8.19] [cntr] [admin] [trialResult] [admin,1,2,adt,1,1770246433795,1770246433797,cpt,trial,1,,1,906,906,906,top,,0,0,0,0,3] [exception: stream_socket_client failed, errstr: Unable to find the socket transport "unix" - did you forget to enable it when you configured PHP?]]
26.02.04 23:07:16 sendEvent [8.19] [cntr] [admin] [trialResult] [admin,1,2,adt,1,1770246434704,1770246435705,cpt,trial,2,,1,790,790,790,top,,0,0,0,0,2] [exception: stream_socket_client failed, errstr: Unable to find the socket transport "unix" - did you forget to enable it when you configured PHP?]
26.02.04 23:07:16 sendStatusDoc [warn] [sendEvent [8.19] [cntr] [admin] [trialResult] [admin,1,2,adt,1,1770246434704,1770246435705,cpt,trial,2,,1,790,790,790,top,,0,0,0,0,2] [exception: stream_socket_client failed, errstr: Unable to find the socket transport "unix" - did you forget to enable it when you configured PHP?]]
26.02.04 23:07:18 sendEvent [8.19] [cntr] [admin] [trialResult] [admin,1,2,adt,1,1770246436495,1770246437498,cpt,trial,3,,1,580,581,581,top,,0,0,0,0,1] [exception: stream_socket_client failed, errstr: Unable to find the socket transport "unix" - did you forget to enable it when you configured PHP?]
26.02.04 23:07:18 sendStatusDoc [warn] [sendEvent [8.19] [cntr] [admin] [trialResult] [admin,1,2,adt,1,1770246436495,1770246437498,cpt,trial,3,,1,580,581,581,top,,0,0,0,0,1] [exception: stream_socket_client failed, errstr: Unable to find the socket transport "unix" - did you forget to enable it when you configured PHP?]]
26.02.04 23:07:19 sendEvent [8.19] [cntr] [admin] [trialResult] [admin,1,2,adt,1,1770246438079,1770246439082,cpt,trial,4,,1,605,605,605,top,,0,0,0,0,0] [exception: stream_socket_client failed, errstr: Unable to find the socket transport "unix" - did you forget to enable it when you configured PHP?]
26.02.04 23:07:19 sendStatusDoc [warn] [sendEvent [8.19] [cntr] [admin] [trialResult] [admin,1,2,adt,1,1770246438079,1770246439082,cpt,trial,4,,1,605,605,605,top,,0,0,0,0,0] [exception: stream_socket_client failed, errstr: Unable to find the socket transport "unix" - did you forget to enable it when you configured PHP?]]
26.02.04 23:07:26 sendEvent [8.19] [resp] [admin] [setReadyMessage] [msg_adtIntro1,msg_adtIntro2,dot,msg_adtReady,,adt] [exception: stream_socket_client failed, errstr: Unable to find the socket transport "unix" - did you forget to enable it when you configured PHP?]
26.02.04 23:07:26 sendStatusDoc [warn] [sendEvent [8.19] [resp] [admin] [setReadyMessage] [msg_adtIntro1,msg_adtIntro2,dot,msg_adtReady,,adt] [exception: stream_socket_client failed, errstr: Unable to find the socket transport "unix" - did you forget to enable it when you configured PHP?]]
26.02.04 23:07:26 sendEvent [8.19] [resp] [admin] [startMultiTrials] [adt,cpm,trial,0,1,2,1,4] [exception: stream_socket_client failed, errstr: Unable to find the socket transport "unix" - did you forget to enable it when you configured PHP?]
26.02.04 23:07:26 sendStatusDoc [warn] [sendEvent [8.19] [resp] [admin] [startMultiTrials] [adt,cpm,trial,0,1,2,1,4] [exception: stream_socket_client failed, errstr: Unable to find the socket transport "unix" - did you forget to enable it when you configured PHP?]]
26.02.04 23:07:28 sendEvent [8.19] [cntr] [admin] [trialEnded] [] [exception: stream_socket_client failed, errstr: Unable to find the socket transport "unix" - did you forget to enable it when you configured PHP?]
26.02.04 23:07:28 sendStatusDoc [warn] [sendEvent [8.19] [cntr] [admin] [trialEnded] [] [exception: stream_socket_client failed, errstr: Unable to find the socket transport "unix" - did you forget to enable it when you configured PHP?]]
26.02.04 23:07:31 sendEvent [8.19] [cntr] [admin] [trialResult] [admin,1,2,adt,1,1770246450287,1770246450289,cpm,trial,1,,1,477,630,630,mdl,,0,0,0,0,3] [exception: stream_socket_client failed, errstr: Unable to find the socket transport "unix" - did you forget to enable it when you configured PHP?]
26.02.04 23:07:31 sendStatusDoc [warn] [sendEvent [8.19] [cntr] [admin] [trialResult] [admin,1,2,adt,1,1770246450287,1770246450289,cpm,trial,1,,1,477,630,630,mdl,,0,0,0,0,3] [exception: stream_socket_client failed, errstr: Unable to find the socket transport "unix" - did you forget to enable it when you configured PHP?]]
26.02.04 23:07:32 sendEvent [8.19] [cntr] [admin] [trialResult] [admin,1,2,adt,1,1770246450920,1770246451929,cpm,trial,2,,1,318,318,318,mdl,,0,0,0,0,2] [exception: stream_socket_client failed, errstr: Unable to find the socket transport "unix" - did you forget to enable it when you configured PHP?]
26.02.04 23:07:32 sendStatusDoc [warn] [sendEvent [8.19] [cntr] [admin] [trialResult] [admin,1,2,adt,1,1770246450920,1770246451929,cpm,trial,2,,1,318,318,318,mdl,,0,0,0,0,2] [exception: stream_socket_client failed, errstr: Unable to find the socket transport "unix" - did you forget to enable it when you configured PHP?]]
26.02.04 23:07:33 sendEvent [8.19] [cntr] [admin] [trialResult] [admin,1,2,adt,1,1770246452247,1770246453263,cpm,trial,3,,1,320,320,320,mdl,,0,0,0,0,1] [exception: stream_socket_client failed, errstr: Unable to find the socket transport "unix" - did you forget to enable it when you configured PHP?]
26.02.04 23:07:33 sendStatusDoc [warn] [sendEvent [8.19] [cntr] [admin] [trialResult] [admin,1,2,adt,1,1770246452247,1770246453263,cpm,trial,3,,1,320,320,320,mdl,,0,0,0,0,1] [exception: stream_socket_client failed, errstr: Unable to find the socket transport "unix" - did you forget to enable it when you configured PHP?]]
26.02.04 23:07:35 sendEvent [8.19] [cntr] [admin] [trialResult] [admin,1,2,adt,1,1770246453584,1770246454600,cpm,trial,4,,1,271,271,271,mdl,,0,0,0,0,0] [exception: stream_socket_client failed, errstr: Unable to find the socket transport "unix" - did you forget to enable it when you configured PHP?]
26.02.04 23:07:35 sendStatusDoc [warn] [sendEvent [8.19] [cntr] [admin] [trialResult] [admin,1,2,adt,1,1770246453584,1770246454600,cpm,trial,4,,1,271,271,271,mdl,,0,0,0,0,0] [exception: stream_socket_client failed, errstr: Unable to find the socket transport "unix" - did you forget to enable it when you configured PHP?]]
26.02.04 23:07:44 sendEvent [8.19] [cntr] [admin] [trialEnded] [] [exception: stream_socket_client failed, errstr: Unable to find the socket transport "unix" - did you forget to enable it when you configured PHP?]
26.02.04 23:07:44 sendStatusDoc [warn] [sendEvent [8.19] [cntr] [admin] [trialEnded] [] [exception: stream_socket_client failed, errstr: Unable to find the socket transport "unix" - did you forget to enable it when you configured PHP?]]
26.02.04 23:07:44 sendEvent [8.19] [resp] [admin] [endTrials] [adt,ctrl] [exception: stream_socket_client failed, errstr: Unable to find the socket transport "unix" - did you forget to enable it when you configured PHP?]
26.02.04 23:07:44 sendStatusDoc [warn] [sendEvent [8.19] [resp] [admin] [endTrials] [adt,ctrl] [exception: stream_socket_client failed, errstr: Unable to find the socket transport "unix" - did you forget to enable it when you configured PHP?]]
26.02.04 23:07:44 sendEvent [8.19] [resp] [admin] [endTrials] [adt,ctrl] [exception: stream_socket_client failed, errstr: Unable to find the socket transport "unix" - did you forget to enable it when you configured PHP?]
26.02.04 23:07:44 sendStatusDoc [warn] [sendEvent [8.19] [resp] [admin] [endTrials] [adt,ctrl] [exception: stream_socket_client failed, errstr: Unable to find the socket transport "unix" - did you forget to enable it when you configured PHP?]]
26.02.04 23:07:45 sendEvent [8.19] [cntr] [admin] [trialsEnded] [] [exception: stream_socket_client failed, errstr: Unable to find the socket transport "unix" - did you forget to enable it when you configured PHP?]
26.02.04 23:07:45 sendStatusDoc [warn] [sendEvent [8.19] [cntr] [admin] [trialsEnded] [] [exception: stream_socket_client failed, errstr: Unable to find the socket transport "unix" - did you forget to enable it when you configured PHP?]]
26.02.04 23:07:45 sendEvent [8.19] [cntr] [admin] [trialsEnded] [] [exception: stream_socket_client failed, errstr: Unable to find the socket transport "unix" - did you forget to enable it when you configured PHP?]
26.02.04 23:07:45 sendStatusDoc [warn] [sendEvent [8.19] [cntr] [admin] [trialsEnded] [] [exception: stream_socket_client failed, errstr: Unable to find the socket transport "unix" - did you forget to enable it when you configured PHP?]]
26.02.04 23:07:45 sendEvent [8.19] [resp] [admin] [endTrials] [adt,ctrl] [exception: stream_socket_client failed, errstr: Unable to find the socket transport "unix" - did you forget to enable it when you configured PHP?]
26.02.04 23:07:45 sendStatusDoc [warn] [sendEvent [8.19] [resp] [admin] [endTrials] [adt,ctrl] [exception: stream_socket_client failed, errstr: Unable to find the socket transport "unix" - did you forget to enable it when you configured PHP?]]
26.02.04 23:07:45 sendEvent [8.19] [cntr] [admin] [trialsEnded] [] [exception: stream_socket_client failed, errstr: Unable to find the socket transport "unix" - did you forget to enable it when you configured PHP?]
26.02.04 23:07:45 sendStatusDoc [warn] [sendEvent [8.19] [cntr] [admin] [trialsEnded] [] [exception: stream_socket_client failed, errstr: Unable to find the socket transport "unix" - did you forget to enable it when you configured PHP?]]
26.02.04 23:07:49 sendEvent [8.19] [resp] [admin] [endTest] [] [exception: stream_socket_client failed, errstr: Unable to find the socket transport "unix" - did you forget to enable it when you configured PHP?]
26.02.04 23:07:49 sendStatusDoc [warn] [sendEvent [8.19] [resp] [admin] [endTest] [] [exception: stream_socket_client failed, errstr: Unable to find the socket transport "unix" - did you forget to enable it when you configured PHP?]]
26.02.04 23:07:49 sendEvent [8.19] [cntr] [admin] [testEnded] [] [exception: stream_socket_client failed, errstr: Unable to find the socket transport "unix" - did you forget to enable it when you configured PHP?]
26.02.04 23:07:49 sendStatusDoc [warn] [sendEvent [8.19] [cntr] [admin] [testEnded] [] [exception: stream_socket_client failed, errstr: Unable to find the socket transport "unix" - did you forget to enable it when you configured PHP?]]
26.02.04 23:07:53 sendEvent [8.19] [resp] [admin] [setReadyMessage] [msg_adtIntro1,msg_adtIntro2,dot,msg_adtReady,,adth] [exception: stream_socket_client failed, errstr: Unable to find the socket transport "unix" - did you forget to enable it when you configured PHP?]
26.02.04 23:07:53 sendStatusDoc [warn] [sendEvent [8.19] [resp] [admin] [setReadyMessage] [msg_adtIntro1,msg_adtIntro2,dot,msg_adtReady,,adth] [exception: stream_socket_client failed, errstr: Unable to find the socket transport "unix" - did you forget to enable it when you configured PHP?]]
26.02.04 23:07:53 sendEvent [8.19] [resp] [admin] [startMultiTrials] [adth,ppl,trial,0,1,2,1,4] [exception: stream_socket_client failed, errstr: Unable to find the socket transport "unix" - did you forget to enable it when you configured PHP?]
26.02.04 23:07:53 sendStatusDoc [warn] [sendEvent [8.19] [resp] [admin] [startMultiTrials] [adth,ppl,trial,0,1,2,1,4] [exception: stream_socket_client failed, errstr: Unable to find the socket transport "unix" - did you forget to enable it when you configured PHP?]]
26.02.04 23:11:09 sendEvent [8.19] [resp] [admin] [setReadyMessage] [msg_adtIntro1,msg_adtIntro2,dot,msg_adtReady,,adth] [exception: stream_socket_client failed, errstr: Unable to find the socket transport "unix" - did you forget to enable it when you configured PHP?]
26.02.04 23:11:09 sendStatusDoc [warn] [sendEvent [8.19] [resp] [admin] [setReadyMessage] [msg_adtIntro1,msg_adtIntro2,dot,msg_adtReady,,adth] [exception: stream_socket_client failed, errstr: Unable to find the socket transport "unix" - did you forget to enable it when you configured PHP?]]
26.02.04 23:11:09 sendEvent [8.19] [resp] [admin] [startMultiTrials] [adth,ppl,trial,0,1,2,1,4] [exception: stream_socket_client failed, errstr: Unable to find the socket transport "unix" - did you forget to enable it when you configured PHP?]
26.02.04 23:11:09 sendStatusDoc [warn] [sendEvent [8.19] [resp] [admin] [startMultiTrials] [adth,ppl,trial,0,1,2,1,4] [exception: stream_socket_client failed, errstr: Unable to find the socket transport "unix" - did you forget to enable it when you configured PHP?]]
26.02.04 23:11:15 sendEvent [8.19] [cntr] [admin] [trialResult] [admin,1,2,adth,1,1770246673857,1770246673859,ppl,trial,1,,1,1133,1133,1133,lft,,0,0,0,0,3] [exception: stream_socket_client failed, errstr: Unable to find the socket transport "unix" - did you forget to enable it when you configured PHP?]
26.02.04 23:11:15 sendStatusDoc [warn] [sendEvent [8.19] [cntr] [admin] [trialResult] [admin,1,2,adth,1,1770246673857,1770246673859,ppl,trial,1,,1,1133,1133,1133,lft,,0,0,0,0,3] [exception: stream_socket_client failed, errstr: Unable to find the socket transport "unix" - did you forget to enable it when you configured PHP?]]
26.02.04 23:11:17 sendEvent [8.19] [cntr] [admin] [trialResult] [admin,1,2,adth,1,1770246674992,1770246675994,ppl,trial,2,,1,1061,1061,1061,lft,,0,0,0,0,2] [exception: stream_socket_client failed, errstr: Unable to find the socket transport "unix" - did you forget to enable it when you configured PHP?]
26.02.04 23:11:17 sendStatusDoc [warn] [sendEvent [8.19] [cntr] [admin] [trialResult] [admin,1,2,adth,1,1770246674992,1770246675994,ppl,trial,2,,1,1061,1061,1061,lft,,0,0,0,0,2] [exception: stream_socket_client failed, errstr: Unable to find the socket transport "unix" - did you forget to enable it when you configured PHP?]]
26.02.04 23:11:18 sendEvent [8.19] [cntr] [admin] [trialResult] [admin,1,2,adth,1,1770246677055,1770246678073,ppl,trial,3,,1,486,486,486,lft,,0,0,0,0,1] [exception: stream_socket_client failed, errstr: Unable to find the socket transport "unix" - did you forget to enable it when you configured PHP?]
26.02.04 23:11:18 sendStatusDoc [warn] [sendEvent [8.19] [cntr] [admin] [trialResult] [admin,1,2,adth,1,1770246677055,1770246678073,ppl,trial,3,,1,486,486,486,lft,,0,0,0,0,1] [exception: stream_socket_client failed, errstr: Unable to find the socket transport "unix" - did you forget to enable it when you configured PHP?]]
26.02.04 23:11:20 sendEvent [8.19] [cntr] [admin] [trialResult] [admin,1,2,adth,1,1770246678560,1770246679562,ppl,trial,4,,1,597,597,597,lft,,0,0,0,0,0] [exception: stream_socket_client failed, errstr: Unable to find the socket transport "unix" - did you forget to enable it when you configured PHP?]
26.02.04 23:11:20 sendStatusDoc [warn] [sendEvent [8.19] [cntr] [admin] [trialResult] [admin,1,2,adth,1,1770246678560,1770246679562,ppl,trial,4,,1,597,597,597,lft,,0,0,0,0,0] [exception: stream_socket_client failed, errstr: Unable to find the socket transport "unix" - did you forget to enable it when you configured PHP?]]
26.02.04 23:11:22 sendEvent [8.19] [cntr] [admin] [trialEnded] [] [exception: stream_socket_client failed, errstr: Unable to find the socket transport "unix" - did you forget to enable it when you configured PHP?]
26.02.04 23:11:22 sendStatusDoc [warn] [sendEvent [8.19] [cntr] [admin] [trialEnded] [] [exception: stream_socket_client failed, errstr: Unable to find the socket transport "unix" - did you forget to enable it when you configured PHP?]]
26.02.04 23:11:24 sendEvent [8.19] [resp] [admin] [endTrials] [adth,tspl] [exception: stream_socket_client failed, errstr: Unable to find the socket transport "unix" - did you forget to enable it when you configured PHP?]
26.02.04 23:11:24 sendStatusDoc [warn] [sendEvent [8.19] [resp] [admin] [endTrials] [adth,tspl] [exception: stream_socket_client failed, errstr: Unable to find the socket transport "unix" - did you forget to enable it when you configured PHP?]]
26.02.04 23:11:25 sendEvent [8.19] [resp] [admin] [endTrials] [adth,tspl] [exception: stream_socket_client failed, errstr: Unable to find the socket transport "unix" - did you forget to enable it when you configured PHP?]
26.02.04 23:11:25 sendStatusDoc [warn] [sendEvent [8.19] [resp] [admin] [endTrials] [adth,tspl] [exception: stream_socket_client failed, errstr: Unable to find the socket transport "unix" - did you forget to enable it when you configured PHP?]]
26.02.04 23:11:25 sendEvent [8.19] [cntr] [admin] [trialsEnded] [] [exception: stream_socket_client failed, errstr: Unable to find the socket transport "unix" - did you forget to enable it when you configured PHP?]
26.02.04 23:11:25 sendStatusDoc [warn] [sendEvent [8.19] [cntr] [admin] [trialsEnded] [] [exception: stream_socket_client failed, errstr: Unable to find the socket transport "unix" - did you forget to enable it when you configured PHP?]]
26.02.04 23:11:25 sendEvent [8.19] [cntr] [admin] [trialsEnded] [] [exception: stream_socket_client failed, errstr: Unable to find the socket transport "unix" - did you forget to enable it when you configured PHP?]
26.02.04 23:11:25 sendStatusDoc [warn] [sendEvent [8.19] [cntr] [admin] [trialsEnded] [] [exception: stream_socket_client failed, errstr: Unable to find the socket transport "unix" - did you forget to enable it when you configured PHP?]]
26.02.04 23:11:27 sendEvent [8.19] [resp] [admin] [endTest] [] [exception: stream_socket_client failed, errstr: Unable to find the socket transport "unix" - did you forget to enable it when you configured PHP?]
26.02.04 23:11:27 sendStatusDoc [warn] [sendEvent [8.19] [resp] [admin] [endTest] [] [exception: stream_socket_client failed, errstr: Unable to find the socket transport "unix" - did you forget to enable it when you configured PHP?]]
26.02.04 23:11:27 sendEvent [8.19] [cntr] [admin] [testEnded] [] [exception: stream_socket_client failed, errstr: Unable to find the socket transport "unix" - did you forget to enable it when you configured PHP?]
26.02.04 23:11:27 sendStatusDoc [warn] [sendEvent [8.19] [cntr] [admin] [testEnded] [] [exception: stream_socket_client failed, errstr: Unable to find the socket transport "unix" - did you forget to enable it when you configured PHP?]]
26.02.04 23:11:30 sendEvent [8.19] [resp] [admin] [setReadyMessage] [msg_adtIntro1,msg_adtIntro2,dot,msg_adtReady,,adt] [exception: stream_socket_client failed, errstr: Unable to find the socket transport "unix" - did you forget to enable it when you configured PHP?]
26.02.04 23:11:30 sendStatusDoc [warn] [sendEvent [8.19] [resp] [admin] [setReadyMessage] [msg_adtIntro1,msg_adtIntro2,dot,msg_adtReady,,adt] [exception: stream_socket_client failed, errstr: Unable to find the socket transport "unix" - did you forget to enable it when you configured PHP?]]
26.02.04 23:11:30 sendEvent [8.19] [resp] [admin] [startMultiTrials] [adt,ppt,trial,0,1,2,1,4] [exception: stream_socket_client failed, errstr: Unable to find the socket transport "unix" - did you forget to enable it when you configured PHP?]
26.02.04 23:11:30 sendStatusDoc [warn] [sendEvent [8.19] [resp] [admin] [startMultiTrials] [adt,ppt,trial,0,1,2,1,4] [exception: stream_socket_client failed, errstr: Unable to find the socket transport "unix" - did you forget to enable it when you configured PHP?]]
26.02.04 23:16:59 sendEvent [8.19] [resp] [admin] [setReadyMessage] [msg_adtIntro1,msg_adtIntro2,dot,msg_adtReady,,adt] [exception: stream_socket_client failed, errstr: Unable to find the socket transport "unix" - did you forget to enable it when you configured PHP?]
26.02.04 23:16:59 sendStatusDoc [warn] [sendEvent [8.19] [resp] [admin] [setReadyMessage] [msg_adtIntro1,msg_adtIntro2,dot,msg_adtReady,,adt] [exception: stream_socket_client failed, errstr: Unable to find the socket transport "unix" - did you forget to enable it when you configured PHP?]]
26.02.04 23:16:59 sendEvent [8.19] [resp] [admin] [startMultiTrials] [adt,ppt,trial,0,1,2,1,4] [exception: stream_socket_client failed, errstr: Unable to find the socket transport "unix" - did you forget to enable it when you configured PHP?]
26.02.04 23:16:59 sendStatusDoc [warn] [sendEvent [8.19] [resp] [admin] [startMultiTrials] [adt,ppt,trial,0,1,2,1,4] [exception: stream_socket_client failed, errstr: Unable to find the socket transport "unix" - did you forget to enable it when you configured PHP?]]
26.02.04 23:17:05 sendEvent [8.19] [cntr] [admin] [trialResult] [admin,1,2,adt,1,1770247023347,1770247023348,ppt,trial,1,,1,1515,1515,1515,top,,0,0,0,0,3] [exception: stream_socket_client failed, errstr: Unable to find the socket transport "unix" - did you forget to enable it when you configured PHP?]
26.02.04 23:17:05 sendStatusDoc [warn] [sendEvent [8.19] [cntr] [admin] [trialResult] [admin,1,2,adt,1,1770247023347,1770247023348,ppt,trial,1,,1,1515,1515,1515,top,,0,0,0,0,3] [exception: stream_socket_client failed, errstr: Unable to find the socket transport "unix" - did you forget to enable it when you configured PHP?]]
26.02.04 23:17:07 sendEvent [8.19] [cntr] [admin] [trialResult] [admin,1,2,adt,1,1770247024864,1770247025873,ppt,trial,2,,1,998,998,998,top,,0,0,0,0,2] [exception: stream_socket_client failed, errstr: Unable to find the socket transport "unix" - did you forget to enable it when you configured PHP?]
26.02.04 23:17:07 sendStatusDoc [warn] [sendEvent [8.19] [cntr] [admin] [trialResult] [admin,1,2,adt,1,1770247024864,1770247025873,ppt,trial,2,,1,998,998,998,top,,0,0,0,0,2] [exception: stream_socket_client failed, errstr: Unable to find the socket transport "unix" - did you forget to enable it when you configured PHP?]]
26.02.04 23:17:08 sendEvent [8.19] [cntr] [admin] [trialResult] [admin,1,2,adt,1,1770247026871,1770247027877,ppt,trial,3,,1,890,890,890,top,,0,0,0,0,1] [exception: stream_socket_client failed, errstr: Unable to find the socket transport "unix" - did you forget to enable it when you configured PHP?]
26.02.04 23:17:08 sendStatusDoc [warn] [sendEvent [8.19] [cntr] [admin] [trialResult] [admin,1,2,adt,1,1770247026871,1770247027877,ppt,trial,3,,1,890,890,890,top,,0,0,0,0,1] [exception: stream_socket_client failed, errstr: Unable to find the socket transport "unix" - did you forget to enable it when you configured PHP?]]
26.02.04 23:17:10 sendEvent [8.19] [cntr] [admin] [trialResult] [admin,1,2,adt,1,1770247028767,1770247029783,ppt,trial,4,,1,744,744,744,top,,0,0,0,0,0] [exception: stream_socket_client failed, errstr: Unable to find the socket transport "unix" - did you forget to enable it when you configured PHP?]
26.02.04 23:17:10 sendStatusDoc [warn] [sendEvent [8.19] [cntr] [admin] [trialResult] [admin,1,2,adt,1,1770247028767,1770247029783,ppt,trial,4,,1,744,744,744,top,,0,0,0,0,0] [exception: stream_socket_client failed, errstr: Unable to find the socket transport "unix" - did you forget to enable it when you configured PHP?]]
26.02.04 23:17:13 sendEvent [8.19] [cntr] [admin] [trialEnded] [] [exception: stream_socket_client failed, errstr: Unable to find the socket transport "unix" - did you forget to enable it when you configured PHP?]
26.02.04 23:17:13 sendStatusDoc [warn] [sendEvent [8.19] [cntr] [admin] [trialEnded] [] [exception: stream_socket_client failed, errstr: Unable to find the socket transport "unix" - did you forget to enable it when you configured PHP?]]
26.02.04 23:17:16 sendEvent [8.19] [resp] [admin] [endTrials] [adt,tspt] [exception: stream_socket_client failed, errstr: Unable to find the socket transport "unix" - did you forget to enable it when you configured PHP?]
26.02.04 23:17:16 sendStatusDoc [warn] [sendEvent [8.19] [resp] [admin] [endTrials] [adt,tspt] [exception: stream_socket_client failed, errstr: Unable to find the socket transport "unix" - did you forget to enable it when you configured PHP?]]
26.02.04 23:17:16 sendEvent [8.19] [resp] [admin] [endTrials] [adt,tspt] [exception: stream_socket_client failed, errstr: Unable to find the socket transport "unix" - did you forget to enable it when you configured PHP?]
26.02.04 23:17:16 sendStatusDoc [warn] [sendEvent [8.19] [resp] [admin] [endTrials] [adt,tspt] [exception: stream_socket_client failed, errstr: Unable to find the socket transport "unix" - did you forget to enable it when you configured PHP?]]
26.02.04 23:17:16 sendEvent [8.19] [cntr] [admin] [trialsEnded] [] [exception: stream_socket_client failed, errstr: Unable to find the socket transport "unix" - did you forget to enable it when you configured PHP?]
26.02.04 23:17:16 sendStatusDoc [warn] [sendEvent [8.19] [cntr] [admin] [trialsEnded] [] [exception: stream_socket_client failed, errstr: Unable to find the socket transport "unix" - did you forget to enable it when you configured PHP?]]
26.02.04 23:17:17 sendEvent [8.19] [cntr] [admin] [trialsEnded] [] [exception: stream_socket_client failed, errstr: Unable to find the socket transport "unix" - did you forget to enable it when you configured PHP?]
26.02.04 23:17:17 sendStatusDoc [warn] [sendEvent [8.19] [cntr] [admin] [trialsEnded] [] [exception: stream_socket_client failed, errstr: Unable to find the socket transport "unix" - did you forget to enable it when you configured PHP?]]
26.02.04 23:17:19 sendEvent [8.19] [resp] [admin] [setReadyMessage] [msg_adtIntro1,msg_adtIntro2,dot,msg_adtReady,,adt] [exception: stream_socket_client failed, errstr: Unable to find the socket transport "unix" - did you forget to enable it when you configured PHP?]
26.02.04 23:17:19 sendStatusDoc [warn] [sendEvent [8.19] [resp] [admin] [setReadyMessage] [msg_adtIntro1,msg_adtIntro2,dot,msg_adtReady,,adt] [exception: stream_socket_client failed, errstr: Unable to find the socket transport "unix" - did you forget to enable it when you configured PHP?]]
26.02.04 23:17:19 sendEvent [8.19] [resp] [admin] [startMultiTrials] [adt,ppb,trial,0,1,2,1,4] [exception: stream_socket_client failed, errstr: Unable to find the socket transport "unix" - did you forget to enable it when you configured PHP?]
26.02.04 23:17:19 sendStatusDoc [warn] [sendEvent [8.19] [resp] [admin] [startMultiTrials] [adt,ppb,trial,0,1,2,1,4] [exception: stream_socket_client failed, errstr: Unable to find the socket transport "unix" - did you forget to enable it when you configured PHP?]]
26.02.04 23:17:23 sendEvent [8.19] [cntr] [admin] [trialResult] [admin,1,2,adt,1,1770247042136,1770247042137,ppb,trial,1,,1,1062,1062,1062,btm,,0,0,0,0,3] [exception: stream_socket_client failed, errstr: Unable to find the socket transport "unix" - did you forget to enable it when you configured PHP?]
26.02.04 23:17:23 sendStatusDoc [warn] [sendEvent [8.19] [cntr] [admin] [trialResult] [admin,1,2,adt,1,1770247042136,1770247042137,ppb,trial,1,,1,1062,1062,1062,btm,,0,0,0,0,3] [exception: stream_socket_client failed, errstr: Unable to find the socket transport "unix" - did you forget to enable it when you configured PHP?]]
26.02.04 23:17:25 sendEvent [8.19] [cntr] [admin] [trialResult] [admin,1,2,adt,1,1770247043200,1770247044202,ppb,trial,2,,1,765,765,765,btm,,0,0,0,0,2] [exception: stream_socket_client failed, errstr: Unable to find the socket transport "unix" - did you forget to enable it when you configured PHP?]
26.02.04 23:17:25 sendStatusDoc [warn] [sendEvent [8.19] [cntr] [admin] [trialResult] [admin,1,2,adt,1,1770247043200,1770247044202,ppb,trial,2,,1,765,765,765,btm,,0,0,0,0,2] [exception: stream_socket_client failed, errstr: Unable to find the socket transport "unix" - did you forget to enable it when you configured PHP?]]
26.02.04 23:17:26 sendEvent [8.19] [cntr] [admin] [trialResult] [admin,1,2,adt,1,1770247044967,1770247045970,ppb,trial,3,,1,805,805,805,btm,,0,0,0,0,1] [exception: stream_socket_client failed, errstr: Unable to find the socket transport "unix" - did you forget to enable it when you configured PHP?]
26.02.04 23:17:26 sendStatusDoc [warn] [sendEvent [8.19] [cntr] [admin] [trialResult] [admin,1,2,adt,1,1770247044967,1770247045970,ppb,trial,3,,1,805,805,805,btm,,0,0,0,0,1] [exception: stream_socket_client failed, errstr: Unable to find the socket transport "unix" - did you forget to enable it when you configured PHP?]]
26.02.04 23:17:28 sendEvent [8.19] [cntr] [admin] [trialResult] [admin,1,2,adt,1,1770247046775,1770247047777,ppb,trial,4,,1,814,814,814,btm,,0,0,0,0,0] [exception: stream_socket_client failed, errstr: Unable to find the socket transport "unix" - did you forget to enable it when you configured PHP?]
26.02.04 23:17:28 sendStatusDoc [warn] [sendEvent [8.19] [cntr] [admin] [trialResult] [admin,1,2,adt,1,1770247046775,1770247047777,ppb,trial,4,,1,814,814,814,btm,,0,0,0,0,0] [exception: stream_socket_client failed, errstr: Unable to find the socket transport "unix" - did you forget to enable it when you configured PHP?]]
26.02.04 23:17:30 sendEvent [8.19] [cntr] [admin] [trialEnded] [] [exception: stream_socket_client failed, errstr: Unable to find the socket transport "unix" - did you forget to enable it when you configured PHP?]
26.02.04 23:17:30 sendStatusDoc [warn] [sendEvent [8.19] [cntr] [admin] [trialEnded] [] [exception: stream_socket_client failed, errstr: Unable to find the socket transport "unix" - did you forget to enable it when you configured PHP?]]
26.02.04 23:17:32 sendEvent [8.19] [resp] [admin] [endTrials] [adt,tspb] [exception: stream_socket_client failed, errstr: Unable to find the socket transport "unix" - did you forget to enable it when you configured PHP?]
26.02.04 23:17:32 sendStatusDoc [warn] [sendEvent [8.19] [resp] [admin] [endTrials] [adt,tspb] [exception: stream_socket_client failed, errstr: Unable to find the socket transport "unix" - did you forget to enable it when you configured PHP?]]
26.02.04 23:17:33 sendEvent [8.19] [resp] [admin] [endTrials] [adt,tspb] [exception: stream_socket_client failed, errstr: Unable to find the socket transport "unix" - did you forget to enable it when you configured PHP?]
26.02.04 23:17:33 sendStatusDoc [warn] [sendEvent [8.19] [resp] [admin] [endTrials] [adt,tspb] [exception: stream_socket_client failed, errstr: Unable to find the socket transport "unix" - did you forget to enable it when you configured PHP?]]
26.02.04 23:17:33 sendEvent [8.19] [cntr] [admin] [trialsEnded] [] [exception: stream_socket_client failed, errstr: Unable to find the socket transport "unix" - did you forget to enable it when you configured PHP?]
26.02.04 23:17:33 sendStatusDoc [warn] [sendEvent [8.19] [cntr] [admin] [trialsEnded] [] [exception: stream_socket_client failed, errstr: Unable to find the socket transport "unix" - did you forget to enable it when you configured PHP?]]
26.02.04 23:17:33 sendEvent [8.19] [cntr] [admin] [trialsEnded] [] [exception: stream_socket_client failed, errstr: Unable to find the socket transport "unix" - did you forget to enable it when you configured PHP?]
26.02.04 23:17:33 sendStatusDoc [warn] [sendEvent [8.19] [cntr] [admin] [trialsEnded] [] [exception: stream_socket_client failed, errstr: Unable to find the socket transport "unix" - did you forget to enable it when you configured PHP?]]
26.02.04 23:17:38 sendEvent [8.19] [resp] [admin] [setReadyMessage] [msg_adtIntro1,msg_adtIntro2,dot,msg_adtReady,,adt] [exception: stream_socket_client failed, errstr: Unable to find the socket transport "unix" - did you forget to enable it when you configured PHP?]
26.02.04 23:17:38 sendStatusDoc [warn] [sendEvent [8.19] [resp] [admin] [setReadyMessage] [msg_adtIntro1,msg_adtIntro2,dot,msg_adtReady,,adt] [exception: stream_socket_client failed, errstr: Unable to find the socket transport "unix" - did you forget to enable it when you configured PHP?]]
26.02.04 23:17:38 sendEvent [8.19] [resp] [admin] [startMultiTrials] [adt,cpb,trial,0,1,2,1,4] [exception: stream_socket_client failed, errstr: Unable to find the socket transport "unix" - did you forget to enable it when you configured PHP?]
26.02.04 23:17:38 sendStatusDoc [warn] [sendEvent [8.19] [resp] [admin] [startMultiTrials] [adt,cpb,trial,0,1,2,1,4] [exception: stream_socket_client failed, errstr: Unable to find the socket transport "unix" - did you forget to enable it when you configured PHP?]]
26.02.04 23:17:42 sendEvent [8.19] [cntr] [admin] [trialResult] [admin,1,2,adt,1,1770247060841,1770247060842,cpb,trial,1,,1,1005,1005,1005,btm,,0,0,0,0,3] [exception: stream_socket_client failed, errstr: Unable to find the socket transport "unix" - did you forget to enable it when you configured PHP?]
26.02.04 23:17:42 sendStatusDoc [warn] [sendEvent [8.19] [cntr] [admin] [trialResult] [admin,1,2,adt,1,1770247060841,1770247060842,cpb,trial,1,,1,1005,1005,1005,btm,,0,0,0,0,3] [exception: stream_socket_client failed, errstr: Unable to find the socket transport "unix" - did you forget to enable it when you configured PHP?]]
26.02.04 23:17:43 sendEvent [8.19] [cntr] [admin] [trialResult] [admin,1,2,adt,1,1770247061847,1770247062850,cpb,trial,2,,1,717,717,717,btm,,0,0,0,0,2] [exception: stream_socket_client failed, errstr: Unable to find the socket transport "unix" - did you forget to enable it when you configured PHP?]
26.02.04 23:17:43 sendStatusDoc [warn] [sendEvent [8.19] [cntr] [admin] [trialResult] [admin,1,2,adt,1,1770247061847,1770247062850,cpb,trial,2,,1,717,717,717,btm,,0,0,0,0,2] [exception: stream_socket_client failed, errstr: Unable to find the socket transport "unix" - did you forget to enable it when you configured PHP?]]
26.02.04 23:17:45 sendEvent [8.19] [cntr] [admin] [trialResult] [admin,1,2,adt,1,1770247063568,1770247064570,cpb,trial,3,,1,605,605,605,btm,,0,0,0,0,1] [exception: stream_socket_client failed, errstr: Unable to find the socket transport "unix" - did you forget to enable it when you configured PHP?]
26.02.04 23:17:45 sendStatusDoc [warn] [sendEvent [8.19] [cntr] [admin] [trialResult] [admin,1,2,adt,1,1770247063568,1770247064570,cpb,trial,3,,1,605,605,605,btm,,0,0,0,0,1] [exception: stream_socket_client failed, errstr: Unable to find the socket transport "unix" - did you forget to enable it when you configured PHP?]]
26.02.04 23:17:46 sendEvent [8.19] [cntr] [admin] [trialResult] [admin,1,2,adt,1,1770247065175,1770247066177,cpb,trial,4,,1,574,574,574,btm,,0,0,0,0,0] [exception: stream_socket_client failed, errstr: Unable to find the socket transport "unix" - did you forget to enable it when you configured PHP?]
26.02.04 23:17:46 sendStatusDoc [warn] [sendEvent [8.19] [cntr] [admin] [trialResult] [admin,1,2,adt,1,1770247065175,1770247066177,cpb,trial,4,,1,574,574,574,btm,,0,0,0,0,0] [exception: stream_socket_client failed, errstr: Unable to find the socket transport "unix" - did you forget to enable it when you configured PHP?]]
26.02.04 23:17:49 sendEvent [8.19] [cntr] [admin] [trialEnded] [] [exception: stream_socket_client failed, errstr: Unable to find the socket transport "unix" - did you forget to enable it when you configured PHP?]
26.02.04 23:17:49 sendStatusDoc [warn] [sendEvent [8.19] [cntr] [admin] [trialEnded] [] [exception: stream_socket_client failed, errstr: Unable to find the socket transport "unix" - did you forget to enable it when you configured PHP?]]
26.02.04 23:17:49 sendEvent [8.19] [resp] [admin] [endTrials] [adt,ctrl] [exception: stream_socket_client failed, errstr: Unable to find the socket transport "unix" - did you forget to enable it when you configured PHP?]
26.02.04 23:17:49 sendStatusDoc [warn] [sendEvent [8.19] [resp] [admin] [endTrials] [adt,ctrl] [exception: stream_socket_client failed, errstr: Unable to find the socket transport "unix" - did you forget to enable it when you configured PHP?]]
26.02.04 23:17:49 sendEvent [8.19] [resp] [admin] [endTrials] [adt,ctrl] [exception: stream_socket_client failed, errstr: Unable to find the socket transport "unix" - did you forget to enable it when you configured PHP?]
26.02.04 23:17:49 sendStatusDoc [warn] [sendEvent [8.19] [resp] [admin] [endTrials] [adt,ctrl] [exception: stream_socket_client failed, errstr: Unable to find the socket transport "unix" - did you forget to enable it when you configured PHP?]]
26.02.04 23:17:50 sendEvent [8.19] [cntr] [admin] [trialsEnded] [] [exception: stream_socket_client failed, errstr: Unable to find the socket transport "unix" - did you forget to enable it when you configured PHP?]
26.02.04 23:17:50 sendStatusDoc [warn] [sendEvent [8.19] [cntr] [admin] [trialsEnded] [] [exception: stream_socket_client failed, errstr: Unable to find the socket transport "unix" - did you forget to enable it when you configured PHP?]]
26.02.04 23:17:50 sendEvent [8.19] [cntr] [admin] [trialsEnded] [] [exception: stream_socket_client failed, errstr: Unable to find the socket transport "unix" - did you forget to enable it when you configured PHP?]
26.02.04 23:17:50 sendStatusDoc [warn] [sendEvent [8.19] [cntr] [admin] [trialsEnded] [] [exception: stream_socket_client failed, errstr: Unable to find the socket transport "unix" - did you forget to enable it when you configured PHP?]]
26.02.04 23:17:52 sendEvent [8.19] [resp] [admin] [endTest] [] [exception: stream_socket_client failed, errstr: Unable to find the socket transport "unix" - did you forget to enable it when you configured PHP?]
26.02.04 23:17:52 sendStatusDoc [warn] [sendEvent [8.19] [resp] [admin] [endTest] [] [exception: stream_socket_client failed, errstr: Unable to find the socket transport "unix" - did you forget to enable it when you configured PHP?]]
26.02.04 23:17:53 sendEvent [8.19] [cntr] [admin] [testEnded] [] [exception: stream_socket_client failed, errstr: Unable to find the socket transport "unix" - did you forget to enable it when you configured PHP?]
26.02.04 23:17:53 sendStatusDoc [warn] [sendEvent [8.19] [cntr] [admin] [testEnded] [] [exception: stream_socket_client failed, errstr: Unable to find the socket transport "unix" - did you forget to enable it when you configured PHP?]]
26.02.04 23:17:57 sendEvent [8.19] [resp] [admin] [setReadyMessage] [msg_adtIntro1,msg_adtIntro2,dot,msg_adtReady,,adth] [exception: stream_socket_client failed, errstr: Unable to find the socket transport "unix" - did you forget to enable it when you configured PHP?]
26.02.04 23:17:57 sendStatusDoc [warn] [sendEvent [8.19] [resp] [admin] [setReadyMessage] [msg_adtIntro1,msg_adtIntro2,dot,msg_adtReady,,adth] [exception: stream_socket_client failed, errstr: Unable to find the socket transport "unix" - did you forget to enable it when you configured PHP?]]
26.02.04 23:17:57 sendEvent [8.19] [resp] [admin] [startMultiTrials] [adth,ppl,trial,0,1,2,1,4] [exception: stream_socket_client failed, errstr: Unable to find the socket transport "unix" - did you forget to enable it when you configured PHP?]
26.02.04 23:17:57 sendStatusDoc [warn] [sendEvent [8.19] [resp] [admin] [startMultiTrials] [adth,ppl,trial,0,1,2,1,4] [exception: stream_socket_client failed, errstr: Unable to find the socket transport "unix" - did you forget to enable it when you configured PHP?]]
26.02.04 23:22:37 sendEvent [8.19] [resp] [admin] [setReadyMessage] [msg_adtIntro1,msg_adtIntro2,dot,msg_adtReady,,adt] [exception: stream_socket_client failed, errstr: Unable to find the socket transport "unix" - did you forget to enable it when you configured PHP?]
26.02.04 23:22:37 sendStatusDoc [warn] [sendEvent [8.19] [resp] [admin] [setReadyMessage] [msg_adtIntro1,msg_adtIntro2,dot,msg_adtReady,,adt] [exception: stream_socket_client failed, errstr: Unable to find the socket transport "unix" - did you forget to enable it when you configured PHP?]]
26.02.04 23:22:37 sendEvent [8.19] [resp] [admin] [startMultiTrials] [adt,ppt,trial,0,1,2,1,4] [exception: stream_socket_client failed, errstr: Unable to find the socket transport "unix" - did you forget to enable it when you configured PHP?]
26.02.04 23:22:37 sendStatusDoc [warn] [sendEvent [8.19] [resp] [admin] [startMultiTrials] [adt,ppt,trial,0,1,2,1,4] [exception: stream_socket_client failed, errstr: Unable to find the socket transport "unix" - did you forget to enable it when you configured PHP?]]
26.02.04 23:22:41 sendEvent [8.19] [cntr] [admin] [trialResult] [admin,1,2,adt,1,1770247360616,1770247360617,ppt,trial,1,,1,991,991,991,top,,0,0,0,0,3] [exception: stream_socket_client failed, errstr: Unable to find the socket transport "unix" - did you forget to enable it when you configured PHP?]
26.02.04 23:22:41 sendStatusDoc [warn] [sendEvent [8.19] [cntr] [admin] [trialResult] [admin,1,2,adt,1,1770247360616,1770247360617,ppt,trial,1,,1,991,991,991,top,,0,0,0,0,3] [exception: stream_socket_client failed, errstr: Unable to find the socket transport "unix" - did you forget to enable it when you configured PHP?]]
26.02.04 23:22:43 sendEvent [8.19] [cntr] [admin] [trialResult] [admin,1,2,adt,1,1770247361608,1770247362616,ppt,trial,2,,1,1023,1023,1023,top,,0,0,0,0,2] [exception: stream_socket_client failed, errstr: Unable to find the socket transport "unix" - did you forget to enable it when you configured PHP?]
26.02.04 23:22:43 sendStatusDoc [warn] [sendEvent [8.19] [cntr] [admin] [trialResult] [admin,1,2,adt,1,1770247361608,1770247362616,ppt,trial,2,,1,1023,1023,1023,top,,0,0,0,0,2] [exception: stream_socket_client failed, errstr: Unable to find the socket transport "unix" - did you forget to enable it when you configured PHP?]]
26.02.04 23:22:45 sendEvent [8.19] [cntr] [admin] [trialResult] [admin,1,2,adt,1,1770247363639,1770247364642,ppt,trial,3,,1,605,605,605,top,,0,0,0,0,1] [exception: stream_socket_client failed, errstr: Unable to find the socket transport "unix" - did you forget to enable it when you configured PHP?]
26.02.04 23:22:45 sendStatusDoc [warn] [sendEvent [8.19] [cntr] [admin] [trialResult] [admin,1,2,adt,1,1770247363639,1770247364642,ppt,trial,3,,1,605,605,605,top,,0,0,0,0,1] [exception: stream_socket_client failed, errstr: Unable to find the socket transport "unix" - did you forget to enable it when you configured PHP?]]
26.02.04 23:22:47 sendEvent [8.19] [cntr] [admin] [trialResult] [admin,1,2,adt,1,1770247365247,1770247366257,ppt,trial,4,,1,678,678,678,top,,0,0,0,0,0] [exception: stream_socket_client failed, errstr: Unable to find the socket transport "unix" - did you forget to enable it when you configured PHP?]
26.02.04 23:22:47 sendStatusDoc [warn] [sendEvent [8.19] [cntr] [admin] [trialResult] [admin,1,2,adt,1,1770247365247,1770247366257,ppt,trial,4,,1,678,678,678,top,,0,0,0,0,0] [exception: stream_socket_client failed, errstr: Unable to find the socket transport "unix" - did you forget to enable it when you configured PHP?]]
26.02.04 23:22:49 sendEvent [8.19] [cntr] [admin] [trialEnded] [] [exception: stream_socket_client failed, errstr: Unable to find the socket transport "unix" - did you forget to enable it when you configured PHP?]
26.02.04 23:22:49 sendStatusDoc [warn] [sendEvent [8.19] [cntr] [admin] [trialEnded] [] [exception: stream_socket_client failed, errstr: Unable to find the socket transport "unix" - did you forget to enable it when you configured PHP?]]
26.02.04 23:22:51 sendEvent [8.19] [resp] [admin] [endTrials] [adt,tspt] [exception: stream_socket_client failed, errstr: Unable to find the socket transport "unix" - did you forget to enable it when you configured PHP?]
26.02.04 23:22:51 sendStatusDoc [warn] [sendEvent [8.19] [resp] [admin] [endTrials] [adt,tspt] [exception: stream_socket_client failed, errstr: Unable to find the socket transport "unix" - did you forget to enable it when you configured PHP?]]
26.02.04 23:22:52 sendEvent [8.19] [resp] [admin] [endTrials] [adt,tspt] [exception: stream_socket_client failed, errstr: Unable to find the socket transport "unix" - did you forget to enable it when you configured PHP?]
26.02.04 23:22:52 sendStatusDoc [warn] [sendEvent [8.19] [resp] [admin] [endTrials] [adt,tspt] [exception: stream_socket_client failed, errstr: Unable to find the socket transport "unix" - did you forget to enable it when you configured PHP?]]
26.02.04 23:22:52 sendEvent [8.19] [cntr] [admin] [trialsEnded] [] [exception: stream_socket_client failed, errstr: Unable to find the socket transport "unix" - did you forget to enable it when you configured PHP?]
26.02.04 23:22:52 sendStatusDoc [warn] [sendEvent [8.19] [cntr] [admin] [trialsEnded] [] [exception: stream_socket_client failed, errstr: Unable to find the socket transport "unix" - did you forget to enable it when you configured PHP?]]
26.02.04 23:22:52 sendEvent [8.19] [cntr] [admin] [trialsEnded] [] [exception: stream_socket_client failed, errstr: Unable to find the socket transport "unix" - did you forget to enable it when you configured PHP?]
26.02.04 23:22:52 sendStatusDoc [warn] [sendEvent [8.19] [cntr] [admin] [trialsEnded] [] [exception: stream_socket_client failed, errstr: Unable to find the socket transport "unix" - did you forget to enable it when you configured PHP?]]
26.02.04 23:22:54 sendEvent [8.19] [resp] [admin] [setReadyMessage] [msg_adtIntro1,msg_adtIntro2,dot,msg_adtReady,,adt] [exception: stream_socket_client failed, errstr: Unable to find the socket transport "unix" - did you forget to enable it when you configured PHP?]
26.02.04 23:22:54 sendStatusDoc [warn] [sendEvent [8.19] [resp] [admin] [setReadyMessage] [msg_adtIntro1,msg_adtIntro2,dot,msg_adtReady,,adt] [exception: stream_socket_client failed, errstr: Unable to find the socket transport "unix" - did you forget to enable it when you configured PHP?]]
26.02.04 23:22:54 sendEvent [8.19] [resp] [admin] [startMultiTrials] [adt,ppb,trial,0,1,2,1,4] [exception: stream_socket_client failed, errstr: Unable to find the socket transport "unix" - did you forget to enable it when you configured PHP?]
26.02.04 23:22:54 sendStatusDoc [warn] [sendEvent [8.19] [resp] [admin] [startMultiTrials] [adt,ppb,trial,0,1,2,1,4] [exception: stream_socket_client failed, errstr: Unable to find the socket transport "unix" - did you forget to enable it when you configured PHP?]]
26.02.04 23:22:57 sendEvent [8.19] [cntr] [admin] [trialResult] [admin,1,2,adt,1,1770247376723,1770247376724,ppb,trial,1,,1,940,940,940,btm,,0,0,0,0,3] [exception: stream_socket_client failed, errstr: Unable to find the socket transport "unix" - did you forget to enable it when you configured PHP?]
26.02.04 23:22:57 sendStatusDoc [warn] [sendEvent [8.19] [cntr] [admin] [trialResult] [admin,1,2,adt,1,1770247376723,1770247376724,ppb,trial,1,,1,940,940,940,btm,,0,0,0,0,3] [exception: stream_socket_client failed, errstr: Unable to find the socket transport "unix" - did you forget to enable it when you configured PHP?]]
26.02.04 23:22:59 sendEvent [8.19] [cntr] [admin] [trialResult] [admin,1,2,adt,1,1770247377664,1770247378668,ppb,trial,2,,1,716,716,716,btm,,0,0,0,0,2] [exception: stream_socket_client failed, errstr: Unable to find the socket transport "unix" - did you forget to enable it when you configured PHP?]
26.02.04 23:22:59 sendStatusDoc [warn] [sendEvent [8.19] [cntr] [admin] [trialResult] [admin,1,2,adt,1,1770247377664,1770247378668,ppb,trial,2,,1,716,716,716,btm,,0,0,0,0,2] [exception: stream_socket_client failed, errstr: Unable to find the socket transport "unix" - did you forget to enable it when you configured PHP?]]
26.02.04 23:23:01 sendEvent [8.19] [cntr] [admin] [trialResult] [admin,1,2,adt,1,1770247379384,1770247380389,ppb,trial,3,,1,818,818,818,btm,,0,0,0,0,1] [exception: stream_socket_client failed, errstr: Unable to find the socket transport "unix" - did you forget to enable it when you configured PHP?]
26.02.04 23:23:01 sendStatusDoc [warn] [sendEvent [8.19] [cntr] [admin] [trialResult] [admin,1,2,adt,1,1770247379384,1770247380389,ppb,trial,3,,1,818,818,818,btm,,0,0,0,0,1] [exception: stream_socket_client failed, errstr: Unable to find the socket transport "unix" - did you forget to enable it when you configured PHP?]]
26.02.04 23:23:03 sendEvent [8.19] [cntr] [admin] [trialResult] [admin,1,2,adt,1,1770247381207,1770247382210,ppb,trial,4,,1,717,717,717,btm,,0,0,0,0,0] [exception: stream_socket_client failed, errstr: Unable to find the socket transport "unix" - did you forget to enable it when you configured PHP?]
26.02.04 23:23:03 sendStatusDoc [warn] [sendEvent [8.19] [cntr] [admin] [trialResult] [admin,1,2,adt,1,1770247381207,1770247382210,ppb,trial,4,,1,717,717,717,btm,,0,0,0,0,0] [exception: stream_socket_client failed, errstr: Unable to find the socket transport "unix" - did you forget to enable it when you configured PHP?]]
26.02.04 23:23:05 sendEvent [8.19] [cntr] [admin] [trialEnded] [] [exception: stream_socket_client failed, errstr: Unable to find the socket transport "unix" - did you forget to enable it when you configured PHP?]
26.02.04 23:23:05 sendStatusDoc [warn] [sendEvent [8.19] [cntr] [admin] [trialEnded] [] [exception: stream_socket_client failed, errstr: Unable to find the socket transport "unix" - did you forget to enable it when you configured PHP?]]
26.02.04 23:23:07 sendEvent [8.19] [resp] [admin] [endTrials] [adt,tspb] [exception: stream_socket_client failed, errstr: Unable to find the socket transport "unix" - did you forget to enable it when you configured PHP?]
26.02.04 23:23:07 sendStatusDoc [warn] [sendEvent [8.19] [resp] [admin] [endTrials] [adt,tspb] [exception: stream_socket_client failed, errstr: Unable to find the socket transport "unix" - did you forget to enable it when you configured PHP?]]
26.02.04 23:23:08 sendEvent [8.19] [resp] [admin] [endTrials] [adt,tspb] [exception: stream_socket_client failed, errstr: Unable to find the socket transport "unix" - did you forget to enable it when you configured PHP?]
26.02.04 23:23:08 sendStatusDoc [warn] [sendEvent [8.19] [resp] [admin] [endTrials] [adt,tspb] [exception: stream_socket_client failed, errstr: Unable to find the socket transport "unix" - did you forget to enable it when you configured PHP?]]
26.02.04 23:23:08 sendEvent [8.19] [cntr] [admin] [trialsEnded] [] [exception: stream_socket_client failed, errstr: Unable to find the socket transport "unix" - did you forget to enable it when you configured PHP?]
26.02.04 23:23:08 sendStatusDoc [warn] [sendEvent [8.19] [cntr] [admin] [trialsEnded] [] [exception: stream_socket_client failed, errstr: Unable to find the socket transport "unix" - did you forget to enable it when you configured PHP?]]
26.02.04 23:23:08 sendEvent [8.19] [cntr] [admin] [trialsEnded] [] [exception: stream_socket_client failed, errstr: Unable to find the socket transport "unix" - did you forget to enable it when you configured PHP?]
26.02.04 23:23:08 sendStatusDoc [warn] [sendEvent [8.19] [cntr] [admin] [trialsEnded] [] [exception: stream_socket_client failed, errstr: Unable to find the socket transport "unix" - did you forget to enable it when you configured PHP?]]
26.02.04 23:23:08 sendEvent [8.19] [resp] [admin] [endTrials] [adt,tspb] [exception: stream_socket_client failed, errstr: Unable to find the socket transport "unix" - did you forget to enable it when you configured PHP?]
26.02.04 23:23:08 sendStatusDoc [warn] [sendEvent [8.19] [resp] [admin] [endTrials] [adt,tspb] [exception: stream_socket_client failed, errstr: Unable to find the socket transport "unix" - did you forget to enable it when you configured PHP?]]
26.02.04 23:23:09 sendEvent [8.19] [cntr] [admin] [trialsEnded] [] [exception: stream_socket_client failed, errstr: Unable to find the socket transport "unix" - did you forget to enable it when you configured PHP?]
26.02.04 23:23:09 sendStatusDoc [warn] [sendEvent [8.19] [cntr] [admin] [trialsEnded] [] [exception: stream_socket_client failed, errstr: Unable to find the socket transport "unix" - did you forget to enable it when you configured PHP?]]
26.02.04 23:23:11 sendEvent [8.19] [resp] [admin] [flipClock] [1,Santiago_Morales,2026,1,1] [exception: stream_socket_client failed, errstr: Unable to find the socket transport "unix" - did you forget to enable it when you configured PHP?]
26.02.04 23:23:11 sendStatusDoc [warn] [sendEvent [8.19] [resp] [admin] [flipClock] [1,Santiago_Morales,2026,1,1] [exception: stream_socket_client failed, errstr: Unable to find the socket transport "unix" - did you forget to enable it when you configured PHP?]]
26.02.04 23:23:11 sendEvent [8.19] [cntr] [admin] [showingClock] [] [exception: stream_socket_client failed, errstr: Unable to find the socket transport "unix" - did you forget to enable it when you configured PHP?]
26.02.04 23:23:11 sendStatusDoc [warn] [sendEvent [8.19] [cntr] [admin] [showingClock] [] [exception: stream_socket_client failed, errstr: Unable to find the socket transport "unix" - did you forget to enable it when you configured PHP?]]
26.02.04 23:23:14 sendEvent [8.19] [resp] [admin] [endTest] [] [exception: stream_socket_client failed, errstr: Unable to find the socket transport "unix" - did you forget to enable it when you configured PHP?]
26.02.04 23:23:14 sendStatusDoc [warn] [sendEvent [8.19] [resp] [admin] [endTest] [] [exception: stream_socket_client failed, errstr: Unable to find the socket transport "unix" - did you forget to enable it when you configured PHP?]]
26.02.04 23:23:14 sendEvent [8.19] [cntr] [admin] [testEnded] [] [exception: stream_socket_client failed, errstr: Unable to find the socket transport "unix" - did you forget to enable it when you configured PHP?]
26.02.04 23:23:14 sendStatusDoc [warn] [sendEvent [8.19] [cntr] [admin] [testEnded] [] [exception: stream_socket_client failed, errstr: Unable to find the socket transport "unix" - did you forget to enable it when you configured PHP?]]
26.02.04 23:23:20 sendEvent [8.19] [resp] [admin] [setReadyMessage] [msg_adtIntro1,msg_adtIntro2,dot,msg_adtReady,,adth] [exception: stream_socket_client failed, errstr: Unable to find the socket transport "unix" - did you forget to enable it when you configured PHP?]
26.02.04 23:23:20 sendStatusDoc [warn] [sendEvent [8.19] [resp] [admin] [setReadyMessage] [msg_adtIntro1,msg_adtIntro2,dot,msg_adtReady,,adth] [exception: stream_socket_client failed, errstr: Unable to find the socket transport "unix" - did you forget to enable it when you configured PHP?]]
26.02.04 23:23:20 sendEvent [8.19] [resp] [admin] [startMultiTrials] [adth,ppl,trial,0,1,2,1,4] [exception: stream_socket_client failed, errstr: Unable to find the socket transport "unix" - did you forget to enable it when you configured PHP?]
26.02.04 23:23:20 sendStatusDoc [warn] [sendEvent [8.19] [resp] [admin] [startMultiTrials] [adth,ppl,trial,0,1,2,1,4] [exception: stream_socket_client failed, errstr: Unable to find the socket transport "unix" - did you forget to enable it when you configured PHP?]]
26.02.04 23:23:24 sendEvent [8.19] [resp] [admin] [cancelTrial] [] [exception: stream_socket_client failed, errstr: Unable to find the socket transport "unix" - did you forget to enable it when you configured PHP?]
26.02.04 23:23:24 sendStatusDoc [warn] [sendEvent [8.19] [resp] [admin] [cancelTrial] [] [exception: stream_socket_client failed, errstr: Unable to find the socket transport "unix" - did you forget to enable it when you configured PHP?]]
26.02.04 23:23:24 sendEvent [8.19] [resp] [admin] [cancelTrial] [] [exception: stream_socket_client failed, errstr: Unable to find the socket transport "unix" - did you forget to enable it when you configured PHP?]
26.02.04 23:23:24 sendStatusDoc [warn] [sendEvent [8.19] [resp] [admin] [cancelTrial] [] [exception: stream_socket_client failed, errstr: Unable to find the socket transport "unix" - did you forget to enable it when you configured PHP?]]
26.02.04 23:23:25 sendEvent [8.19] [resp] [admin] [cancelTrial] [] [exception: stream_socket_client failed, errstr: Unable to find the socket transport "unix" - did you forget to enable it when you configured PHP?]
26.02.04 23:23:25 sendStatusDoc [warn] [sendEvent [8.19] [resp] [admin] [cancelTrial] [] [exception: stream_socket_client failed, errstr: Unable to find the socket transport "unix" - did you forget to enable it when you configured PHP?]]
26.02.04 23:23:26 sendEvent [8.19] [resp] [admin] [cancelTrial] [] [exception: stream_socket_client failed, errstr: Unable to find the socket transport "unix" - did you forget to enable it when you configured PHP?]
26.02.04 23:23:26 sendStatusDoc [warn] [sendEvent [8.19] [resp] [admin] [cancelTrial] [] [exception: stream_socket_client failed, errstr: Unable to find the socket transport "unix" - did you forget to enable it when you configured PHP?]]
26.02.04 23:27:08 sendEvent [8.19] [resp] [admin] [setReadyMessage] [msg_adtIntro1,msg_adtIntro2,dot,msg_adtReady,,adt] [exception: stream_socket_client failed, errstr: Unable to find the socket transport "unix" - did you forget to enable it when you configured PHP?]
26.02.04 23:27:08 sendStatusDoc [warn] [sendEvent [8.19] [resp] [admin] [setReadyMessage] [msg_adtIntro1,msg_adtIntro2,dot,msg_adtReady,,adt] [exception: stream_socket_client failed, errstr: Unable to find the socket transport "unix" - did you forget to enable it when you configured PHP?]]
26.02.04 23:27:08 sendEvent [8.19] [resp] [admin] [startMultiTrials] [adt,ppt,trial,0,1,2,1,4] [exception: stream_socket_client failed, errstr: Unable to find the socket transport "unix" - did you forget to enable it when you configured PHP?]
26.02.04 23:27:08 sendStatusDoc [warn] [sendEvent [8.19] [resp] [admin] [startMultiTrials] [adt,ppt,trial,0,1,2,1,4] [exception: stream_socket_client failed, errstr: Unable to find the socket transport "unix" - did you forget to enable it when you configured PHP?]]
26.02.04 23:27:13 sendEvent [8.19] [cntr] [admin] [trialResult] [admin,1,2,adt,1,1770247632240,1770247632242,ppt,trial,1,,1,1254,1254,1254,top,,0,0,0,0,3] [exception: stream_socket_client failed, errstr: Unable to find the socket transport "unix" - did you forget to enable it when you configured PHP?]
26.02.04 23:27:13 sendStatusDoc [warn] [sendEvent [8.19] [cntr] [admin] [trialResult] [admin,1,2,adt,1,1770247632240,1770247632242,ppt,trial,1,,1,1254,1254,1254,top,,0,0,0,0,3] [exception: stream_socket_client failed, errstr: Unable to find the socket transport "unix" - did you forget to enable it when you configured PHP?]]
26.02.04 23:27:15 sendEvent [8.19] [cntr] [admin] [trialResult] [admin,1,2,adt,1,1770247633497,1770247634512,ppt,trial,2,,1,671,671,671,top,,0,0,0,0,2] [exception: stream_socket_client failed, errstr: Unable to find the socket transport "unix" - did you forget to enable it when you configured PHP?]
26.02.04 23:27:15 sendStatusDoc [warn] [sendEvent [8.19] [cntr] [admin] [trialResult] [admin,1,2,adt,1,1770247633497,1770247634512,ppt,trial,2,,1,671,671,671,top,,0,0,0,0,2] [exception: stream_socket_client failed, errstr: Unable to find the socket transport "unix" - did you forget to enable it when you configured PHP?]]
26.02.04 23:27:17 sendEvent [8.19] [cntr] [admin] [trialResult] [admin,1,2,adt,1,1770247635183,1770247636192,ppt,trial,3,,1,728,728,728,top,,0,0,0,0,1] [exception: stream_socket_client failed, errstr: Unable to find the socket transport "unix" - did you forget to enable it when you configured PHP?]
26.02.04 23:27:17 sendStatusDoc [warn] [sendEvent [8.19] [cntr] [admin] [trialResult] [admin,1,2,adt,1,1770247635183,1770247636192,ppt,trial,3,,1,728,728,728,top,,0,0,0,0,1] [exception: stream_socket_client failed, errstr: Unable to find the socket transport "unix" - did you forget to enable it when you configured PHP?]]
26.02.04 23:27:18 sendEvent [8.19] [cntr] [admin] [trialResult] [admin,1,2,adt,1,1770247636920,1770247637927,ppt,trial,4,,1,696,696,696,top,,0,0,0,0,0] [exception: stream_socket_client failed, errstr: Unable to find the socket transport "unix" - did you forget to enable it when you configured PHP?]
26.02.04 23:27:18 sendStatusDoc [warn] [sendEvent [8.19] [cntr] [admin] [trialResult] [admin,1,2,adt,1,1770247636920,1770247637927,ppt,trial,4,,1,696,696,696,top,,0,0,0,0,0] [exception: stream_socket_client failed, errstr: Unable to find the socket transport "unix" - did you forget to enable it when you configured PHP?]]
26.02.04 23:27:22 sendEvent [8.19] [cntr] [admin] [trialEnded] [] [exception: stream_socket_client failed, errstr: Unable to find the socket transport "unix" - did you forget to enable it when you configured PHP?]
26.02.04 23:27:22 sendStatusDoc [warn] [sendEvent [8.19] [cntr] [admin] [trialEnded] [] [exception: stream_socket_client failed, errstr: Unable to find the socket transport "unix" - did you forget to enable it when you configured PHP?]]
26.02.04 23:27:23 sendEvent [8.19] [resp] [admin] [endTrials] [adt,tspt] [exception: stream_socket_client failed, errstr: Unable to find the socket transport "unix" - did you forget to enable it when you configured PHP?]
26.02.04 23:27:23 sendStatusDoc [warn] [sendEvent [8.19] [resp] [admin] [endTrials] [adt,tspt] [exception: stream_socket_client failed, errstr: Unable to find the socket transport "unix" - did you forget to enable it when you configured PHP?]]
26.02.04 23:27:24 sendEvent [8.19] [resp] [admin] [endTrials] [adt,tspt] [exception: stream_socket_client failed, errstr: Unable to find the socket transport "unix" - did you forget to enable it when you configured PHP?]
26.02.04 23:27:24 sendStatusDoc [warn] [sendEvent [8.19] [resp] [admin] [endTrials] [adt,tspt] [exception: stream_socket_client failed, errstr: Unable to find the socket transport "unix" - did you forget to enable it when you configured PHP?]]
26.02.04 23:27:24 sendEvent [8.19] [cntr] [admin] [trialsEnded] [] [exception: stream_socket_client failed, errstr: Unable to find the socket transport "unix" - did you forget to enable it when you configured PHP?]
26.02.04 23:27:24 sendStatusDoc [warn] [sendEvent [8.19] [cntr] [admin] [trialsEnded] [] [exception: stream_socket_client failed, errstr: Unable to find the socket transport "unix" - did you forget to enable it when you configured PHP?]]
26.02.04 23:27:24 sendEvent [8.19] [cntr] [admin] [trialsEnded] [] [exception: stream_socket_client failed, errstr: Unable to find the socket transport "unix" - did you forget to enable it when you configured PHP?]
26.02.04 23:27:24 sendStatusDoc [warn] [sendEvent [8.19] [cntr] [admin] [trialsEnded] [] [exception: stream_socket_client failed, errstr: Unable to find the socket transport "unix" - did you forget to enable it when you configured PHP?]]
26.02.04 23:27:28 sendEvent [8.19] [resp] [admin] [endTest] [] [exception: stream_socket_client failed, errstr: Unable to find the socket transport "unix" - did you forget to enable it when you configured PHP?]
26.02.04 23:27:28 sendStatusDoc [warn] [sendEvent [8.19] [resp] [admin] [endTest] [] [exception: stream_socket_client failed, errstr: Unable to find the socket transport "unix" - did you forget to enable it when you configured PHP?]]
26.02.04 23:27:28 sendEvent [8.19] [cntr] [admin] [testEnded] [] [exception: stream_socket_client failed, errstr: Unable to find the socket transport "unix" - did you forget to enable it when you configured PHP?]
26.02.04 23:27:28 sendStatusDoc [warn] [sendEvent [8.19] [cntr] [admin] [testEnded] [] [exception: stream_socket_client failed, errstr: Unable to find the socket transport "unix" - did you forget to enable it when you configured PHP?]]
26.02.04 23:27:32 sendEvent [8.19] [resp] [admin] [setReadyMessage] [msg_adtIntro1,msg_adtIntro2,dot,msg_adtReady,,adth] [exception: stream_socket_client failed, errstr: Unable to find the socket transport "unix" - did you forget to enable it when you configured PHP?]
26.02.04 23:27:32 sendStatusDoc [warn] [sendEvent [8.19] [resp] [admin] [setReadyMessage] [msg_adtIntro1,msg_adtIntro2,dot,msg_adtReady,,adth] [exception: stream_socket_client failed, errstr: Unable to find the socket transport "unix" - did you forget to enable it when you configured PHP?]]
26.02.04 23:27:32 sendEvent [8.19] [resp] [admin] [startMultiTrials] [adth,ppr,trial,0,1,2,1,4] [exception: stream_socket_client failed, errstr: Unable to find the socket transport "unix" - did you forget to enable it when you configured PHP?]
26.02.04 23:27:32 sendStatusDoc [warn] [sendEvent [8.19] [resp] [admin] [startMultiTrials] [adth,ppr,trial,0,1,2,1,4] [exception: stream_socket_client failed, errstr: Unable to find the socket transport "unix" - did you forget to enable it when you configured PHP?]]
26.02.04 23:27:37 sendEvent [8.19] [cntr] [admin] [trialResult] [admin,1,2,adth,1,1770247656282,1770247656282,ppr,trial,1,,1,1007,1007,1007,rgt,,0,0,0,0,3] [exception: stream_socket_client failed, errstr: Unable to find the socket transport "unix" - did you forget to enable it when you configured PHP?]
26.02.04 23:27:37 sendStatusDoc [warn] [sendEvent [8.19] [cntr] [admin] [trialResult] [admin,1,2,adth,1,1770247656282,1770247656282,ppr,trial,1,,1,1007,1007,1007,rgt,,0,0,0,0,3] [exception: stream_socket_client failed, errstr: Unable to find the socket transport "unix" - did you forget to enable it when you configured PHP?]]
26.02.04 23:27:38 sendEvent [8.19] [cntr] [admin] [trialResult] [admin,1,2,adth,1,1770247657289,1770247658292,ppr,trial,2,,1,691,691,691,rgt,,0,0,0,0,2] [exception: stream_socket_client failed, errstr: Unable to find the socket transport "unix" - did you forget to enable it when you configured PHP?]
26.02.04 23:27:38 sendStatusDoc [warn] [sendEvent [8.19] [cntr] [admin] [trialResult] [admin,1,2,adth,1,1770247657289,1770247658292,ppr,trial,2,,1,691,691,691,rgt,,0,0,0,0,2] [exception: stream_socket_client failed, errstr: Unable to find the socket transport "unix" - did you forget to enable it when you configured PHP?]]
26.02.04 23:27:40 sendEvent [8.19] [cntr] [admin] [trialResult] [admin,1,2,adth,1,1770247658983,1770247659985,ppr,trial,3,,1,654,654,654,rgt,,0,0,0,0,1] [exception: stream_socket_client failed, errstr: Unable to find the socket transport "unix" - did you forget to enable it when you configured PHP?]
26.02.04 23:27:40 sendStatusDoc [warn] [sendEvent [8.19] [cntr] [admin] [trialResult] [admin,1,2,adth,1,1770247658983,1770247659985,ppr,trial,3,,1,654,654,654,rgt,,0,0,0,0,1] [exception: stream_socket_client failed, errstr: Unable to find the socket transport "unix" - did you forget to enable it when you configured PHP?]]
26.02.04 23:27:42 sendEvent [8.19] [cntr] [admin] [trialResult] [admin,1,2,adth,1,1770247660639,1770247661641,ppr,trial,4,,1,622,622,622,rgt,,0,0,0,0,0] [exception: stream_socket_client failed, errstr: Unable to find the socket transport "unix" - did you forget to enable it when you configured PHP?]
26.02.04 23:27:42 sendStatusDoc [warn] [sendEvent [8.19] [cntr] [admin] [trialResult] [admin,1,2,adth,1,1770247660639,1770247661641,ppr,trial,4,,1,622,622,622,rgt,,0,0,0,0,0] [exception: stream_socket_client failed, errstr: Unable to find the socket transport "unix" - did you forget to enable it when you configured PHP?]]
26.02.04 23:27:45 sendEvent [8.19] [cntr] [admin] [trialEnded] [] [exception: stream_socket_client failed, errstr: Unable to find the socket transport "unix" - did you forget to enable it when you configured PHP?]
26.02.04 23:27:45 sendStatusDoc [warn] [sendEvent [8.19] [cntr] [admin] [trialEnded] [] [exception: stream_socket_client failed, errstr: Unable to find the socket transport "unix" - did you forget to enable it when you configured PHP?]]
26.02.04 23:27:47 sendEvent [8.19] [resp] [admin] [endTrials] [adth,tspr] [exception: stream_socket_client failed, errstr: Unable to find the socket transport "unix" - did you forget to enable it when you configured PHP?]
26.02.04 23:27:47 sendStatusDoc [warn] [sendEvent [8.19] [resp] [admin] [endTrials] [adth,tspr] [exception: stream_socket_client failed, errstr: Unable to find the socket transport "unix" - did you forget to enable it when you configured PHP?]]
26.02.04 23:27:47 sendEvent [8.19] [resp] [admin] [endTrials] [adth,tspr] [exception: stream_socket_client failed, errstr: Unable to find the socket transport "unix" - did you forget to enable it when you configured PHP?]
26.02.04 23:27:47 sendStatusDoc [warn] [sendEvent [8.19] [resp] [admin] [endTrials] [adth,tspr] [exception: stream_socket_client failed, errstr: Unable to find the socket transport "unix" - did you forget to enable it when you configured PHP?]]
26.02.04 23:27:48 sendEvent [8.19] [cntr] [admin] [trialsEnded] [] [exception: stream_socket_client failed, errstr: Unable to find the socket transport "unix" - did you forget to enable it when you configured PHP?]
26.02.04 23:27:48 sendStatusDoc [warn] [sendEvent [8.19] [cntr] [admin] [trialsEnded] [] [exception: stream_socket_client failed, errstr: Unable to find the socket transport "unix" - did you forget to enable it when you configured PHP?]]
26.02.04 23:27:48 sendEvent [8.19] [cntr] [admin] [trialsEnded] [] [exception: stream_socket_client failed, errstr: Unable to find the socket transport "unix" - did you forget to enable it when you configured PHP?]
26.02.04 23:27:48 sendStatusDoc [warn] [sendEvent [8.19] [cntr] [admin] [trialsEnded] [] [exception: stream_socket_client failed, errstr: Unable to find the socket transport "unix" - did you forget to enable it when you configured PHP?]]
26.02.04 23:27:50 sendEvent [8.19] [resp] [admin] [endTest] [] [exception: stream_socket_client failed, errstr: Unable to find the socket transport "unix" - did you forget to enable it when you configured PHP?]
26.02.04 23:27:50 sendStatusDoc [warn] [sendEvent [8.19] [resp] [admin] [endTest] [] [exception: stream_socket_client failed, errstr: Unable to find the socket transport "unix" - did you forget to enable it when you configured PHP?]]
26.02.04 23:27:51 sendEvent [8.19] [cntr] [admin] [testEnded] [] [exception: stream_socket_client failed, errstr: Unable to find the socket transport "unix" - did you forget to enable it when you configured PHP?]
26.02.04 23:27:51 sendStatusDoc [warn] [sendEvent [8.19] [cntr] [admin] [testEnded] [] [exception: stream_socket_client failed, errstr: Unable to find the socket transport "unix" - did you forget to enable it when you configured PHP?]]
26.02.04 23:27:57 sendEvent [8.19] [resp] [admin] [setReadyMessage] [,,dot,msg_adtReady,,9m] [exception: stream_socket_client failed, errstr: Unable to find the socket transport "unix" - did you forget to enable it when you configured PHP?]
26.02.04 23:27:57 sendStatusDoc [warn] [sendEvent [8.19] [resp] [admin] [setReadyMessage] [,,dot,msg_adtReady,,9m] [exception: stream_socket_client failed, errstr: Unable to find the socket transport "unix" - did you forget to enable it when you configured PHP?]]
26.02.04 23:27:57 sendEvent [8.19] [resp] [admin] [startMultiTrials] [9m,tptt,trial,0,1,2,1,3] [exception: stream_socket_client failed, errstr: Unable to find the socket transport "unix" - did you forget to enable it when you configured PHP?]
26.02.04 23:27:57 sendStatusDoc [warn] [sendEvent [8.19] [resp] [admin] [startMultiTrials] [9m,tptt,trial,0,1,2,1,3] [exception: stream_socket_client failed, errstr: Unable to find the socket transport "unix" - did you forget to enable it when you configured PHP?]]
26.02.04 23:28:01 sendEvent [8.19] [cntr] [admin] [trialResult] [admin,1,2,9m,1,1770247679754,1770247679755,tpt,trial,1,,1,364,1012,1012,top,apple,0,0,0,0,2] [exception: stream_socket_client failed, errstr: Unable to find the socket transport "unix" - did you forget to enable it when you configured PHP?]
26.02.04 23:28:01 sendStatusDoc [warn] [sendEvent [8.19] [cntr] [admin] [trialResult] [admin,1,2,9m,1,1770247679754,1770247679755,tpt,trial,1,,1,364,1012,1012,top,apple,0,0,0,0,2] [exception: stream_socket_client failed, errstr: Unable to find the socket transport "unix" - did you forget to enable it when you configured PHP?]]
26.02.04 23:28:06 sendEvent [8.19] [cntr] [admin] [trialResult] [admin,1,2,9m,1,1770247680767,1770247685493,tpt,trial,2,,1,1338,1338,1338,top,bus,0,0,0,0,1] [exception: stream_socket_client failed, errstr: Unable to find the socket transport "unix" - did you forget to enable it when you configured PHP?]
26.02.04 23:28:06 sendStatusDoc [warn] [sendEvent [8.19] [cntr] [admin] [trialResult] [admin,1,2,9m,1,1770247680767,1770247685493,tpt,trial,2,,1,1338,1338,1338,top,bus,0,0,0,0,1] [exception: stream_socket_client failed, errstr: Unable to find the socket transport "unix" - did you forget to enable it when you configured PHP?]]
26.02.04 23:28:13 sendEvent [8.19] [cntr] [admin] [trialResult] [admin,1,2,9m,1,1770247686831,1770247691521,tpt,trial,3,,1,1590,1590,1590,top,bus,0,0,0,0,0] [exception: stream_socket_client failed, errstr: Unable to find the socket transport "unix" - did you forget to enable it when you configured PHP?]
26.02.04 23:28:13 sendStatusDoc [warn] [sendEvent [8.19] [cntr] [admin] [trialResult] [admin,1,2,9m,1,1770247686831,1770247691521,tpt,trial,3,,1,1590,1590,1590,top,bus,0,0,0,0,0] [exception: stream_socket_client failed, errstr: Unable to find the socket transport "unix" - did you forget to enable it when you configured PHP?]]
26.02.04 23:28:19 sendEvent [8.19] [cntr] [admin] [trialEnded] [] [exception: stream_socket_client failed, errstr: Unable to find the socket transport "unix" - did you forget to enable it when you configured PHP?]
26.02.04 23:28:19 sendStatusDoc [warn] [sendEvent [8.19] [cntr] [admin] [trialEnded] [] [exception: stream_socket_client failed, errstr: Unable to find the socket transport "unix" - did you forget to enable it when you configured PHP?]]
26.02.04 23:28:22 sendEvent [8.19] [resp] [admin] [setReadyMessage] [,,dot,msg_adtReady,,9m] [exception: stream_socket_client failed, errstr: Unable to find the socket transport "unix" - did you forget to enable it when you configured PHP?]
26.02.04 23:28:22 sendStatusDoc [warn] [sendEvent [8.19] [resp] [admin] [setReadyMessage] [,,dot,msg_adtReady,,9m] [exception: stream_socket_client failed, errstr: Unable to find the socket transport "unix" - did you forget to enable it when you configured PHP?]]
26.02.04 23:28:22 sendEvent [8.19] [resp] [admin] [startMultiTrials] [9m,tptb,trial,0,1,2,1,3] [exception: stream_socket_client failed, errstr: Unable to find the socket transport "unix" - did you forget to enable it when you configured PHP?]
26.02.04 23:28:22 sendStatusDoc [warn] [sendEvent [8.19] [resp] [admin] [startMultiTrials] [9m,tptb,trial,0,1,2,1,3] [exception: stream_socket_client failed, errstr: Unable to find the socket transport "unix" - did you forget to enable it when you configured PHP?]]
26.02.04 23:28:26 sendEvent [8.19] [cntr] [admin] [trialResult] [admin,1,2,9m,1,1770247705161,1770247705162,tpt,trial,1,,1,316,966,966,btm,apple,0,0,0,0,2] [exception: stream_socket_client failed, errstr: Unable to find the socket transport "unix" - did you forget to enable it when you configured PHP?]
26.02.04 23:28:26 sendStatusDoc [warn] [sendEvent [8.19] [cntr] [admin] [trialResult] [admin,1,2,9m,1,1770247705161,1770247705162,tpt,trial,1,,1,316,966,966,btm,apple,0,0,0,0,2] [exception: stream_socket_client failed, errstr: Unable to find the socket transport "unix" - did you forget to enable it when you configured PHP?]]
26.02.04 23:28:31 sendEvent [8.19] [resp] [admin] [cancelTrial] [] [exception: stream_socket_client failed, errstr: Unable to find the socket transport "unix" - did you forget to enable it when you configured PHP?]
26.02.04 23:28:31 sendStatusDoc [warn] [sendEvent [8.19] [resp] [admin] [cancelTrial] [] [exception: stream_socket_client failed, errstr: Unable to find the socket transport "unix" - did you forget to enable it when you configured PHP?]]
26.02.04 23:28:34 sendEvent [8.19] [resp] [admin] [cancelTrial] [] [exception: stream_socket_client failed, errstr: Unable to find the socket transport "unix" - did you forget to enable it when you configured PHP?]
26.02.04 23:28:34 sendStatusDoc [warn] [sendEvent [8.19] [resp] [admin] [cancelTrial] [] [exception: stream_socket_client failed, errstr: Unable to find the socket transport "unix" - did you forget to enable it when you configured PHP?]]
26.02.04 23:28:35 sendEvent [8.19] [resp] [admin] [cancelTrial] [] [exception: stream_socket_client failed, errstr: Unable to find the socket transport "unix" - did you forget to enable it when you configured PHP?]
26.02.04 23:28:35 sendStatusDoc [warn] [sendEvent [8.19] [resp] [admin] [cancelTrial] [] [exception: stream_socket_client failed, errstr: Unable to find the socket transport "unix" - did you forget to enable it when you configured PHP?]]
26.02.04 23:37:56 sendEvent [8.19] [resp] [admin] [startMultiTrials] [adt,ppt,trial,0,1,2,1,4] [exception: stream_socket_client failed, errstr: Unable to find the socket transport "unix" - did you forget to enable it when you configured PHP?]
26.02.04 23:37:56 sendStatusDoc [warn] [sendEvent [8.19] [resp] [admin] [startMultiTrials] [adt,ppt,trial,0,1,2,1,4] [exception: stream_socket_client failed, errstr: Unable to find the socket transport "unix" - did you forget to enable it when you configured PHP?]]
26.02.04 23:37:56 sendEvent [8.19] [resp] [admin] [setReadyMessage] [msg_adtIntro1,msg_adtIntro2,dot,msg_adtReady,,adt] [exception: stream_socket_client failed, errstr: Unable to find the socket transport "unix" - did you forget to enable it when you configured PHP?]
26.02.04 23:37:56 sendStatusDoc [warn] [sendEvent [8.19] [resp] [admin] [setReadyMessage] [msg_adtIntro1,msg_adtIntro2,dot,msg_adtReady,,adt] [exception: stream_socket_client failed, errstr: Unable to find the socket transport "unix" - did you forget to enable it when you configured PHP?]]
26.02.04 23:38:08 sendEvent [8.19] [cntr] [admin] [trialResult] [admin,1,2,adt,1,1770248276705,1770248276706,ppt,trial,1,,0,10156,11174,11174,btm,,0,0,0,0,3] [exception: stream_socket_client failed, errstr: Unable to find the socket transport "unix" - did you forget to enable it when you configured PHP?]
26.02.04 23:38:08 sendStatusDoc [warn] [sendEvent [8.19] [cntr] [admin] [trialResult] [admin,1,2,adt,1,1770248276705,1770248276706,ppt,trial,1,,0,10156,11174,11174,btm,,0,0,0,0,3] [exception: stream_socket_client failed, errstr: Unable to find the socket transport "unix" - did you forget to enable it when you configured PHP?]]
26.02.04 23:38:15 sendEvent [8.19] [resp] [admin] [cancelTrial] [] [exception: stream_socket_client failed, errstr: Unable to find the socket transport "unix" - did you forget to enable it when you configured PHP?]
26.02.04 23:38:15 sendStatusDoc [warn] [sendEvent [8.19] [resp] [admin] [cancelTrial] [] [exception: stream_socket_client failed, errstr: Unable to find the socket transport "unix" - did you forget to enable it when you configured PHP?]]
26.02.04 23:38:18 sendEvent [8.19] [resp] [admin] [cancelTrial] [] [exception: stream_socket_client failed, errstr: Unable to find the socket transport "unix" - did you forget to enable it when you configured PHP?]
26.02.04 23:38:18 sendStatusDoc [warn] [sendEvent [8.19] [resp] [admin] [cancelTrial] [] [exception: stream_socket_client failed, errstr: Unable to find the socket transport "unix" - did you forget to enable it when you configured PHP?]]
26.02.04 23:38:20 sendEvent [8.19] [resp] [admin] [cancelTrial] [] [exception: stream_socket_client failed, errstr: Unable to find the socket transport "unix" - did you forget to enable it when you configured PHP?]
26.02.04 23:38:20 sendStatusDoc [warn] [sendEvent [8.19] [resp] [admin] [cancelTrial] [] [exception: stream_socket_client failed, errstr: Unable to find the socket transport "unix" - did you forget to enable it when you configured PHP?]]
26.02.04 23:38:21 sendEvent [8.19] [resp] [admin] [cancelTrial] [] [exception: stream_socket_client failed, errstr: Unable to find the socket transport "unix" - did you forget to enable it when you configured PHP?]
26.02.04 23:38:21 sendStatusDoc [warn] [sendEvent [8.19] [resp] [admin] [cancelTrial] [] [exception: stream_socket_client failed, errstr: Unable to find the socket transport "unix" - did you forget to enable it when you configured PHP?]]
26.02.04 23:38:23 sendEvent [8.19] [resp] [admin] [cancelTrial] [] [exception: stream_socket_client failed, errstr: Unable to find the socket transport "unix" - did you forget to enable it when you configured PHP?]
26.02.04 23:38:23 sendStatusDoc [warn] [sendEvent [8.19] [resp] [admin] [cancelTrial] [] [exception: stream_socket_client failed, errstr: Unable to find the socket transport "unix" - did you forget to enable it when you configured PHP?]]
26.02.04 23:38:42 sendEvent [8.19] [resp] [admin] [cancelTrial] [] [exception: stream_socket_client failed, errstr: Unable to find the socket transport "unix" - did you forget to enable it when you configured PHP?]
26.02.04 23:38:42 sendStatusDoc [warn] [sendEvent [8.19] [resp] [admin] [cancelTrial] [] [exception: stream_socket_client failed, errstr: Unable to find the socket transport "unix" - did you forget to enable it when you configured PHP?]]
26.02.04 23:39:48 sendEvent [8.19] [resp] [admin] [disconnect] [] [exception: stream_socket_client failed, errstr: Unable to find the socket transport "unix" - did you forget to enable it when you configured PHP?]
26.02.04 23:39:48 sendStatusDoc [warn] [sendEvent [8.19] [resp] [admin] [disconnect] [] [exception: stream_socket_client failed, errstr: Unable to find the socket transport "unix" - did you forget to enable it when you configured PHP?]]
26.02.04 23:39:48 sendEvent [8.19] [cntr] [admin] [goodbye] [] [exception: stream_socket_client failed, errstr: Unable to find the socket transport "unix" - did you forget to enable it when you configured PHP?]
26.02.04 23:39:48 sendStatusDoc [warn] [sendEvent [8.19] [cntr] [admin] [goodbye] [] [exception: stream_socket_client failed, errstr: Unable to find the socket transport "unix" - did you forget to enable it when you configured PHP?]]
26.02.04 23:40:29 sendEvent [8.19] [resp] [admin] [setReadyMessage] [msg_adtIntro1,msg_adtIntro2,dot,msg_adtReady,,adt] [exception: stream_socket_client failed, errstr: Unable to find the socket transport "unix" - did you forget to enable it when you configured PHP?]
26.02.04 23:40:29 sendStatusDoc [warn] [sendEvent [8.19] [resp] [admin] [setReadyMessage] [msg_adtIntro1,msg_adtIntro2,dot,msg_adtReady,,adt] [exception: stream_socket_client failed, errstr: Unable to find the socket transport "unix" - did you forget to enable it when you configured PHP?]]
26.02.04 23:40:29 sendEvent [8.19] [resp] [admin] [startMultiTrials] [adt,ppt,trial,0,1,2,1,4] [exception: stream_socket_client failed, errstr: Unable to find the socket transport "unix" - did you forget to enable it when you configured PHP?]
26.02.04 23:40:29 sendStatusDoc [warn] [sendEvent [8.19] [resp] [admin] [startMultiTrials] [adt,ppt,trial,0,1,2,1,4] [exception: stream_socket_client failed, errstr: Unable to find the socket transport "unix" - did you forget to enable it when you configured PHP?]]
26.02.04 23:40:33 sendEvent [8.19] [cntr] [admin] [trialResult] [admin,1,2,adt,1,1770248432198,1770248432200,ppt,trial,1,,1,1007,1007,1007,top,,0,0,0,0,3] [exception: stream_socket_client failed, errstr: Unable to find the socket transport "unix" - did you forget to enable it when you configured PHP?]
26.02.04 23:40:33 sendStatusDoc [warn] [sendEvent [8.19] [cntr] [admin] [trialResult] [admin,1,2,adt,1,1770248432198,1770248432200,ppt,trial,1,,1,1007,1007,1007,top,,0,0,0,0,3] [exception: stream_socket_client failed, errstr: Unable to find the socket transport "unix" - did you forget to enable it when you configured PHP?]]
26.02.04 23:40:35 sendEvent [8.19] [cntr] [admin] [trialResult] [admin,1,2,adt,1,1770248433208,1770248434212,ppt,trial,2,,1,835,835,835,top,,0,0,0,0,2] [exception: stream_socket_client failed, errstr: Unable to find the socket transport "unix" - did you forget to enable it when you configured PHP?]
26.02.04 23:40:35 sendStatusDoc [warn] [sendEvent [8.19] [cntr] [admin] [trialResult] [admin,1,2,adt,1,1770248433208,1770248434212,ppt,trial,2,,1,835,835,835,top,,0,0,0,0,2] [exception: stream_socket_client failed, errstr: Unable to find the socket transport "unix" - did you forget to enable it when you configured PHP?]]
26.02.04 23:40:36 sendEvent [8.19] [cntr] [admin] [trialResult] [admin,1,2,adt,1,1770248435047,1770248436057,ppt,trial,3,,1,582,582,582,top,,0,0,0,0,1] [exception: stream_socket_client failed, errstr: Unable to find the socket transport "unix" - did you forget to enable it when you configured PHP?]
26.02.04 23:40:36 sendStatusDoc [warn] [sendEvent [8.19] [cntr] [admin] [trialResult] [admin,1,2,adt,1,1770248435047,1770248436057,ppt,trial,3,,1,582,582,582,top,,0,0,0,0,1] [exception: stream_socket_client failed, errstr: Unable to find the socket transport "unix" - did you forget to enable it when you configured PHP?]]
26.02.04 23:40:38 sendEvent [8.19] [cntr] [admin] [trialResult] [admin,1,2,adt,1,1770248436639,1770248437640,ppt,trial,4,,1,551,551,551,top,,0,0,0,0,0] [exception: stream_socket_client failed, errstr: Unable to find the socket transport "unix" - did you forget to enable it when you configured PHP?]
26.02.04 23:40:38 sendStatusDoc [warn] [sendEvent [8.19] [cntr] [admin] [trialResult] [admin,1,2,adt,1,1770248436639,1770248437640,ppt,trial,4,,1,551,551,551,top,,0,0,0,0,0] [exception: stream_socket_client failed, errstr: Unable to find the socket transport "unix" - did you forget to enable it when you configured PHP?]]
26.02.04 23:40:40 sendEvent [8.19] [cntr] [admin] [trialEnded] [] [exception: stream_socket_client failed, errstr: Unable to find the socket transport "unix" - did you forget to enable it when you configured PHP?]
26.02.04 23:40:40 sendStatusDoc [warn] [sendEvent [8.19] [cntr] [admin] [trialEnded] [] [exception: stream_socket_client failed, errstr: Unable to find the socket transport "unix" - did you forget to enable it when you configured PHP?]]
26.02.04 23:40:43 sendEvent [8.19] [resp] [admin] [endTrials] [adt,tspt] [exception: stream_socket_client failed, errstr: Unable to find the socket transport "unix" - did you forget to enable it when you configured PHP?]
26.02.04 23:40:43 sendStatusDoc [warn] [sendEvent [8.19] [resp] [admin] [endTrials] [adt,tspt] [exception: stream_socket_client failed, errstr: Unable to find the socket transport "unix" - did you forget to enable it when you configured PHP?]]
26.02.04 23:40:43 sendEvent [8.19] [resp] [admin] [endTrials] [adt,tspt] [exception: stream_socket_client failed, errstr: Unable to find the socket transport "unix" - did you forget to enable it when you configured PHP?]
26.02.04 23:40:43 sendStatusDoc [warn] [sendEvent [8.19] [resp] [admin] [endTrials] [adt,tspt] [exception: stream_socket_client failed, errstr: Unable to find the socket transport "unix" - did you forget to enable it when you configured PHP?]]
26.02.04 23:40:43 sendEvent [8.19] [cntr] [admin] [trialsEnded] [] [exception: stream_socket_client failed, errstr: Unable to find the socket transport "unix" - did you forget to enable it when you configured PHP?]
26.02.04 23:40:43 sendStatusDoc [warn] [sendEvent [8.19] [cntr] [admin] [trialsEnded] [] [exception: stream_socket_client failed, errstr: Unable to find the socket transport "unix" - did you forget to enable it when you configured PHP?]]
26.02.04 23:40:43 sendEvent [8.19] [cntr] [admin] [trialsEnded] [] [exception: stream_socket_client failed, errstr: Unable to find the socket transport "unix" - did you forget to enable it when you configured PHP?]
26.02.04 23:40:43 sendStatusDoc [warn] [sendEvent [8.19] [cntr] [admin] [trialsEnded] [] [exception: stream_socket_client failed, errstr: Unable to find the socket transport "unix" - did you forget to enable it when you configured PHP?]]
26.02.04 23:40:47 sendEvent [8.19] [resp] [admin] [endTest] [] [exception: stream_socket_client failed, errstr: Unable to find the socket transport "unix" - did you forget to enable it when you configured PHP?]
26.02.04 23:40:47 sendStatusDoc [warn] [sendEvent [8.19] [resp] [admin] [endTest] [] [exception: stream_socket_client failed, errstr: Unable to find the socket transport "unix" - did you forget to enable it when you configured PHP?]]
26.02.04 23:40:47 sendEvent [8.19] [cntr] [admin] [testEnded] [] [exception: stream_socket_client failed, errstr: Unable to find the socket transport "unix" - did you forget to enable it when you configured PHP?]
26.02.04 23:40:47 sendStatusDoc [warn] [sendEvent [8.19] [cntr] [admin] [testEnded] [] [exception: stream_socket_client failed, errstr: Unable to find the socket transport "unix" - did you forget to enable it when you configured PHP?]]
26.02.04 23:40:51 sendEvent [8.19] [resp] [admin] [setReadyMessage] [msg_adtIntro1,msg_adtIntro2,dot,msg_adtReady,,adth] [exception: stream_socket_client failed, errstr: Unable to find the socket transport "unix" - did you forget to enable it when you configured PHP?]
26.02.04 23:40:51 sendStatusDoc [warn] [sendEvent [8.19] [resp] [admin] [setReadyMessage] [msg_adtIntro1,msg_adtIntro2,dot,msg_adtReady,,adth] [exception: stream_socket_client failed, errstr: Unable to find the socket transport "unix" - did you forget to enable it when you configured PHP?]]
26.02.04 23:40:51 sendEvent [8.19] [resp] [admin] [startMultiTrials] [adth,ppr,trial,0,1,2,1,4] [exception: stream_socket_client failed, errstr: Unable to find the socket transport "unix" - did you forget to enable it when you configured PHP?]
26.02.04 23:40:51 sendStatusDoc [warn] [sendEvent [8.19] [resp] [admin] [startMultiTrials] [adth,ppr,trial,0,1,2,1,4] [exception: stream_socket_client failed, errstr: Unable to find the socket transport "unix" - did you forget to enable it when you configured PHP?]]
26.02.04 23:40:57 sendEvent [8.19] [cntr] [admin] [trialResult] [admin,1,2,adth,1,1770248456626,1770248456627,ppr,trial,1,,1,132,1117,1117,rgt,,1,0,0,0,3] [exception: stream_socket_client failed, errstr: Unable to find the socket transport "unix" - did you forget to enable it when you configured PHP?]
26.02.04 23:40:57 sendStatusDoc [warn] [sendEvent [8.19] [cntr] [admin] [trialResult] [admin,1,2,adth,1,1770248456626,1770248456627,ppr,trial,1,,1,132,1117,1117,rgt,,1,0,0,0,3] [exception: stream_socket_client failed, errstr: Unable to find the socket transport "unix" - did you forget to enable it when you configured PHP?]]
26.02.04 23:40:59 sendEvent [8.19] [cntr] [admin] [trialResult] [admin,1,2,adth,1,1770248457744,1770248458746,ppr,trial,2,,1,765,765,765,rgt,,0,0,0,0,2] [exception: stream_socket_client failed, errstr: Unable to find the socket transport "unix" - did you forget to enable it when you configured PHP?]
26.02.04 23:40:59 sendStatusDoc [warn] [sendEvent [8.19] [cntr] [admin] [trialResult] [admin,1,2,adth,1,1770248457744,1770248458746,ppr,trial,2,,1,765,765,765,rgt,,0,0,0,0,2] [exception: stream_socket_client failed, errstr: Unable to find the socket transport "unix" - did you forget to enable it when you configured PHP?]]
26.02.04 23:41:01 sendEvent [8.19] [cntr] [admin] [trialResult] [admin,1,2,adth,1,1770248459511,1770248460516,ppr,trial,3,,1,731,731,731,rgt,,0,0,0,0,1] [exception: stream_socket_client failed, errstr: Unable to find the socket transport "unix" - did you forget to enable it when you configured PHP?]
26.02.04 23:41:01 sendStatusDoc [warn] [sendEvent [8.19] [cntr] [admin] [trialResult] [admin,1,2,adth,1,1770248459511,1770248460516,ppr,trial,3,,1,731,731,731,rgt,,0,0,0,0,1] [exception: stream_socket_client failed, errstr: Unable to find the socket transport "unix" - did you forget to enable it when you configured PHP?]]
26.02.04 23:41:03 sendEvent [8.19] [cntr] [admin] [trialResult] [admin,1,2,adth,1,1770248461247,1770248462249,ppr,trial,4,,1,614,614,614,rgt,,0,0,0,0,0] [exception: stream_socket_client failed, errstr: Unable to find the socket transport "unix" - did you forget to enable it when you configured PHP?]
26.02.04 23:41:03 sendStatusDoc [warn] [sendEvent [8.19] [cntr] [admin] [trialResult] [admin,1,2,adth,1,1770248461247,1770248462249,ppr,trial,4,,1,614,614,614,rgt,,0,0,0,0,0] [exception: stream_socket_client failed, errstr: Unable to find the socket transport "unix" - did you forget to enable it when you configured PHP?]]
26.02.04 23:41:05 sendEvent [8.19] [cntr] [admin] [trialEnded] [] [exception: stream_socket_client failed, errstr: Unable to find the socket transport "unix" - did you forget to enable it when you configured PHP?]
26.02.04 23:41:05 sendStatusDoc [warn] [sendEvent [8.19] [cntr] [admin] [trialEnded] [] [exception: stream_socket_client failed, errstr: Unable to find the socket transport "unix" - did you forget to enable it when you configured PHP?]]
26.02.04 23:41:07 sendEvent [8.19] [resp] [admin] [endTrials] [adth,tspr] [exception: stream_socket_client failed, errstr: Unable to find the socket transport "unix" - did you forget to enable it when you configured PHP?]
26.02.04 23:41:07 sendStatusDoc [warn] [sendEvent [8.19] [resp] [admin] [endTrials] [adth,tspr] [exception: stream_socket_client failed, errstr: Unable to find the socket transport "unix" - did you forget to enable it when you configured PHP?]]
26.02.04 23:41:08 sendEvent [8.19] [resp] [admin] [endTrials] [adth,tspr] [exception: stream_socket_client failed, errstr: Unable to find the socket transport "unix" - did you forget to enable it when you configured PHP?]
26.02.04 23:41:08 sendStatusDoc [warn] [sendEvent [8.19] [resp] [admin] [endTrials] [adth,tspr] [exception: stream_socket_client failed, errstr: Unable to find the socket transport "unix" - did you forget to enable it when you configured PHP?]]
26.02.04 23:41:08 sendEvent [8.19] [cntr] [admin] [trialsEnded] [] [exception: stream_socket_client failed, errstr: Unable to find the socket transport "unix" - did you forget to enable it when you configured PHP?]
26.02.04 23:41:08 sendStatusDoc [warn] [sendEvent [8.19] [cntr] [admin] [trialsEnded] [] [exception: stream_socket_client failed, errstr: Unable to find the socket transport "unix" - did you forget to enable it when you configured PHP?]]
26.02.04 23:41:08 sendEvent [8.19] [cntr] [admin] [trialsEnded] [] [exception: stream_socket_client failed, errstr: Unable to find the socket transport "unix" - did you forget to enable it when you configured PHP?]
26.02.04 23:41:08 sendStatusDoc [warn] [sendEvent [8.19] [cntr] [admin] [trialsEnded] [] [exception: stream_socket_client failed, errstr: Unable to find the socket transport "unix" - did you forget to enable it when you configured PHP?]]
26.02.04 23:41:09 sendEvent [8.19] [resp] [admin] [endTest] [] [exception: stream_socket_client failed, errstr: Unable to find the socket transport "unix" - did you forget to enable it when you configured PHP?]
26.02.04 23:41:09 sendStatusDoc [warn] [sendEvent [8.19] [resp] [admin] [endTest] [] [exception: stream_socket_client failed, errstr: Unable to find the socket transport "unix" - did you forget to enable it when you configured PHP?]]
26.02.04 23:41:10 sendEvent [8.19] [cntr] [admin] [testEnded] [] [exception: stream_socket_client failed, errstr: Unable to find the socket transport "unix" - did you forget to enable it when you configured PHP?]
26.02.04 23:41:10 sendStatusDoc [warn] [sendEvent [8.19] [cntr] [admin] [testEnded] [] [exception: stream_socket_client failed, errstr: Unable to find the socket transport "unix" - did you forget to enable it when you configured PHP?]]
26.02.04 23:41:16 sendEvent [8.19] [resp] [admin] [setReadyMessage] [,,dot,msg_adtReady,,24m2] [exception: stream_socket_client failed, errstr: Unable to find the socket transport "unix" - did you forget to enable it when you configured PHP?]
26.02.04 23:41:16 sendStatusDoc [warn] [sendEvent [8.19] [resp] [admin] [setReadyMessage] [,,dot,msg_adtReady,,24m2] [exception: stream_socket_client failed, errstr: Unable to find the socket transport "unix" - did you forget to enable it when you configured PHP?]]
26.02.04 23:41:16 sendEvent [8.19] [resp] [admin] [startMultiTrials] [24m2,prt,trial,0,1,2,1,3] [exception: stream_socket_client failed, errstr: Unable to find the socket transport "unix" - did you forget to enable it when you configured PHP?]
26.02.04 23:41:16 sendStatusDoc [warn] [sendEvent [8.19] [resp] [admin] [startMultiTrials] [24m2,prt,trial,0,1,2,1,3] [exception: stream_socket_client failed, errstr: Unable to find the socket transport "unix" - did you forget to enable it when you configured PHP?]]
26.02.04 23:41:19 sendEvent [8.19] [cntr] [admin] [trialResult] [admin,1,2,24m2,1,1770248478202,1770248478203,prt,trial,1,,1,323,996,996,mdl,apple,0,0,0,0,2] [exception: stream_socket_client failed, errstr: Unable to find the socket transport "unix" - did you forget to enable it when you configured PHP?]
26.02.04 23:41:19 sendStatusDoc [warn] [sendEvent [8.19] [cntr] [admin] [trialResult] [admin,1,2,24m2,1,1770248478202,1770248478203,prt,trial,1,,1,323,996,996,mdl,apple,0,0,0,0,2] [exception: stream_socket_client failed, errstr: Unable to find the socket transport "unix" - did you forget to enable it when you configured PHP?]]
26.02.04 23:41:24 sendEvent [8.19] [cntr] [admin] [trialResult] [admin,1,2,24m2,1,1770248479200,1770248483954,prt,trial,2,,1,637,637,637,mdl,apple,0,0,0,0,1] [exception: stream_socket_client failed, errstr: Unable to find the socket transport "unix" - did you forget to enable it when you configured PHP?]
26.02.04 23:41:24 sendStatusDoc [warn] [sendEvent [8.19] [cntr] [admin] [trialResult] [admin,1,2,24m2,1,1770248479200,1770248483954,prt,trial,2,,1,637,637,637,mdl,apple,0,0,0,0,1] [exception: stream_socket_client failed, errstr: Unable to find the socket transport "unix" - did you forget to enable it when you configured PHP?]]
26.02.04 23:41:30 sendEvent [8.19] [cntr] [admin] [trialResult] [admin,1,2,24m2,1,1770248484591,1770248489211,prt,trial,3,,1,836,836,836,mdl,elephant4,0,0,0,0,0] [exception: stream_socket_client failed, errstr: Unable to find the socket transport "unix" - did you forget to enable it when you configured PHP?]
26.02.04 23:41:30 sendStatusDoc [warn] [sendEvent [8.19] [cntr] [admin] [trialResult] [admin,1,2,24m2,1,1770248484591,1770248489211,prt,trial,3,,1,836,836,836,mdl,elephant4,0,0,0,0,0] [exception: stream_socket_client failed, errstr: Unable to find the socket transport "unix" - did you forget to enable it when you configured PHP?]]
26.02.04 23:41:35 sendEvent [8.19] [cntr] [admin] [trialEnded] [] [exception: stream_socket_client failed, errstr: Unable to find the socket transport "unix" - did you forget to enable it when you configured PHP?]
26.02.04 23:41:35 sendStatusDoc [warn] [sendEvent [8.19] [cntr] [admin] [trialEnded] [] [exception: stream_socket_client failed, errstr: Unable to find the socket transport "unix" - did you forget to enable it when you configured PHP?]]
26.02.04 23:41:37 sendEvent [8.19] [resp] [admin] [endTrials] [24m2,tspt] [exception: stream_socket_client failed, errstr: Unable to find the socket transport "unix" - did you forget to enable it when you configured PHP?]
26.02.04 23:41:37 sendStatusDoc [warn] [sendEvent [8.19] [resp] [admin] [endTrials] [24m2,tspt] [exception: stream_socket_client failed, errstr: Unable to find the socket transport "unix" - did you forget to enable it when you configured PHP?]]
26.02.04 23:41:37 sendEvent [8.19] [resp] [admin] [endTrials] [24m2,tspt] [exception: stream_socket_client failed, errstr: Unable to find the socket transport "unix" - did you forget to enable it when you configured PHP?]
26.02.04 23:41:37 sendStatusDoc [warn] [sendEvent [8.19] [resp] [admin] [endTrials] [24m2,tspt] [exception: stream_socket_client failed, errstr: Unable to find the socket transport "unix" - did you forget to enable it when you configured PHP?]]
26.02.04 23:41:37 sendEvent [8.19] [cntr] [admin] [trialsEnded] [] [exception: stream_socket_client failed, errstr: Unable to find the socket transport "unix" - did you forget to enable it when you configured PHP?]
26.02.04 23:41:37 sendStatusDoc [warn] [sendEvent [8.19] [cntr] [admin] [trialsEnded] [] [exception: stream_socket_client failed, errstr: Unable to find the socket transport "unix" - did you forget to enable it when you configured PHP?]]
26.02.04 23:41:38 sendEvent [8.19] [cntr] [admin] [trialsEnded] [] [exception: stream_socket_client failed, errstr: Unable to find the socket transport "unix" - did you forget to enable it when you configured PHP?]
26.02.04 23:41:38 sendStatusDoc [warn] [sendEvent [8.19] [cntr] [admin] [trialsEnded] [] [exception: stream_socket_client failed, errstr: Unable to find the socket transport "unix" - did you forget to enable it when you configured PHP?]]
26.02.04 23:41:40 sendEvent [8.19] [resp] [admin] [endTest] [] [exception: stream_socket_client failed, errstr: Unable to find the socket transport "unix" - did you forget to enable it when you configured PHP?]
26.02.04 23:41:40 sendStatusDoc [warn] [sendEvent [8.19] [resp] [admin] [endTest] [] [exception: stream_socket_client failed, errstr: Unable to find the socket transport "unix" - did you forget to enable it when you configured PHP?]]
26.02.04 23:41:40 sendEvent [8.19] [cntr] [admin] [testEnded] [] [exception: stream_socket_client failed, errstr: Unable to find the socket transport "unix" - did you forget to enable it when you configured PHP?]
26.02.04 23:41:40 sendStatusDoc [warn] [sendEvent [8.19] [cntr] [admin] [testEnded] [] [exception: stream_socket_client failed, errstr: Unable to find the socket transport "unix" - did you forget to enable it when you configured PHP?]]
26.02.04 23:41:48 sendEvent [8.19] [resp] [admin] [setReadyMessage] [,,dot,msg_adtReady,,9m] [exception: stream_socket_client failed, errstr: Unable to find the socket transport "unix" - did you forget to enable it when you configured PHP?]
26.02.04 23:41:48 sendStatusDoc [warn] [sendEvent [8.19] [resp] [admin] [setReadyMessage] [,,dot,msg_adtReady,,9m] [exception: stream_socket_client failed, errstr: Unable to find the socket transport "unix" - did you forget to enable it when you configured PHP?]]
26.02.04 23:41:48 sendEvent [8.19] [resp] [admin] [startMultiTrials] [9m,tptt,trial,0,1,2,1,3] [exception: stream_socket_client failed, errstr: Unable to find the socket transport "unix" - did you forget to enable it when you configured PHP?]
26.02.04 23:41:48 sendStatusDoc [warn] [sendEvent [8.19] [resp] [admin] [startMultiTrials] [9m,tptt,trial,0,1,2,1,3] [exception: stream_socket_client failed, errstr: Unable to find the socket transport "unix" - did you forget to enable it when you configured PHP?]]
26.02.04 23:41:51 sendEvent [8.19] [cntr] [admin] [trialResult] [admin,1,2,9m,1,1770248510462,1770248510463,tpt,trial,1,,1,288,761,761,top,apple,0,0,0,0,2] [exception: stream_socket_client failed, errstr: Unable to find the socket transport "unix" - did you forget to enable it when you configured PHP?]
26.02.04 23:41:51 sendStatusDoc [warn] [sendEvent [8.19] [cntr] [admin] [trialResult] [admin,1,2,9m,1,1770248510462,1770248510463,tpt,trial,1,,1,288,761,761,top,apple,0,0,0,0,2] [exception: stream_socket_client failed, errstr: Unable to find the socket transport "unix" - did you forget to enable it when you configured PHP?]]
26.02.04 23:41:57 sendEvent [8.19] [cntr] [admin] [trialResult] [admin,1,2,9m,1,1770248511224,1770248515916,tpt,trial,2,,1,1050,1051,1051,top,apple,0,0,0,0,1] [exception: stream_socket_client failed, errstr: Unable to find the socket transport "unix" - did you forget to enable it when you configured PHP?]
26.02.04 23:41:57 sendStatusDoc [warn] [sendEvent [8.19] [cntr] [admin] [trialResult] [admin,1,2,9m,1,1770248511224,1770248515916,tpt,trial,2,,1,1050,1051,1051,top,apple,0,0,0,0,1] [exception: stream_socket_client failed, errstr: Unable to find the socket transport "unix" - did you forget to enable it when you configured PHP?]]
26.02.04 23:42:02 sendEvent [8.19] [cntr] [admin] [trialResult] [admin,1,2,9m,1,1770248516967,1770248521660,tpt,trial,3,,1,595,595,595,top,elephant,0,0,0,0,0] [exception: stream_socket_client failed, errstr: Unable to find the socket transport "unix" - did you forget to enable it when you configured PHP?]
26.02.04 23:42:02 sendStatusDoc [warn] [sendEvent [8.19] [cntr] [admin] [trialResult] [admin,1,2,9m,1,1770248516967,1770248521660,tpt,trial,3,,1,595,595,595,top,elephant,0,0,0,0,0] [exception: stream_socket_client failed, errstr: Unable to find the socket transport "unix" - did you forget to enable it when you configured PHP?]]
26.02.04 23:42:08 sendEvent [8.19] [cntr] [admin] [trialEnded] [] [exception: stream_socket_client failed, errstr: Unable to find the socket transport "unix" - did you forget to enable it when you configured PHP?]
26.02.04 23:42:08 sendStatusDoc [warn] [sendEvent [8.19] [cntr] [admin] [trialEnded] [] [exception: stream_socket_client failed, errstr: Unable to find the socket transport "unix" - did you forget to enable it when you configured PHP?]]
26.02.10 18:24:33 sendEvent [8.19] [resp] [admin] [setReadyMessage] [msg_adtIntro1,msg_adtIntro2,dot,msg_adtReady,,adt] [exception: stream_socket_client failed, errstr: Unable to find the socket transport "unix" - did you forget to enable it when you configured PHP?]
26.02.10 18:24:33 sendStatusDoc [warn] [sendEvent [8.19] [resp] [admin] [setReadyMessage] [msg_adtIntro1,msg_adtIntro2,dot,msg_adtReady,,adt] [exception: stream_socket_client failed, errstr: Unable to find the socket transport "unix" - did you forget to enable it when you configured PHP?]]
26.02.10 18:24:33 sendEvent [8.19] [resp] [admin] [startMultiTrials] [adt,tpt,trial,0,1,2,1,32] [exception: stream_socket_client failed, errstr: Unable to find the socket transport "unix" - did you forget to enable it when you configured PHP?]
26.02.10 18:24:33 sendStatusDoc [warn] [sendEvent [8.19] [resp] [admin] [startMultiTrials] [adt,tpt,trial,0,1,2,1,32] [exception: stream_socket_client failed, errstr: Unable to find the socket transport "unix" - did you forget to enable it when you configured PHP?]]
26.02.10 18:24:44 sendEvent [8.19] [cntr] [admin] [trialResult] [admin,1,2,adt,1,1770747882420,1770747882423,tpt,trial,1,prpt,1,2332,2332,2332,top,,0,0,0,0,31] [exception: stream_socket_client failed, errstr: Unable to find the socket transport "unix" - did you forget to enable it when you configured PHP?]
26.02.10 18:24:44 sendStatusDoc [warn] [sendEvent [8.19] [cntr] [admin] [trialResult] [admin,1,2,adt,1,1770747882420,1770747882423,tpt,trial,1,prpt,1,2332,2332,2332,top,,0,0,0,0,31] [exception: stream_socket_client failed, errstr: Unable to find the socket transport "unix" - did you forget to enable it when you configured PHP?]]
26.02.10 18:24:47 sendEvent [8.19] [cntr] [admin] [trialResult] [admin,1,2,adt,1,1770747884756,1770747885771,tpt,trial,2,prpt,1,1400,1400,1400,top,,0,0,0,0,30] [exception: stream_socket_client failed, errstr: Unable to find the socket transport "unix" - did you forget to enable it when you configured PHP?]
26.02.10 18:24:47 sendStatusDoc [warn] [sendEvent [8.19] [cntr] [admin] [trialResult] [admin,1,2,adt,1,1770747884756,1770747885771,tpt,trial,2,prpt,1,1400,1400,1400,top,,0,0,0,0,30] [exception: stream_socket_client failed, errstr: Unable to find the socket transport "unix" - did you forget to enable it when you configured PHP?]]
26.02.10 18:24:49 sendEvent [8.19] [cntr] [admin] [trialResult] [admin,1,2,adt,1,1770747887173,1770747888175,tpt,trial,3,prpt,1,868,868,868,top,,0,0,0,0,29] [exception: stream_socket_client failed, errstr: Unable to find the socket transport "unix" - did you forget to enable it when you configured PHP?]
26.02.10 18:24:49 sendStatusDoc [warn] [sendEvent [8.19] [cntr] [admin] [trialResult] [admin,1,2,adt,1,1770747887173,1770747888175,tpt,trial,3,prpt,1,868,868,868,top,,0,0,0,0,29] [exception: stream_socket_client failed, errstr: Unable to find the socket transport "unix" - did you forget to enable it when you configured PHP?]]
26.02.10 18:24:50 sendEvent [8.19] [cntr] [admin] [trialResult] [admin,1,2,adt,1,1770747889043,1770747890046,tpt,trial,4,prpt,1,765,765,765,top,,0,0,0,0,28] [exception: stream_socket_client failed, errstr: Unable to find the socket transport "unix" - did you forget to enable it when you configured PHP?]
26.02.10 18:24:50 sendStatusDoc [warn] [sendEvent [8.19] [cntr] [admin] [trialResult] [admin,1,2,adt,1,1770747889043,1770747890046,tpt,trial,4,prpt,1,765,765,765,top,,0,0,0,0,28] [exception: stream_socket_client failed, errstr: Unable to find the socket transport "unix" - did you forget to enable it when you configured PHP?]]
26.02.10 18:24:52 sendEvent [8.19] [cntr] [admin] [trialResult] [admin,1,2,adt,1,1770747890811,1770747891814,tpt,trial,5,prpt,1,765,765,765,top,,0,0,0,0,27] [exception: stream_socket_client failed, errstr: Unable to find the socket transport "unix" - did you forget to enable it when you configured PHP?]
26.02.10 18:24:52 sendStatusDoc [warn] [sendEvent [8.19] [cntr] [admin] [trialResult] [admin,1,2,adt,1,1770747890811,1770747891814,tpt,trial,5,prpt,1,765,765,765,top,,0,0,0,0,27] [exception: stream_socket_client failed, errstr: Unable to find the socket transport "unix" - did you forget to enable it when you configured PHP?]]
26.02.10 18:24:54 sendEvent [8.19] [cntr] [admin] [trialResult] [admin,1,2,adt,1,1770747892579,1770747893581,tpt,trial,6,inhb,1,1143,1143,1143,btm,,0,0,0,0,26] [exception: stream_socket_client failed, errstr: Unable to find the socket transport "unix" - did you forget to enable it when you configured PHP?]
26.02.10 18:24:54 sendStatusDoc [warn] [sendEvent [8.19] [cntr] [admin] [trialResult] [admin,1,2,adt,1,1770747892579,1770747893581,tpt,trial,6,inhb,1,1143,1143,1143,btm,,0,0,0,0,26] [exception: stream_socket_client failed, errstr: Unable to find the socket transport "unix" - did you forget to enable it when you configured PHP?]]
26.02.10 18:24:57 sendEvent [8.19] [cntr] [admin] [trialResult] [admin,1,2,adt,1,1770747894724,1770747895728,tpt,trial,7,prpt,1,1123,1123,1123,top,,0,0,0,0,25] [exception: stream_socket_client failed, errstr: Unable to find the socket transport "unix" - did you forget to enable it when you configured PHP?]
26.02.10 18:24:57 sendStatusDoc [warn] [sendEvent [8.19] [cntr] [admin] [trialResult] [admin,1,2,adt,1,1770747894724,1770747895728,tpt,trial,7,prpt,1,1123,1123,1123,top,,0,0,0,0,25] [exception: stream_socket_client failed, errstr: Unable to find the socket transport "unix" - did you forget to enable it when you configured PHP?]]
26.02.10 18:24:58 sendEvent [8.19] [cntr] [admin] [trialResult] [admin,1,2,adt,1,1770747896851,1770747897854,tpt,trial,8,prpt,1,877,877,877,top,,0,0,0,0,24] [exception: stream_socket_client failed, errstr: Unable to find the socket transport "unix" - did you forget to enable it when you configured PHP?]
26.02.10 18:24:58 sendStatusDoc [warn] [sendEvent [8.19] [cntr] [admin] [trialResult] [admin,1,2,adt,1,1770747896851,1770747897854,tpt,trial,8,prpt,1,877,877,877,top,,0,0,0,0,24] [exception: stream_socket_client failed, errstr: Unable to find the socket transport "unix" - did you forget to enable it when you configured PHP?]]
26.02.10 18:25:01 sendEvent [8.19] [cntr] [admin] [trialResult] [admin,1,2,adt,1,1770747898731,1770747899734,tpt,trial,9,inhb,1,1117,1117,1117,btm,,0,0,0,0,23] [exception: stream_socket_client failed, errstr: Unable to find the socket transport "unix" - did you forget to enable it when you configured PHP?]
26.02.10 18:25:01 sendStatusDoc [warn] [sendEvent [8.19] [cntr] [admin] [trialResult] [admin,1,2,adt,1,1770747898731,1770747899734,tpt,trial,9,inhb,1,1117,1117,1117,btm,,0,0,0,0,23] [exception: stream_socket_client failed, errstr: Unable to find the socket transport "unix" - did you forget to enable it when you configured PHP?]]
26.02.10 18:25:04 sendEvent [8.19] [resp] [admin] [cancelTrial] [] [exception: stream_socket_client failed, errstr: Unable to find the socket transport "unix" - did you forget to enable it when you configured PHP?]
26.02.10 18:25:04 sendStatusDoc [warn] [sendEvent [8.19] [resp] [admin] [cancelTrial] [] [exception: stream_socket_client failed, errstr: Unable to find the socket transport "unix" - did you forget to enable it when you configured PHP?]]
26.02.10 18:25:09 sendEvent [8.19] [resp] [admin] [cancelTrial] [] [exception: stream_socket_client failed, errstr: Unable to find the socket transport "unix" - did you forget to enable it when you configured PHP?]
26.02.10 18:25:09 sendStatusDoc [warn] [sendEvent [8.19] [resp] [admin] [cancelTrial] [] [exception: stream_socket_client failed, errstr: Unable to find the socket transport "unix" - did you forget to enable it when you configured PHP?]]
26.02.10 18:25:32 sendEvent [8.19] [cntr] [admin] [trialResult] [admin,1,2,adt,1,1770747900851,1770747901853,tpt,trial,10,prpt,1,30151,30151,30151,top,,0,0,0,0,22] [exception: stream_socket_client failed, errstr: Unable to find the socket transport "unix" - did you forget to enable it when you configured PHP?]
26.02.10 18:25:32 sendStatusDoc [warn] [sendEvent [8.19] [cntr] [admin] [trialResult] [admin,1,2,adt,1,1770747900851,1770747901853,tpt,trial,10,prpt,1,30151,30151,30151,top,,0,0,0,0,22] [exception: stream_socket_client failed, errstr: Unable to find the socket transport "unix" - did you forget to enable it when you configured PHP?]]
26.02.11 23:16:03 errorHandler [] [2] [file_put_contents(D:\coding\BEAD Lab\Work\USC-BEAD-Lab-ECITT/private/sockets/resp_admin_err.txt): Failed to open stream: No such file or directory] [D:\coding\BEAD Lab\Work\USC-BEAD-Lab-ECITT\private\libs\php\eventLib.php] [306]
26.02.11 23:16:03 errorHandler [] [2] [file_put_contents(D:\coding\BEAD Lab\Work\USC-BEAD-Lab-ECITT/private/sockets/resp_admin_que.txt): Failed to open stream: No such file or directory] [D:\coding\BEAD Lab\Work\USC-BEAD-Lab-ECITT\private\libs\php\eventLib.php] [307]
26.02.11 23:16:03 sendEvent [8.19] [resp] [admin] [endTest] [] [exception: stream_socket_client failed, errstr: Unable to find the socket transport "unix" - did you forget to enable it when you configured PHP?]
26.02.11 23:16:03 sendStatusDoc [warn] [sendEvent [8.19] [resp] [admin] [endTest] [] [exception: stream_socket_client failed, errstr: Unable to find the socket transport "unix" - did you forget to enable it when you configured PHP?]]
26.02.11 23:16:22 errorHandler [] [2] [file_put_contents(D:\coding\BEAD Lab\Work\USC-BEAD-Lab-ECITT/private/sockets/resp_admin_err.txt): Failed to open stream: No such file or directory] [D:\coding\BEAD Lab\Work\USC-BEAD-Lab-ECITT\private\libs\php\eventLib.php] [306]
26.02.11 23:16:22 errorHandler [] [2] [file_put_contents(D:\coding\BEAD Lab\Work\USC-BEAD-Lab-ECITT/private/sockets/resp_admin_que.txt): Failed to open stream: No such file or directory] [D:\coding\BEAD Lab\Work\USC-BEAD-Lab-ECITT\private\libs\php\eventLib.php] [307]
26.02.11 23:16:22 sendEvent [8.19] [resp] [admin] [setReadyMessage] [msg_adtIntro1,msg_adtIntro2,dot,msg_adtReady,,adt] [exception: stream_socket_client failed, errstr: Unable to find the socket transport "unix" - did you forget to enable it when you configured PHP?]
26.02.11 23:16:22 sendStatusDoc [warn] [sendEvent [8.19] [resp] [admin] [setReadyMessage] [msg_adtIntro1,msg_adtIntro2,dot,msg_adtReady,,adt] [exception: stream_socket_client failed, errstr: Unable to find the socket transport "unix" - did you forget to enable it when you configured PHP?]]
26.02.11 23:16:22 errorHandler [] [2] [file_put_contents(D:\coding\BEAD Lab\Work\USC-BEAD-Lab-ECITT/private/sockets/resp_admin_err.txt): Failed to open stream: No such file or directory] [D:\coding\BEAD Lab\Work\USC-BEAD-Lab-ECITT\private\libs\php\eventLib.php] [306]
26.02.11 23:16:22 errorHandler [] [2] [file_put_contents(D:\coding\BEAD Lab\Work\USC-BEAD-Lab-ECITT/private/sockets/resp_admin_que.txt): Failed to open stream: No such file or directory] [D:\coding\BEAD Lab\Work\USC-BEAD-Lab-ECITT\private\libs\php\eventLib.php] [307]
26.02.11 23:16:22 sendEvent [8.19] [resp] [admin] [startMultiTrials] [adt,ppt,trial,0,1,2,1,4,admin] [exception: stream_socket_client failed, errstr: Unable to find the socket transport "unix" - did you forget to enable it when you configured PHP?]
26.02.11 23:16:22 sendStatusDoc [warn] [sendEvent [8.19] [resp] [admin] [startMultiTrials] [adt,ppt,trial,0,1,2,1,4,admin] [exception: stream_socket_client failed, errstr: Unable to find the socket transport "unix" - did you forget to enable it when you configured PHP?]]
26.02.11 23:20:27 errorHandler [] [2] [file_put_contents(D:\coding\BEAD Lab\Work\USC-BEAD-Lab-ECITT/private/sockets/resp_admin_err.txt): Failed to open stream: No such file or directory] [D:\coding\BEAD Lab\Work\USC-BEAD-Lab-ECITT\private\libs\php\eventLib.php] [306]
26.02.11 23:20:27 errorHandler [] [2] [file_put_contents(D:\coding\BEAD Lab\Work\USC-BEAD-Lab-ECITT/private/sockets/resp_admin_que.txt): Failed to open stream: No such file or directory] [D:\coding\BEAD Lab\Work\USC-BEAD-Lab-ECITT\private\libs\php\eventLib.php] [307]
26.02.11 23:20:27 sendEvent [8.19] [resp] [admin] [setReadyMessage] [msg_adtIntro1,msg_adtIntro2,dot,msg_adtReady,,adt] [exception: stream_socket_client failed, errstr: Unable to find the socket transport "unix" - did you forget to enable it when you configured PHP?]
26.02.11 23:20:27 sendStatusDoc [warn] [sendEvent [8.19] [resp] [admin] [setReadyMessage] [msg_adtIntro1,msg_adtIntro2,dot,msg_adtReady,,adt] [exception: stream_socket_client failed, errstr: Unable to find the socket transport "unix" - did you forget to enable it when you configured PHP?]]
26.02.11 23:20:27 errorHandler [] [2] [file_put_contents(D:\coding\BEAD Lab\Work\USC-BEAD-Lab-ECITT/private/sockets/resp_admin_err.txt): Failed to open stream: No such file or directory] [D:\coding\BEAD Lab\Work\USC-BEAD-Lab-ECITT\private\libs\php\eventLib.php] [306]
26.02.11 23:20:27 errorHandler [] [2] [file_put_contents(D:\coding\BEAD Lab\Work\USC-BEAD-Lab-ECITT/private/sockets/resp_admin_que.txt): Failed to open stream: No such file or directory] [D:\coding\BEAD Lab\Work\USC-BEAD-Lab-ECITT\private\libs\php\eventLib.php] [307]
26.02.11 23:20:27 sendEvent [8.19] [resp] [admin] [startMultiTrials] [adt,ppt,trial,0,1,2,1,4,admin] [exception: stream_socket_client failed, errstr: Unable to find the socket transport "unix" - did you forget to enable it when you configured PHP?]
26.02.11 23:20:27 sendStatusDoc [warn] [sendEvent [8.19] [resp] [admin] [startMultiTrials] [adt,ppt,trial,0,1,2,1,4,admin] [exception: stream_socket_client failed, errstr: Unable to find the socket transport "unix" - did you forget to enable it when you configured PHP?]]
26.02.11 23:22:42 errorHandler [] [2] [file_put_contents(D:\coding\BEAD Lab\Work\USC-BEAD-Lab-ECITT/private/sockets/resp_admin_err.txt): Failed to open stream: No such file or directory] [D:\coding\BEAD Lab\Work\USC-BEAD-Lab-ECITT\private\libs\php\eventLib.php] [306]
26.02.11 23:22:42 errorHandler [] [2] [file_put_contents(D:\coding\BEAD Lab\Work\USC-BEAD-Lab-ECITT/private/sockets/resp_admin_que.txt): Failed to open stream: No such file or directory] [D:\coding\BEAD Lab\Work\USC-BEAD-Lab-ECITT\private\libs\php\eventLib.php] [307]
26.02.11 23:22:42 sendEvent [8.19] [resp] [admin] [setReadyMessage] [msg_adtIntro1,msg_adtIntro2,dot,msg_adtReady,,adt] [exception: stream_socket_client failed, errstr: Unable to find the socket transport "unix" - did you forget to enable it when you configured PHP?]
26.02.11 23:22:42 sendStatusDoc [warn] [sendEvent [8.19] [resp] [admin] [setReadyMessage] [msg_adtIntro1,msg_adtIntro2,dot,msg_adtReady,,adt] [exception: stream_socket_client failed, errstr: Unable to find the socket transport "unix" - did you forget to enable it when you configured PHP?]]
26.02.11 23:22:42 errorHandler [] [2] [file_put_contents(D:\coding\BEAD Lab\Work\USC-BEAD-Lab-ECITT/private/sockets/resp_admin_err.txt): Failed to open stream: No such file or directory] [D:\coding\BEAD Lab\Work\USC-BEAD-Lab-ECITT\private\libs\php\eventLib.php] [306]
26.02.11 23:22:42 errorHandler [] [2] [file_put_contents(D:\coding\BEAD Lab\Work\USC-BEAD-Lab-ECITT/private/sockets/resp_admin_que.txt): Failed to open stream: No such file or directory] [D:\coding\BEAD Lab\Work\USC-BEAD-Lab-ECITT\private\libs\php\eventLib.php] [307]
26.02.11 23:22:42 sendEvent [8.19] [resp] [admin] [startMultiTrials] [adt,ppt,trial,0,1,2,1,4,admin] [exception: stream_socket_client failed, errstr: Unable to find the socket transport "unix" - did you forget to enable it when you configured PHP?]
26.02.11 23:22:42 sendStatusDoc [warn] [sendEvent [8.19] [resp] [admin] [startMultiTrials] [adt,ppt,trial,0,1,2,1,4,admin] [exception: stream_socket_client failed, errstr: Unable to find the socket transport "unix" - did you forget to enable it when you configured PHP?]]
26.02.11 23:30:12 errorHandler [] [2] [file_put_contents(D:\coding\BEAD Lab\Work\USC-BEAD-Lab-ECITT/private/sockets/resp_admin_err.txt): Failed to open stream: No such file or directory] [D:\coding\BEAD Lab\Work\USC-BEAD-Lab-ECITT\private\libs\php\eventLib.php] [306]
26.02.11 23:30:12 errorHandler [] [2] [file_put_contents(D:\coding\BEAD Lab\Work\USC-BEAD-Lab-ECITT/private/sockets/resp_admin_que.txt): Failed to open stream: No such file or directory] [D:\coding\BEAD Lab\Work\USC-BEAD-Lab-ECITT\private\libs\php\eventLib.php] [307]
26.02.11 23:30:12 sendEvent [8.19] [resp] [admin] [setReadyMessage] [msg_adtIntro1,msg_adtIntro2,dot,msg_adtReady,,adt] [exception: stream_socket_client failed, errstr: Unable to find the socket transport "unix" - did you forget to enable it when you configured PHP?]
26.02.11 23:30:12 sendStatusDoc [warn] [sendEvent [8.19] [resp] [admin] [setReadyMessage] [msg_adtIntro1,msg_adtIntro2,dot,msg_adtReady,,adt] [exception: stream_socket_client failed, errstr: Unable to find the socket transport "unix" - did you forget to enable it when you configured PHP?]]
26.02.11 23:30:12 errorHandler [] [2] [file_put_contents(D:\coding\BEAD Lab\Work\USC-BEAD-Lab-ECITT/private/sockets/resp_admin_err.txt): Failed to open stream: No such file or directory] [D:\coding\BEAD Lab\Work\USC-BEAD-Lab-ECITT\private\libs\php\eventLib.php] [306]
26.02.11 23:30:12 errorHandler [] [2] [file_put_contents(D:\coding\BEAD Lab\Work\USC-BEAD-Lab-ECITT/private/sockets/resp_admin_que.txt): Failed to open stream: No such file or directory] [D:\coding\BEAD Lab\Work\USC-BEAD-Lab-ECITT\private\libs\php\eventLib.php] [307]
26.02.11 23:30:12 sendEvent [8.19] [resp] [admin] [startMultiTrials] [adt,ppt,trial,0,1,2,1,4,admin] [exception: stream_socket_client failed, errstr: Unable to find the socket transport "unix" - did you forget to enable it when you configured PHP?]
26.02.11 23:30:12 sendStatusDoc [warn] [sendEvent [8.19] [resp] [admin] [startMultiTrials] [adt,ppt,trial,0,1,2,1,4,admin] [exception: stream_socket_client failed, errstr: Unable to find the socket transport "unix" - did you forget to enable it when you configured PHP?]]
26.02.11 23:33:06 sendEvent [8.19] [resp] [admin] [goodbye] [] [exception: stream_socket_client failed, errstr: Unable to find the socket transport "unix" - did you forget to enable it when you configured PHP?]
26.02.11 23:33:06 sendStatusDoc [warn] [sendEvent [8.19] [resp] [admin] [goodbye] [] [exception: stream_socket_client failed, errstr: Unable to find the socket transport "unix" - did you forget to enable it when you configured PHP?]]
26.02.11 23:33:31 sendEvent [8.19] [resp] [admin] [setReadyMessage] [msg_adtIntro1,msg_adtIntro2,dot,msg_adtReady,,adt] [exception: stream_socket_client failed, errstr: Unable to find the socket transport "unix" - did you forget to enable it when you configured PHP?]
26.02.11 23:33:31 sendStatusDoc [warn] [sendEvent [8.19] [resp] [admin] [setReadyMessage] [msg_adtIntro1,msg_adtIntro2,dot,msg_adtReady,,adt] [exception: stream_socket_client failed, errstr: Unable to find the socket transport "unix" - did you forget to enable it when you configured PHP?]]
26.02.11 23:33:31 sendEvent [8.19] [resp] [admin] [startMultiTrials] [adt,ppb,trial,0,1,2,1,4,admin] [exception: stream_socket_client failed, errstr: Unable to find the socket transport "unix" - did you forget to enable it when you configured PHP?]
26.02.11 23:33:31 sendStatusDoc [warn] [sendEvent [8.19] [resp] [admin] [startMultiTrials] [adt,ppb,trial,0,1,2,1,4,admin] [exception: stream_socket_client failed, errstr: Unable to find the socket transport "unix" - did you forget to enable it when you configured PHP?]]
26.02.11 23:33:36 sendEvent [8.19] [cntr] [admin] [trialResult] [admin,1,2,adt,1,1770852814561,1770852814564,ppb,trial,1,,1,1725,1725,1725,btm,,0,0,0,0,3] [exception: stream_socket_client failed, errstr: Unable to find the socket transport "unix" - did you forget to enable it when you configured PHP?]
26.02.11 23:33:36 sendStatusDoc [warn] [sendEvent [8.19] [cntr] [admin] [trialResult] [admin,1,2,adt,1,1770852814561,1770852814564,ppb,trial,1,,1,1725,1725,1725,btm,,0,0,0,0,3] [exception: stream_socket_client failed, errstr: Unable to find the socket transport "unix" - did you forget to enable it when you configured PHP?]]
26.02.11 23:33:40 sendEvent [8.19] [cntr] [admin] [trialResult] [admin,1,2,adt,1,1770852816289,1770852817308,ppb,trial,2,,1,2882,2883,2883,btm,,0,0,0,0,2] [exception: stream_socket_client failed, errstr: Unable to find the socket transport "unix" - did you forget to enable it when you configured PHP?]
26.02.11 23:33:40 sendStatusDoc [warn] [sendEvent [8.19] [cntr] [admin] [trialResult] [admin,1,2,adt,1,1770852816289,1770852817308,ppb,trial,2,,1,2882,2883,2883,btm,,0,0,0,0,2] [exception: stream_socket_client failed, errstr: Unable to find the socket transport "unix" - did you forget to enable it when you configured PHP?]]
26.02.11 23:33:42 sendEvent [8.19] [cntr] [admin] [trialResult] [admin,1,2,adt,1,1770852820191,1770852821198,ppb,trial,3,,1,1112,1112,1112,btm,,0,0,0,0,1] [exception: stream_socket_client failed, errstr: Unable to find the socket transport "unix" - did you forget to enable it when you configured PHP?]
26.02.11 23:33:42 sendStatusDoc [warn] [sendEvent [8.19] [cntr] [admin] [trialResult] [admin,1,2,adt,1,1770852820191,1770852821198,ppb,trial,3,,1,1112,1112,1112,btm,,0,0,0,0,1] [exception: stream_socket_client failed, errstr: Unable to find the socket transport "unix" - did you forget to enable it when you configured PHP?]]
26.02.11 23:33:44 sendEvent [8.19] [cntr] [admin] [trialResult] [admin,1,2,adt,1,1770852822311,1770852823320,ppb,trial,4,,1,910,910,910,btm,,0,0,0,0,0] [exception: stream_socket_client failed, errstr: Unable to find the socket transport "unix" - did you forget to enable it when you configured PHP?]
26.02.11 23:33:44 sendStatusDoc [warn] [sendEvent [8.19] [cntr] [admin] [trialResult] [admin,1,2,adt,1,1770852822311,1770852823320,ppb,trial,4,,1,910,910,910,btm,,0,0,0,0,0] [exception: stream_socket_client failed, errstr: Unable to find the socket transport "unix" - did you forget to enable it when you configured PHP?]]
26.02.11 23:33:45 sendEvent [8.19] [cntr] [admin] [trialEnded] [] [exception: stream_socket_client failed, errstr: Unable to find the socket transport "unix" - did you forget to enable it when you configured PHP?]
26.02.11 23:33:45 sendStatusDoc [warn] [sendEvent [8.19] [cntr] [admin] [trialEnded] [] [exception: stream_socket_client failed, errstr: Unable to find the socket transport "unix" - did you forget to enable it when you configured PHP?]]
26.02.11 23:33:52 sendEvent [8.19] [resp] [admin] [endTrials] [adt,tspb] [exception: stream_socket_client failed, errstr: Unable to find the socket transport "unix" - did you forget to enable it when you configured PHP?]
26.02.11 23:33:52 sendStatusDoc [warn] [sendEvent [8.19] [resp] [admin] [endTrials] [adt,tspb] [exception: stream_socket_client failed, errstr: Unable to find the socket transport "unix" - did you forget to enable it when you configured PHP?]]
26.02.11 23:33:53 sendEvent [8.19] [resp] [admin] [endTrials] [adt,tspb] [exception: stream_socket_client failed, errstr: Unable to find the socket transport "unix" - did you forget to enable it when you configured PHP?]
26.02.11 23:33:53 sendStatusDoc [warn] [sendEvent [8.19] [resp] [admin] [endTrials] [adt,tspb] [exception: stream_socket_client failed, errstr: Unable to find the socket transport "unix" - did you forget to enable it when you configured PHP?]]
26.02.11 23:33:53 sendEvent [8.19] [cntr] [admin] [trialsEnded] [] [exception: stream_socket_client failed, errstr: Unable to find the socket transport "unix" - did you forget to enable it when you configured PHP?]
26.02.11 23:33:53 sendStatusDoc [warn] [sendEvent [8.19] [cntr] [admin] [trialsEnded] [] [exception: stream_socket_client failed, errstr: Unable to find the socket transport "unix" - did you forget to enable it when you configured PHP?]]
26.02.11 23:33:53 sendEvent [8.19] [cntr] [admin] [trialsEnded] [] [exception: stream_socket_client failed, errstr: Unable to find the socket transport "unix" - did you forget to enable it when you configured PHP?]
26.02.11 23:33:53 sendStatusDoc [warn] [sendEvent [8.19] [cntr] [admin] [trialsEnded] [] [exception: stream_socket_client failed, errstr: Unable to find the socket transport "unix" - did you forget to enable it when you configured PHP?]]
26.02.11 23:33:53 sendEvent [8.19] [resp] [admin] [endTrials] [adt,tspb] [exception: stream_socket_client failed, errstr: Unable to find the socket transport "unix" - did you forget to enable it when you configured PHP?]
26.02.11 23:33:53 sendStatusDoc [warn] [sendEvent [8.19] [resp] [admin] [endTrials] [adt,tspb] [exception: stream_socket_client failed, errstr: Unable to find the socket transport "unix" - did you forget to enable it when you configured PHP?]]
26.02.11 23:33:54 sendEvent [8.19] [cntr] [admin] [trialsEnded] [] [exception: stream_socket_client failed, errstr: Unable to find the socket transport "unix" - did you forget to enable it when you configured PHP?]
26.02.11 23:33:54 sendStatusDoc [warn] [sendEvent [8.19] [cntr] [admin] [trialsEnded] [] [exception: stream_socket_client failed, errstr: Unable to find the socket transport "unix" - did you forget to enable it when you configured PHP?]]
26.02.11 23:33:55 sendEvent [8.19] [resp] [admin] [endTest] [] [exception: stream_socket_client failed, errstr: Unable to find the socket transport "unix" - did you forget to enable it when you configured PHP?]
26.02.11 23:33:55 sendStatusDoc [warn] [sendEvent [8.19] [resp] [admin] [endTest] [] [exception: stream_socket_client failed, errstr: Unable to find the socket transport "unix" - did you forget to enable it when you configured PHP?]]
26.02.11 23:33:56 sendEvent [8.19] [cntr] [admin] [testEnded] [] [exception: stream_socket_client failed, errstr: Unable to find the socket transport "unix" - did you forget to enable it when you configured PHP?]
26.02.11 23:33:56 sendStatusDoc [warn] [sendEvent [8.19] [cntr] [admin] [testEnded] [] [exception: stream_socket_client failed, errstr: Unable to find the socket transport "unix" - did you forget to enable it when you configured PHP?]]
26.02.11 23:34:01 sendEvent [8.19] [resp] [admin] [disconnect] [] [exception: stream_socket_client failed, errstr: Unable to find the socket transport "unix" - did you forget to enable it when you configured PHP?]
26.02.11 23:34:01 sendStatusDoc [warn] [sendEvent [8.19] [resp] [admin] [disconnect] [] [exception: stream_socket_client failed, errstr: Unable to find the socket transport "unix" - did you forget to enable it when you configured PHP?]]
26.02.11 23:34:05 sendEvent [8.19] [resp] [admin] [disconnect] [] [exception: stream_socket_client failed, errstr: Unable to find the socket transport "unix" - did you forget to enable it when you configured PHP?]
26.02.11 23:34:05 sendStatusDoc [warn] [sendEvent [8.19] [resp] [admin] [disconnect] [] [exception: stream_socket_client failed, errstr: Unable to find the socket transport "unix" - did you forget to enable it when you configured PHP?]]
26.02.11 23:34:09 sendEvent [8.19] [resp] [admin] [disconnect] [] [exception: stream_socket_client failed, errstr: Unable to find the socket transport "unix" - did you forget to enable it when you configured PHP?]
26.02.11 23:34:09 sendStatusDoc [warn] [sendEvent [8.19] [resp] [admin] [disconnect] [] [exception: stream_socket_client failed, errstr: Unable to find the socket transport "unix" - did you forget to enable it when you configured PHP?]]
26.02.11 23:42:21 sendEvent [8.19] [resp] [admin] [setReadyMessage] [msg_adtIntro1,msg_adtIntro2,dot,msg_adtReady,,adt] [exception: stream_socket_client failed, errstr: Unable to find the socket transport "unix" - did you forget to enable it when you configured PHP?]
26.02.11 23:42:21 sendStatusDoc [warn] [sendEvent [8.19] [resp] [admin] [setReadyMessage] [msg_adtIntro1,msg_adtIntro2,dot,msg_adtReady,,adt] [exception: stream_socket_client failed, errstr: Unable to find the socket transport "unix" - did you forget to enable it when you configured PHP?]]
26.02.11 23:42:21 sendEvent [8.19] [resp] [admin] [startMultiTrials] [adt,ppt,trial,0,1,2,1,4,admin,Santiago_Morales] [exception: stream_socket_client failed, errstr: Unable to find the socket transport "unix" - did you forget to enable it when you configured PHP?]
26.02.11 23:42:21 sendStatusDoc [warn] [sendEvent [8.19] [resp] [admin] [startMultiTrials] [adt,ppt,trial,0,1,2,1,4,admin,Santiago_Morales] [exception: stream_socket_client failed, errstr: Unable to find the socket transport "unix" - did you forget to enable it when you configured PHP?]]
26.02.11 23:42:25 sendEvent [8.19] [cntr] [admin] [trialResult] [admin,1,2,adt,1,1770853344343,1770853344345,ppt,trial,1,,1,1110,1110,1110,top,,0,0,0,0,3] [exception: stream_socket_client failed, errstr: Unable to find the socket transport "unix" - did you forget to enable it when you configured PHP?]
26.02.11 23:42:25 sendStatusDoc [warn] [sendEvent [8.19] [cntr] [admin] [trialResult] [admin,1,2,adt,1,1770853344343,1770853344345,ppt,trial,1,,1,1110,1110,1110,top,,0,0,0,0,3] [exception: stream_socket_client failed, errstr: Unable to find the socket transport "unix" - did you forget to enable it when you configured PHP?]]
26.02.11 23:42:27 sendEvent [8.19] [cntr] [admin] [trialResult] [admin,1,2,adt,1,1770853345455,1770853346459,ppt,trial,2,,1,1012,1012,1012,top,,0,0,0,0,2] [exception: stream_socket_client failed, errstr: Unable to find the socket transport "unix" - did you forget to enable it when you configured PHP?]
26.02.11 23:42:27 sendStatusDoc [warn] [sendEvent [8.19] [cntr] [admin] [trialResult] [admin,1,2,adt,1,1770853345455,1770853346459,ppt,trial,2,,1,1012,1012,1012,top,,0,0,0,0,2] [exception: stream_socket_client failed, errstr: Unable to find the socket transport "unix" - did you forget to enable it when you configured PHP?]]
26.02.11 23:42:29 sendEvent [8.19] [cntr] [admin] [trialResult] [admin,1,2,adt,1,1770853347472,1770853348474,ppt,trial,3,,1,940,940,940,top,,0,0,0,0,1] [exception: stream_socket_client failed, errstr: Unable to find the socket transport "unix" - did you forget to enable it when you configured PHP?]
26.02.11 23:42:29 sendStatusDoc [warn] [sendEvent [8.19] [cntr] [admin] [trialResult] [admin,1,2,adt,1,1770853347472,1770853348474,ppt,trial,3,,1,940,940,940,top,,0,0,0,0,1] [exception: stream_socket_client failed, errstr: Unable to find the socket transport "unix" - did you forget to enable it when you configured PHP?]]
26.02.11 23:42:31 sendEvent [8.19] [cntr] [admin] [trialResult] [admin,1,2,adt,1,1770853349414,1770853350427,ppt,trial,4,,1,963,963,963,top,,0,0,0,0,0] [exception: stream_socket_client failed, errstr: Unable to find the socket transport "unix" - did you forget to enable it when you configured PHP?]
26.02.11 23:42:31 sendStatusDoc [warn] [sendEvent [8.19] [cntr] [admin] [trialResult] [admin,1,2,adt,1,1770853349414,1770853350427,ppt,trial,4,,1,963,963,963,top,,0,0,0,0,0] [exception: stream_socket_client failed, errstr: Unable to find the socket transport "unix" - did you forget to enable it when you configured PHP?]]
26.02.11 23:42:32 sendEvent [8.19] [cntr] [admin] [trialEnded] [] [exception: stream_socket_client failed, errstr: Unable to find the socket transport "unix" - did you forget to enable it when you configured PHP?]
26.02.11 23:42:32 sendStatusDoc [warn] [sendEvent [8.19] [cntr] [admin] [trialEnded] [] [exception: stream_socket_client failed, errstr: Unable to find the socket transport "unix" - did you forget to enable it when you configured PHP?]]
26.02.11 23:45:49 sendEvent [8.19] [resp] [admin] [setReadyMessage] [msg_adtIntro1,msg_adtIntro2,dot,msg_adtReady,,adt] [exception: stream_socket_client failed, errstr: Unable to find the socket transport "unix" - did you forget to enable it when you configured PHP?]
26.02.11 23:45:49 sendStatusDoc [warn] [sendEvent [8.19] [resp] [admin] [setReadyMessage] [msg_adtIntro1,msg_adtIntro2,dot,msg_adtReady,,adt] [exception: stream_socket_client failed, errstr: Unable to find the socket transport "unix" - did you forget to enable it when you configured PHP?]]
26.02.11 23:45:49 sendEvent [8.19] [resp] [admin] [startMultiTrials] [adt,ppt,trial,4,1,2,1,4,admin,Santiago_Morales] [exception: stream_socket_client failed, errstr: Unable to find the socket transport "unix" - did you forget to enable it when you configured PHP?]
26.02.11 23:45:49 sendStatusDoc [warn] [sendEvent [8.19] [resp] [admin] [startMultiTrials] [adt,ppt,trial,4,1,2,1,4,admin,Santiago_Morales] [exception: stream_socket_client failed, errstr: Unable to find the socket transport "unix" - did you forget to enable it when you configured PHP?]]
26.02.11 23:45:53 sendEvent [8.19] [cntr] [admin] [trialResult] [admin,1,2,adt,1,1770853550796,1770853550798,ppt,trial,1,,0,2409,2409,2409,btm,,0,0,0,0,3] [exception: stream_socket_client failed, errstr: Unable to find the socket transport "unix" - did you forget to enable it when you configured PHP?]
26.02.11 23:45:53 sendStatusDoc [warn] [sendEvent [8.19] [cntr] [admin] [trialResult] [admin,1,2,adt,1,1770853550796,1770853550798,ppt,trial,1,,0,2409,2409,2409,btm,,0,0,0,0,3] [exception: stream_socket_client failed, errstr: Unable to find the socket transport "unix" - did you forget to enable it when you configured PHP?]]
26.02.11 23:45:55 sendEvent [8.19] [cntr] [admin] [trialResult] [admin,1,2,adt,1,1770853553208,1770853554210,ppt,trial,2,,1,1181,1181,1181,top,,0,0,0,0,2] [exception: stream_socket_client failed, errstr: Unable to find the socket transport "unix" - did you forget to enable it when you configured PHP?]
26.02.11 23:45:55 sendStatusDoc [warn] [sendEvent [8.19] [cntr] [admin] [trialResult] [admin,1,2,adt,1,1770853553208,1770853554210,ppt,trial,2,,1,1181,1181,1181,top,,0,0,0,0,2] [exception: stream_socket_client failed, errstr: Unable to find the socket transport "unix" - did you forget to enable it when you configured PHP?]]
26.02.11 23:45:57 sendEvent [8.19] [cntr] [admin] [trialResult] [admin,1,2,adt,1,1770853555391,1770853556394,ppt,trial,3,,1,1052,1052,1052,top,,0,0,0,0,1] [exception: stream_socket_client failed, errstr: Unable to find the socket transport "unix" - did you forget to enable it when you configured PHP?]
26.02.11 23:45:57 sendStatusDoc [warn] [sendEvent [8.19] [cntr] [admin] [trialResult] [admin,1,2,adt,1,1770853555391,1770853556394,ppt,trial,3,,1,1052,1052,1052,top,,0,0,0,0,1] [exception: stream_socket_client failed, errstr: Unable to find the socket transport "unix" - did you forget to enable it when you configured PHP?]]
26.02.11 23:45:59 sendEvent [8.19] [cntr] [admin] [trialResult] [admin,1,2,adt,1,1770853557446,1770853558450,ppt,trial,4,,1,780,780,780,top,,0,0,0,0,0] [exception: stream_socket_client failed, errstr: Unable to find the socket transport "unix" - did you forget to enable it when you configured PHP?]
26.02.11 23:45:59 sendStatusDoc [warn] [sendEvent [8.19] [cntr] [admin] [trialResult] [admin,1,2,adt,1,1770853557446,1770853558450,ppt,trial,4,,1,780,780,780,top,,0,0,0,0,0] [exception: stream_socket_client failed, errstr: Unable to find the socket transport "unix" - did you forget to enable it when you configured PHP?]]
26.02.11 23:46:07 sendEvent [8.19] [cntr] [admin] [trialEnded] [] [exception: stream_socket_client failed, errstr: Unable to find the socket transport "unix" - did you forget to enable it when you configured PHP?]
26.02.11 23:46:07 sendStatusDoc [warn] [sendEvent [8.19] [cntr] [admin] [trialEnded] [] [exception: stream_socket_client failed, errstr: Unable to find the socket transport "unix" - did you forget to enable it when you configured PHP?]]
26.02.11 23:47:29 sendEvent [8.19] [resp] [admin] [setReadyMessage] [msg_adtIntro1,msg_adtIntro2,dot,msg_adtReady,,adt] [exception: stream_socket_client failed, errstr: Unable to find the socket transport "unix" - did you forget to enable it when you configured PHP?]
26.02.11 23:47:29 sendStatusDoc [warn] [sendEvent [8.19] [resp] [admin] [setReadyMessage] [msg_adtIntro1,msg_adtIntro2,dot,msg_adtReady,,adt] [exception: stream_socket_client failed, errstr: Unable to find the socket transport "unix" - did you forget to enable it when you configured PHP?]]
26.02.11 23:47:29 sendEvent [8.19] [resp] [admin] [startMultiTrials] [adt,ppt,trial,8,1,2,1,4,admin,Santiago_Morales] [exception: stream_socket_client failed, errstr: Unable to find the socket transport "unix" - did you forget to enable it when you configured PHP?]
26.02.11 23:47:29 sendStatusDoc [warn] [sendEvent [8.19] [resp] [admin] [startMultiTrials] [adt,ppt,trial,8,1,2,1,4,admin,Santiago_Morales] [exception: stream_socket_client failed, errstr: Unable to find the socket transport "unix" - did you forget to enable it when you configured PHP?]]
26.02.11 23:47:33 sendEvent [8.19] [cntr] [admin] [trialResult] [admin,1,2,adt,1,1770853651770,1770853651773,ppt,trial,1,,1,1562,1562,1562,top,,0,0,0,0,3] [exception: stream_socket_client failed, errstr: Unable to find the socket transport "unix" - did you forget to enable it when you configured PHP?]
26.02.11 23:47:33 sendStatusDoc [warn] [sendEvent [8.19] [cntr] [admin] [trialResult] [admin,1,2,adt,1,1770853651770,1770853651773,ppt,trial,1,,1,1562,1562,1562,top,,0,0,0,0,3] [exception: stream_socket_client failed, errstr: Unable to find the socket transport "unix" - did you forget to enable it when you configured PHP?]]
26.02.11 23:47:35 sendEvent [8.19] [cntr] [admin] [trialResult] [admin,1,2,adt,1,1770853653335,1770853654338,ppt,trial,2,,1,781,781,781,top,,0,0,0,0,2] [exception: stream_socket_client failed, errstr: Unable to find the socket transport "unix" - did you forget to enable it when you configured PHP?]
26.02.11 23:47:35 sendStatusDoc [warn] [sendEvent [8.19] [cntr] [admin] [trialResult] [admin,1,2,adt,1,1770853653335,1770853654338,ppt,trial,2,,1,781,781,781,top,,0,0,0,0,2] [exception: stream_socket_client failed, errstr: Unable to find the socket transport "unix" - did you forget to enable it when you configured PHP?]]
26.02.11 23:47:43 sendEvent [8.19] [cntr] [admin] [trialResult] [admin,1,2,adt,1,1770853655119,1770853656130,ppt,trial,3,,1,405,6628,6628,top,,1,0,0,0,1] [exception: stream_socket_client failed, errstr: Unable to find the socket transport "unix" - did you forget to enable it when you configured PHP?]
26.02.11 23:47:43 sendStatusDoc [warn] [sendEvent [8.19] [cntr] [admin] [trialResult] [admin,1,2,adt,1,1770853655119,1770853656130,ppt,trial,3,,1,405,6628,6628,top,,1,0,0,0,1] [exception: stream_socket_client failed, errstr: Unable to find the socket transport "unix" - did you forget to enable it when you configured PHP?]]
26.02.11 23:50:02 sendEvent [8.19] [cntr] [admin] [trialResult] [admin,1,2,adt,1,1770853662759,1770853663761,ppt,trial,4,,0,134614,138206,138206,btm,,1,0,0,0,0] [exception: stream_socket_client failed, errstr: Unable to find the socket transport "unix" - did you forget to enable it when you configured PHP?]
26.02.11 23:50:02 sendStatusDoc [warn] [sendEvent [8.19] [cntr] [admin] [trialResult] [admin,1,2,adt,1,1770853662759,1770853663761,ppt,trial,4,,0,134614,138206,138206,btm,,1,0,0,0,0] [exception: stream_socket_client failed, errstr: Unable to find the socket transport "unix" - did you forget to enable it when you configured PHP?]]
26.02.11 23:50:03 sendEvent [8.19] [cntr] [admin] [trialEnded] [] [exception: stream_socket_client failed, errstr: Unable to find the socket transport "unix" - did you forget to enable it when you configured PHP?]
26.02.11 23:50:03 sendStatusDoc [warn] [sendEvent [8.19] [cntr] [admin] [trialEnded] [] [exception: stream_socket_client failed, errstr: Unable to find the socket transport "unix" - did you forget to enable it when you configured PHP?]]
26.02.11 23:50:41 sendEvent [8.19] [resp] [admin] [setReadyMessage] [msg_adtIntro1,msg_adtIntro2,dot,msg_adtReady,,adt] [exception: stream_socket_client failed, errstr: Unable to find the socket transport "unix" - did you forget to enable it when you configured PHP?]
26.02.11 23:50:41 sendStatusDoc [warn] [sendEvent [8.19] [resp] [admin] [setReadyMessage] [msg_adtIntro1,msg_adtIntro2,dot,msg_adtReady,,adt] [exception: stream_socket_client failed, errstr: Unable to find the socket transport "unix" - did you forget to enable it when you configured PHP?]]
26.02.11 23:50:41 sendEvent [8.19] [resp] [admin] [startMultiTrials] [adt,ppt,trial,12,1,2,1,4,admin,Santiago_Morales] [exception: stream_socket_client failed, errstr: Unable to find the socket transport "unix" - did you forget to enable it when you configured PHP?]
26.02.11 23:50:41 sendStatusDoc [warn] [sendEvent [8.19] [resp] [admin] [startMultiTrials] [adt,ppt,trial,12,1,2,1,4,admin,Santiago_Morales] [exception: stream_socket_client failed, errstr: Unable to find the socket transport "unix" - did you forget to enable it when you configured PHP?]]
26.02.11 23:50:43 sendEvent [8.19] [cntr] [admin] [trialResult] [admin,1,2,adt,1,1770853842316,1770853842318,ppt,trial,1,,1,858,858,858,top,,0,0,0,0,3] [exception: stream_socket_client failed, errstr: Unable to find the socket transport "unix" - did you forget to enable it when you configured PHP?]
26.02.11 23:50:43 sendStatusDoc [warn] [sendEvent [8.19] [cntr] [admin] [trialResult] [admin,1,2,adt,1,1770853842316,1770853842318,ppt,trial,1,,1,858,858,858,top,,0,0,0,0,3] [exception: stream_socket_client failed, errstr: Unable to find the socket transport "unix" - did you forget to enable it when you configured PHP?]]
26.02.11 23:50:44 sendEvent [8.19] [resp] [admin] [cancelTrial] [] [exception: stream_socket_client failed, errstr: Unable to find the socket transport "unix" - did you forget to enable it when you configured PHP?]
26.02.11 23:50:44 sendStatusDoc [warn] [sendEvent [8.19] [resp] [admin] [cancelTrial] [] [exception: stream_socket_client failed, errstr: Unable to find the socket transport "unix" - did you forget to enable it when you configured PHP?]]
26.02.11 23:50:46 sendEvent [8.19] [resp] [admin] [cancelTrial] [] [exception: stream_socket_client failed, errstr: Unable to find the socket transport "unix" - did you forget to enable it when you configured PHP?]
26.02.11 23:50:46 sendStatusDoc [warn] [sendEvent [8.19] [resp] [admin] [cancelTrial] [] [exception: stream_socket_client failed, errstr: Unable to find the socket transport "unix" - did you forget to enable it when you configured PHP?]]
26.02.11 23:50:56 sendEvent [8.19] [resp] [admin] [cancelTrial] [] [exception: stream_socket_client failed, errstr: Unable to find the socket transport "unix" - did you forget to enable it when you configured PHP?]
26.02.11 23:50:56 sendStatusDoc [warn] [sendEvent [8.19] [resp] [admin] [cancelTrial] [] [exception: stream_socket_client failed, errstr: Unable to find the socket transport "unix" - did you forget to enable it when you configured PHP?]]
26.02.11 23:52:52 sendEvent [8.19] [resp] [admin] [endTrials] [adt,tspt] [exception: stream_socket_client failed, errstr: Unable to find the socket transport "unix" - did you forget to enable it when you configured PHP?]
26.02.11 23:52:52 sendStatusDoc [warn] [sendEvent [8.19] [resp] [admin] [endTrials] [adt,tspt] [exception: stream_socket_client failed, errstr: Unable to find the socket transport "unix" - did you forget to enable it when you configured PHP?]]
26.02.11 23:52:52 sendEvent [8.19] [resp] [admin] [endTrials] [adt,tspt] [exception: stream_socket_client failed, errstr: Unable to find the socket transport "unix" - did you forget to enable it when you configured PHP?]
26.02.11 23:52:52 sendStatusDoc [warn] [sendEvent [8.19] [resp] [admin] [endTrials] [adt,tspt] [exception: stream_socket_client failed, errstr: Unable to find the socket transport "unix" - did you forget to enable it when you configured PHP?]]
26.02.11 23:52:53 sendEvent [8.19] [resp] [admin] [endTrials] [adt,tspt] [exception: stream_socket_client failed, errstr: Unable to find the socket transport "unix" - did you forget to enable it when you configured PHP?]
26.02.11 23:52:53 sendStatusDoc [warn] [sendEvent [8.19] [resp] [admin] [endTrials] [adt,tspt] [exception: stream_socket_client failed, errstr: Unable to find the socket transport "unix" - did you forget to enable it when you configured PHP?]]
26.02.11 23:53:23 sendEvent [8.19] [resp] [admin] [setReadyMessage] [msg_adtIntro1,msg_adtIntro2,dot,msg_adtReady,,adt] [exception: stream_socket_client failed, errstr: Unable to find the socket transport "unix" - did you forget to enable it when you configured PHP?]
26.02.11 23:53:23 sendStatusDoc [warn] [sendEvent [8.19] [resp] [admin] [setReadyMessage] [msg_adtIntro1,msg_adtIntro2,dot,msg_adtReady,,adt] [exception: stream_socket_client failed, errstr: Unable to find the socket transport "unix" - did you forget to enable it when you configured PHP?]]
26.02.11 23:53:23 sendEvent [8.19] [resp] [admin] [startMultiTrials] [adt,ppt,trial,0,1,2,1,4,admin,Santiago_Morales] [exception: stream_socket_client failed, errstr: Unable to find the socket transport "unix" - did you forget to enable it when you configured PHP?]
26.02.11 23:53:23 sendStatusDoc [warn] [sendEvent [8.19] [resp] [admin] [startMultiTrials] [adt,ppt,trial,0,1,2,1,4,admin,Santiago_Morales] [exception: stream_socket_client failed, errstr: Unable to find the socket transport "unix" - did you forget to enable it when you configured PHP?]]
26.02.11 23:53:46 sendEvent [8.19] [cntr] [admin] [trialResult] [admin,1,2,adt,1,1770854019863,1770854019865,ppt,trial,1,,1,3766,6302,6302,top,,1,0,0,0,3] [exception: stream_socket_client failed, errstr: Unable to find the socket transport "unix" - did you forget to enable it when you configured PHP?]
26.02.11 23:53:46 sendStatusDoc [warn] [sendEvent [8.19] [cntr] [admin] [trialResult] [admin,1,2,adt,1,1770854019863,1770854019865,ppt,trial,1,,1,3766,6302,6302,top,,1,0,0,0,3] [exception: stream_socket_client failed, errstr: Unable to find the socket transport "unix" - did you forget to enable it when you configured PHP?]]
26.02.11 23:53:48 sendEvent [8.19] [cntr] [admin] [trialResult] [admin,1,2,adt,1,1770854026168,1770854027170,ppt,trial,2,,1,1484,1484,1484,top,,0,0,0,0,2] [exception: stream_socket_client failed, errstr: Unable to find the socket transport "unix" - did you forget to enable it when you configured PHP?]
26.02.11 23:53:48 sendStatusDoc [warn] [sendEvent [8.19] [cntr] [admin] [trialResult] [admin,1,2,adt,1,1770854026168,1770854027170,ppt,trial,2,,1,1484,1484,1484,top,,0,0,0,0,2] [exception: stream_socket_client failed, errstr: Unable to find the socket transport "unix" - did you forget to enable it when you configured PHP?]]
26.02.11 23:53:51 sendEvent [8.19] [cntr] [admin] [trialResult] [admin,1,2,adt,1,1770854028655,1770854029658,ppt,trial,3,,1,1341,1341,1341,top,,0,0,0,0,1] [exception: stream_socket_client failed, errstr: Unable to find the socket transport "unix" - did you forget to enable it when you configured PHP?]
26.02.11 23:53:51 sendStatusDoc [warn] [sendEvent [8.19] [cntr] [admin] [trialResult] [admin,1,2,adt,1,1770854028655,1770854029658,ppt,trial,3,,1,1341,1341,1341,top,,0,0,0,0,1] [exception: stream_socket_client failed, errstr: Unable to find the socket transport "unix" - did you forget to enable it when you configured PHP?]]
26.02.11 23:53:53 sendEvent [8.19] [cntr] [admin] [trialResult] [admin,1,2,adt,1,1770854030999,1770854032001,ppt,trial,4,,1,917,917,917,top,,0,0,0,0,0] [exception: stream_socket_client failed, errstr: Unable to find the socket transport "unix" - did you forget to enable it when you configured PHP?]
26.02.11 23:53:53 sendStatusDoc [warn] [sendEvent [8.19] [cntr] [admin] [trialResult] [admin,1,2,adt,1,1770854030999,1770854032001,ppt,trial,4,,1,917,917,917,top,,0,0,0,0,0] [exception: stream_socket_client failed, errstr: Unable to find the socket transport "unix" - did you forget to enable it when you configured PHP?]]
26.02.11 23:53:54 sendEvent [8.19] [cntr] [admin] [trialEnded] [] [exception: stream_socket_client failed, errstr: Unable to find the socket transport "unix" - did you forget to enable it when you configured PHP?]
26.02.11 23:53:54 sendStatusDoc [warn] [sendEvent [8.19] [cntr] [admin] [trialEnded] [] [exception: stream_socket_client failed, errstr: Unable to find the socket transport "unix" - did you forget to enable it when you configured PHP?]]
26.02.11 23:57:47 sendEvent [8.19] [resp] [admin] [setReadyMessage] [msg_adtIntro1,msg_adtIntro2,dot,msg_adtReady,,adt] [exception: stream_socket_client failed, errstr: Unable to find the socket transport "unix" - did you forget to enable it when you configured PHP?]
26.02.11 23:57:47 sendStatusDoc [warn] [sendEvent [8.19] [resp] [admin] [setReadyMessage] [msg_adtIntro1,msg_adtIntro2,dot,msg_adtReady,,adt] [exception: stream_socket_client failed, errstr: Unable to find the socket transport "unix" - did you forget to enable it when you configured PHP?]]
26.02.11 23:57:47 sendEvent [8.19] [resp] [admin] [startMultiTrials] [adt,ppt,trial,0,1,2,1,4,admin,Santiago_Morales] [exception: stream_socket_client failed, errstr: Unable to find the socket transport "unix" - did you forget to enable it when you configured PHP?]
26.02.11 23:57:47 sendStatusDoc [warn] [sendEvent [8.19] [resp] [admin] [startMultiTrials] [adt,ppt,trial,0,1,2,1,4,admin,Santiago_Morales] [exception: stream_socket_client failed, errstr: Unable to find the socket transport "unix" - did you forget to enable it when you configured PHP?]]
26.02.11 23:57:56 sendEvent [8.19] [cntr] [admin] [trialResult] [admin,1,2,adt,1,1770854269258,1770854269261,ppt,trial,1,,1,7411,7411,7411,top,,0,0,0,0,3] [exception: stream_socket_client failed, errstr: Unable to find the socket transport "unix" - did you forget to enable it when you configured PHP?]
26.02.11 23:57:56 sendStatusDoc [warn] [sendEvent [8.19] [cntr] [admin] [trialResult] [admin,1,2,adt,1,1770854269258,1770854269261,ppt,trial,1,,1,7411,7411,7411,top,,0,0,0,0,3] [exception: stream_socket_client failed, errstr: Unable to find the socket transport "unix" - did you forget to enable it when you configured PHP?]]
26.02.12 00:01:51 sendEvent [8.19] [cntr] [admin] [trialResult] [admin,1,2,adt,1,1770854492496,1770854492500,ppt,trial,2,,0,5547,18747,18747,btm,,1,0,0,0,2] [exception: stream_socket_client failed, errstr: Unable to find the socket transport "unix" - did you forget to enable it when you configured PHP?]
26.02.12 00:01:51 sendStatusDoc [warn] [sendEvent [8.19] [cntr] [admin] [trialResult] [admin,1,2,adt,1,1770854492496,1770854492500,ppt,trial,2,,0,5547,18747,18747,btm,,1,0,0,0,2] [exception: stream_socket_client failed, errstr: Unable to find the socket transport "unix" - did you forget to enable it when you configured PHP?]]
26.02.12 00:01:55 sendEvent [8.19] [cntr] [admin] [trialResult] [admin,1,2,adt,1,1770854513743,1770854513746,ppt,trial,3,,0,1021,1021,1021,btm,,0,0,0,0,1] [exception: stream_socket_client failed, errstr: Unable to find the socket transport "unix" - did you forget to enable it when you configured PHP?]
26.02.12 00:01:55 sendStatusDoc [warn] [sendEvent [8.19] [cntr] [admin] [trialResult] [admin,1,2,adt,1,1770854513743,1770854513746,ppt,trial,3,,0,1021,1021,1021,btm,,0,0,0,0,1] [exception: stream_socket_client failed, errstr: Unable to find the socket transport "unix" - did you forget to enable it when you configured PHP?]]
26.02.12 00:01:58 sendEvent [8.19] [cntr] [admin] [trialResult] [admin,1,2,adt,1,1770854517695,1770854517700,ppt,trial,4,,0,915,915,915,btm,,0,0,0,0,0] [exception: stream_socket_client failed, errstr: Unable to find the socket transport "unix" - did you forget to enable it when you configured PHP?]
26.02.12 00:01:58 sendStatusDoc [warn] [sendEvent [8.19] [cntr] [admin] [trialResult] [admin,1,2,adt,1,1770854517695,1770854517700,ppt,trial,4,,0,915,915,915,btm,,0,0,0,0,0] [exception: stream_socket_client failed, errstr: Unable to find the socket transport "unix" - did you forget to enable it when you configured PHP?]]
26.02.12 00:02:00 sendEvent [8.19] [cntr] [admin] [trialEnded] [] [exception: stream_socket_client failed, errstr: Unable to find the socket transport "unix" - did you forget to enable it when you configured PHP?]
26.02.12 00:02:00 sendStatusDoc [warn] [sendEvent [8.19] [cntr] [admin] [trialEnded] [] [exception: stream_socket_client failed, errstr: Unable to find the socket transport "unix" - did you forget to enable it when you configured PHP?]]
26.02.12 00:04:40 sendEvent [8.19] [resp] [admin] [setReadyMessage] [msg_adtIntro1,msg_adtIntro2,dot,msg_adtReady,,adt] [exception: stream_socket_client failed, errstr: Unable to find the socket transport "unix" - did you forget to enable it when you configured PHP?]
26.02.12 00:04:40 sendStatusDoc [warn] [sendEvent [8.19] [resp] [admin] [setReadyMessage] [msg_adtIntro1,msg_adtIntro2,dot,msg_adtReady,,adt] [exception: stream_socket_client failed, errstr: Unable to find the socket transport "unix" - did you forget to enable it when you configured PHP?]]
26.02.12 00:04:40 sendEvent [8.19] [resp] [admin] [startMultiTrials] [adt,ppt,trial,0,1,2,1,4,admin,Santiago_Morales] [exception: stream_socket_client failed, errstr: Unable to find the socket transport "unix" - did you forget to enable it when you configured PHP?]
26.02.12 00:04:40 sendStatusDoc [warn] [sendEvent [8.19] [resp] [admin] [startMultiTrials] [adt,ppt,trial,0,1,2,1,4,admin,Santiago_Morales] [exception: stream_socket_client failed, errstr: Unable to find the socket transport "unix" - did you forget to enable it when you configured PHP?]]
26.02.12 00:09:25 sendEvent [8.19] [cntr] [admin] [trialResult] [admin,1,2,adt,1,1770854683018,1770854683020,ppt,trial,1,,1,281868,281868,281868,top,,0,0,0,0,3] [exception: stream_socket_client failed, errstr: Unable to find the socket transport "unix" - did you forget to enable it when you configured PHP?]
26.02.12 00:09:25 sendStatusDoc [warn] [sendEvent [8.19] [cntr] [admin] [trialResult] [admin,1,2,adt,1,1770854683018,1770854683020,ppt,trial,1,,1,281868,281868,281868,top,,0,0,0,0,3] [exception: stream_socket_client failed, errstr: Unable to find the socket transport "unix" - did you forget to enable it when you configured PHP?]]
26.02.12 00:18:36 sendEvent [8.19] [resp] [admin] [setReadyMessage] [msg_adtIntro1,msg_adtIntro2,dot,msg_adtReady,,adt] [exception: stream_socket_client failed, errstr: Unable to find the socket transport "unix" - did you forget to enable it when you configured PHP?]
26.02.12 00:18:36 sendStatusDoc [warn] [sendEvent [8.19] [resp] [admin] [setReadyMessage] [msg_adtIntro1,msg_adtIntro2,dot,msg_adtReady,,adt] [exception: stream_socket_client failed, errstr: Unable to find the socket transport "unix" - did you forget to enable it when you configured PHP?]]
26.02.12 00:18:36 sendEvent [8.19] [resp] [admin] [startMultiTrials] [adt,ppt,trial,0,1,2,1,4,admin,Santiago_Morales] [exception: stream_socket_client failed, errstr: Unable to find the socket transport "unix" - did you forget to enable it when you configured PHP?]
26.02.12 00:18:36 sendStatusDoc [warn] [sendEvent [8.19] [resp] [admin] [startMultiTrials] [adt,ppt,trial,0,1,2,1,4,admin,Santiago_Morales] [exception: stream_socket_client failed, errstr: Unable to find the socket transport "unix" - did you forget to enable it when you configured PHP?]]
26.02.12 00:18:42 sendEvent [8.19] [cntr] [admin] [trialResult] [admin,1,2,adt,1,1770855519994,1770855519997,ppt,trial,1,,1,2651,2651,2651,top,,0,0,0,0,3] [exception: stream_socket_client failed, errstr: Unable to find the socket transport "unix" - did you forget to enable it when you configured PHP?]
26.02.12 00:18:42 sendStatusDoc [warn] [sendEvent [8.19] [cntr] [admin] [trialResult] [admin,1,2,adt,1,1770855519994,1770855519997,ppt,trial,1,,1,2651,2651,2651,top,,0,0,0,0,3] [exception: stream_socket_client failed, errstr: Unable to find the socket transport "unix" - did you forget to enable it when you configured PHP?]]
26.02.12 00:18:47 sendEvent [8.19] [cntr] [admin] [trialResult] [admin,1,2,adt,1,1770855525783,1770855525784,ppt,trial,2,,1,1135,1135,1135,top,,0,0,0,0,2] [exception: stream_socket_client failed, errstr: Unable to find the socket transport "unix" - did you forget to enable it when you configured PHP?]
26.02.12 00:18:47 sendStatusDoc [warn] [sendEvent [8.19] [cntr] [admin] [trialResult] [admin,1,2,adt,1,1770855525783,1770855525784,ppt,trial,2,,1,1135,1135,1135,top,,0,0,0,0,2] [exception: stream_socket_client failed, errstr: Unable to find the socket transport "unix" - did you forget to enable it when you configured PHP?]]
26.02.12 00:18:51 sendEvent [8.19] [cntr] [admin] [trialResult] [admin,1,2,adt,1,1770855529775,1770855529776,ppt,trial,3,,1,1063,1063,1063,top,,0,0,0,0,1] [exception: stream_socket_client failed, errstr: Unable to find the socket transport "unix" - did you forget to enable it when you configured PHP?]
26.02.12 00:18:51 sendStatusDoc [warn] [sendEvent [8.19] [cntr] [admin] [trialResult] [admin,1,2,adt,1,1770855529775,1770855529776,ppt,trial,3,,1,1063,1063,1063,top,,0,0,0,0,1] [exception: stream_socket_client failed, errstr: Unable to find the socket transport "unix" - did you forget to enable it when you configured PHP?]]
26.02.12 00:18:54 sendEvent [8.19] [cntr] [admin] [trialResult] [admin,1,2,adt,1,1770855533031,1770855533032,ppt,trial,4,,1,887,887,887,top,,0,0,0,0,0] [exception: stream_socket_client failed, errstr: Unable to find the socket transport "unix" - did you forget to enable it when you configured PHP?]
26.02.12 00:18:54 sendStatusDoc [warn] [sendEvent [8.19] [cntr] [admin] [trialResult] [admin,1,2,adt,1,1770855533031,1770855533032,ppt,trial,4,,1,887,887,887,top,,0,0,0,0,0] [exception: stream_socket_client failed, errstr: Unable to find the socket transport "unix" - did you forget to enable it when you configured PHP?]]
26.02.12 00:18:55 sendEvent [8.19] [cntr] [admin] [trialEnded] [] [exception: stream_socket_client failed, errstr: Unable to find the socket transport "unix" - did you forget to enable it when you configured PHP?]
26.02.12 00:18:55 sendStatusDoc [warn] [sendEvent [8.19] [cntr] [admin] [trialEnded] [] [exception: stream_socket_client failed, errstr: Unable to find the socket transport "unix" - did you forget to enable it when you configured PHP?]]
26.02.12 00:22:11 sendEvent [8.19] [resp] [admin] [setReadyMessage] [msg_adtIntro1,msg_adtIntro2,dot,msg_adtReady,,adt] [exception: stream_socket_client failed, errstr: Unable to find the socket transport "unix" - did you forget to enable it when you configured PHP?]
26.02.12 00:22:11 sendStatusDoc [warn] [sendEvent [8.19] [resp] [admin] [setReadyMessage] [msg_adtIntro1,msg_adtIntro2,dot,msg_adtReady,,adt] [exception: stream_socket_client failed, errstr: Unable to find the socket transport "unix" - did you forget to enable it when you configured PHP?]]
26.02.12 00:22:11 sendEvent [8.19] [resp] [admin] [startMultiTrials] [adt,ppt,trial,0,1,2,1,4,admin,Santiago_Morales] [exception: stream_socket_client failed, errstr: Unable to find the socket transport "unix" - did you forget to enable it when you configured PHP?]
26.02.12 00:22:11 sendStatusDoc [warn] [sendEvent [8.19] [resp] [admin] [startMultiTrials] [adt,ppt,trial,0,1,2,1,4,admin,Santiago_Morales] [exception: stream_socket_client failed, errstr: Unable to find the socket transport "unix" - did you forget to enable it when you configured PHP?]]
26.02.12 00:22:14 sendEvent [8.19] [cntr] [admin] [trialResult] [admin,1,2,adt,1,1770855732498,1770855732500,ppt,trial,1,,1,1765,1765,1765,top,,0,0,0,0,3] [exception: stream_socket_client failed, errstr: Unable to find the socket transport "unix" - did you forget to enable it when you configured PHP?]
26.02.12 00:22:14 sendStatusDoc [warn] [sendEvent [8.19] [cntr] [admin] [trialResult] [admin,1,2,adt,1,1770855732498,1770855732500,ppt,trial,1,,1,1765,1765,1765,top,,0,0,0,0,3] [exception: stream_socket_client failed, errstr: Unable to find the socket transport "unix" - did you forget to enable it when you configured PHP?]]
26.02.12 00:22:17 sendEvent [8.19] [cntr] [admin] [trialResult] [admin,1,2,adt,1,1770855736535,1770855736536,ppt,trial,2,,1,1031,1031,1031,top,,0,0,0,0,2] [exception: stream_socket_client failed, errstr: Unable to find the socket transport "unix" - did you forget to enable it when you configured PHP?]
26.02.12 00:22:17 sendStatusDoc [warn] [sendEvent [8.19] [cntr] [admin] [trialResult] [admin,1,2,adt,1,1770855736535,1770855736536,ppt,trial,2,,1,1031,1031,1031,top,,0,0,0,0,2] [exception: stream_socket_client failed, errstr: Unable to find the socket transport "unix" - did you forget to enable it when you configured PHP?]]
26.02.12 00:22:20 sendEvent [8.19] [cntr] [admin] [trialResult] [admin,1,2,adt,1,1770855739383,1770855739384,ppt,trial,3,,1,1191,1191,1191,top,,0,0,0,0,1] [exception: stream_socket_client failed, errstr: Unable to find the socket transport "unix" - did you forget to enable it when you configured PHP?]
26.02.12 00:22:20 sendStatusDoc [warn] [sendEvent [8.19] [cntr] [admin] [trialResult] [admin,1,2,adt,1,1770855739383,1770855739384,ppt,trial,3,,1,1191,1191,1191,top,,0,0,0,0,1] [exception: stream_socket_client failed, errstr: Unable to find the socket transport "unix" - did you forget to enable it when you configured PHP?]]
26.02.12 00:22:23 sendEvent [8.19] [cntr] [admin] [trialResult] [admin,1,2,adt,1,1770855741895,1770855741896,ppt,trial,4,,1,920,920,920,top,,0,0,0,0,0] [exception: stream_socket_client failed, errstr: Unable to find the socket transport "unix" - did you forget to enable it when you configured PHP?]
26.02.12 00:22:23 sendStatusDoc [warn] [sendEvent [8.19] [cntr] [admin] [trialResult] [admin,1,2,adt,1,1770855741895,1770855741896,ppt,trial,4,,1,920,920,920,top,,0,0,0,0,0] [exception: stream_socket_client failed, errstr: Unable to find the socket transport "unix" - did you forget to enable it when you configured PHP?]]
26.02.12 00:22:24 sendEvent [8.19] [cntr] [admin] [trialEnded] [] [exception: stream_socket_client failed, errstr: Unable to find the socket transport "unix" - did you forget to enable it when you configured PHP?]
26.02.12 00:22:24 sendStatusDoc [warn] [sendEvent [8.19] [cntr] [admin] [trialEnded] [] [exception: stream_socket_client failed, errstr: Unable to find the socket transport "unix" - did you forget to enable it when you configured PHP?]]
26.02.12 00:22:28 sendEvent [8.19] [resp] [admin] [cancelTrial] [] [exception: stream_socket_client failed, errstr: Unable to find the socket transport "unix" - did you forget to enable it when you configured PHP?]
26.02.12 00:22:28 sendStatusDoc [warn] [sendEvent [8.19] [resp] [admin] [cancelTrial] [] [exception: stream_socket_client failed, errstr: Unable to find the socket transport "unix" - did you forget to enable it when you configured PHP?]]
26.02.12 00:22:29 sendEvent [8.19] [cntr] [admin] [trialCancelled] [] [exception: stream_socket_client failed, errstr: Unable to find the socket transport "unix" - did you forget to enable it when you configured PHP?]
26.02.12 00:22:29 sendStatusDoc [warn] [sendEvent [8.19] [cntr] [admin] [trialCancelled] [] [exception: stream_socket_client failed, errstr: Unable to find the socket transport "unix" - did you forget to enable it when you configured PHP?]]
26.02.12 00:22:29 sendEvent [8.19] [resp] [admin] [endTrials] [adt,tspt] [exception: stream_socket_client failed, errstr: Unable to find the socket transport "unix" - did you forget to enable it when you configured PHP?]
26.02.12 00:22:29 sendStatusDoc [warn] [sendEvent [8.19] [resp] [admin] [endTrials] [adt,tspt] [exception: stream_socket_client failed, errstr: Unable to find the socket transport "unix" - did you forget to enable it when you configured PHP?]]
26.02.12 00:22:30 sendEvent [8.19] [resp] [admin] [endTrials] [adt,tspt] [exception: stream_socket_client failed, errstr: Unable to find the socket transport "unix" - did you forget to enable it when you configured PHP?]
26.02.12 00:22:30 sendStatusDoc [warn] [sendEvent [8.19] [resp] [admin] [endTrials] [adt,tspt] [exception: stream_socket_client failed, errstr: Unable to find the socket transport "unix" - did you forget to enable it when you configured PHP?]]
26.02.12 00:22:30 sendEvent [8.19] [resp] [admin] [cancelTrial] [] [exception: stream_socket_client failed, errstr: Unable to find the socket transport "unix" - did you forget to enable it when you configured PHP?]
26.02.12 00:22:30 sendStatusDoc [warn] [sendEvent [8.19] [resp] [admin] [cancelTrial] [] [exception: stream_socket_client failed, errstr: Unable to find the socket transport "unix" - did you forget to enable it when you configured PHP?]]
26.02.12 00:22:30 sendEvent [8.19] [resp] [admin] [endTrials] [adt,tspt] [exception: stream_socket_client failed, errstr: Unable to find the socket transport "unix" - did you forget to enable it when you configured PHP?]
26.02.12 00:22:30 sendStatusDoc [warn] [sendEvent [8.19] [resp] [admin] [endTrials] [adt,tspt] [exception: stream_socket_client failed, errstr: Unable to find the socket transport "unix" - did you forget to enable it when you configured PHP?]]
26.02.12 00:22:31 sendEvent [8.19] [resp] [admin] [endTrials] [adt,tspt] [exception: stream_socket_client failed, errstr: Unable to find the socket transport "unix" - did you forget to enable it when you configured PHP?]
26.02.12 00:22:31 sendStatusDoc [warn] [sendEvent [8.19] [resp] [admin] [endTrials] [adt,tspt] [exception: stream_socket_client failed, errstr: Unable to find the socket transport "unix" - did you forget to enable it when you configured PHP?]]
26.02.16 22:50:43 sendEvent [8.19] [resp] [admin] [setReadyMessage] [msg_adtIntro1,msg_adtIntro2,dot,msg_adtReady,,adt] [exception: stream_socket_client failed, errstr: Unable to find the socket transport "unix" - did you forget to enable it when you configured PHP?]
26.02.16 22:50:43 sendStatusDoc [warn] [sendEvent [8.19] [resp] [admin] [setReadyMessage] [msg_adtIntro1,msg_adtIntro2,dot,msg_adtReady,,adt] [exception: stream_socket_client failed, errstr: Unable to find the socket transport "unix" - did you forget to enable it when you configured PHP?]]
26.02.16 22:50:43 sendEvent [8.19] [resp] [admin] [startMultiTrials] [adt,ppt,trial,0,1,2,1,4,admin,Santiago_Morales] [exception: stream_socket_client failed, errstr: Unable to find the socket transport "unix" - did you forget to enable it when you configured PHP?]
26.02.16 22:50:43 sendStatusDoc [warn] [sendEvent [8.19] [resp] [admin] [startMultiTrials] [adt,ppt,trial,0,1,2,1,4,admin,Santiago_Morales] [exception: stream_socket_client failed, errstr: Unable to find the socket transport "unix" - did you forget to enable it when you configured PHP?]]
26.02.16 22:50:51 sendEvent [8.19] [cntr] [admin] [trialResult] [admin,1,2,adt,1,1771282247890,1771282247892,ppt,trial,1,,1,3815,3815,3815,top,,0,0,0,0,3] [exception: stream_socket_client failed, errstr: Unable to find the socket transport "unix" - did you forget to enable it when you configured PHP?]
26.02.16 22:50:51 sendStatusDoc [warn] [sendEvent [8.19] [cntr] [admin] [trialResult] [admin,1,2,adt,1,1771282247890,1771282247892,ppt,trial,1,,1,3815,3815,3815,top,,0,0,0,0,3] [exception: stream_socket_client failed, errstr: Unable to find the socket transport "unix" - did you forget to enable it when you configured PHP?]]
26.02.16 22:51:20 sendEvent [8.19] [cntr] [admin] [trialResult] [admin,1,2,adt,1,1771282254620,1771282254621,ppt,trial,2,,1,25526,25526,25526,top,,0,0,0,0,2] [exception: stream_socket_client failed, errstr: Unable to find the socket transport "unix" - did you forget to enable it when you configured PHP?]
26.02.16 22:51:20 sendStatusDoc [warn] [sendEvent [8.19] [cntr] [admin] [trialResult] [admin,1,2,adt,1,1771282254620,1771282254621,ppt,trial,2,,1,25526,25526,25526,top,,0,0,0,0,2] [exception: stream_socket_client failed, errstr: Unable to find the socket transport "unix" - did you forget to enable it when you configured PHP?]]
26.02.16 22:51:37 sendEvent [8.19] [cntr] [admin] [trialResult] [admin,1,2,adt,1,1771282282532,1771282282533,ppt,trial,3,,1,14502,14502,14502,top,,0,0,0,0,1] [exception: stream_socket_client failed, errstr: Unable to find the socket transport "unix" - did you forget to enable it when you configured PHP?]
26.02.16 22:51:37 sendStatusDoc [warn] [sendEvent [8.19] [cntr] [admin] [trialResult] [admin,1,2,adt,1,1771282282532,1771282282533,ppt,trial,3,,1,14502,14502,14502,top,,0,0,0,0,1] [exception: stream_socket_client failed, errstr: Unable to find the socket transport "unix" - did you forget to enable it when you configured PHP?]]
26.02.16 22:51:41 sendEvent [8.19] [cntr] [admin] [trialResult] [admin,1,2,adt,1,1771282299036,1771282299037,ppt,trial,4,,1,2183,2183,2183,top,,0,0,0,0,0] [exception: stream_socket_client failed, errstr: Unable to find the socket transport "unix" - did you forget to enable it when you configured PHP?]
26.02.16 22:51:41 sendStatusDoc [warn] [sendEvent [8.19] [cntr] [admin] [trialResult] [admin,1,2,adt,1,1771282299036,1771282299037,ppt,trial,4,,1,2183,2183,2183,top,,0,0,0,0,0] [exception: stream_socket_client failed, errstr: Unable to find the socket transport "unix" - did you forget to enable it when you configured PHP?]]
26.02.16 22:51:42 sendEvent [8.19] [cntr] [admin] [trialEnded] [] [exception: stream_socket_client failed, errstr: Unable to find the socket transport "unix" - did you forget to enable it when you configured PHP?]
26.02.16 22:51:42 sendStatusDoc [warn] [sendEvent [8.19] [cntr] [admin] [trialEnded] [] [exception: stream_socket_client failed, errstr: Unable to find the socket transport "unix" - did you forget to enable it when you configured PHP?]]
26.02.16 22:51:45 sendEvent [8.19] [resp] [admin] [setReadyMessage] [msg_adtIntro1,msg_adtIntro2,dot,msg_adtReady,,adt] [exception: stream_socket_client failed, errstr: Unable to find the socket transport "unix" - did you forget to enable it when you configured PHP?]
26.02.16 22:51:45 sendStatusDoc [warn] [sendEvent [8.19] [resp] [admin] [setReadyMessage] [msg_adtIntro1,msg_adtIntro2,dot,msg_adtReady,,adt] [exception: stream_socket_client failed, errstr: Unable to find the socket transport "unix" - did you forget to enable it when you configured PHP?]]
26.02.16 22:51:45 sendEvent [8.19] [resp] [admin] [startMultiTrials] [adt,ppt,trial,4,1,2,1,4,admin,Santiago_Morales] [exception: stream_socket_client failed, errstr: Unable to find the socket transport "unix" - did you forget to enable it when you configured PHP?]
26.02.16 22:51:45 sendStatusDoc [warn] [sendEvent [8.19] [resp] [admin] [startMultiTrials] [adt,ppt,trial,4,1,2,1,4,admin,Santiago_Morales] [exception: stream_socket_client failed, errstr: Unable to find the socket transport "unix" - did you forget to enable it when you configured PHP?]]
26.02.16 22:51:53 sendEvent [8.19] [resp] [admin] [cancelTrial] [] [exception: stream_socket_client failed, errstr: Unable to find the socket transport "unix" - did you forget to enable it when you configured PHP?]
26.02.16 22:51:53 sendStatusDoc [warn] [sendEvent [8.19] [resp] [admin] [cancelTrial] [] [exception: stream_socket_client failed, errstr: Unable to find the socket transport "unix" - did you forget to enable it when you configured PHP?]]
26.02.16 22:51:54 sendEvent [8.19] [resp] [admin] [cancelTrial] [] [exception: stream_socket_client failed, errstr: Unable to find the socket transport "unix" - did you forget to enable it when you configured PHP?]
26.02.16 22:51:54 sendStatusDoc [warn] [sendEvent [8.19] [resp] [admin] [cancelTrial] [] [exception: stream_socket_client failed, errstr: Unable to find the socket transport "unix" - did you forget to enable it when you configured PHP?]]
26.02.16 22:51:54 sendEvent [8.19] [cntr] [admin] [trialCancelled] [] [exception: stream_socket_client failed, errstr: Unable to find the socket transport "unix" - did you forget to enable it when you configured PHP?]
26.02.16 22:51:54 sendStatusDoc [warn] [sendEvent [8.19] [cntr] [admin] [trialCancelled] [] [exception: stream_socket_client failed, errstr: Unable to find the socket transport "unix" - did you forget to enable it when you configured PHP?]]
26.02.16 22:51:55 sendEvent [8.19] [resp] [admin] [setReadyMessage] [msg_adtIntro1,msg_adtIntro2,dot,msg_adtReady,,adt] [exception: stream_socket_client failed, errstr: Unable to find the socket transport "unix" - did you forget to enable it when you configured PHP?]
26.02.16 22:51:55 sendStatusDoc [warn] [sendEvent [8.19] [resp] [admin] [setReadyMessage] [msg_adtIntro1,msg_adtIntro2,dot,msg_adtReady,,adt] [exception: stream_socket_client failed, errstr: Unable to find the socket transport "unix" - did you forget to enable it when you configured PHP?]]
26.02.16 22:51:55 sendEvent [8.19] [resp] [admin] [startMultiTrials] [adt,ppt,trial,4,1,2,1,4,admin,Santiago_Morales] [exception: stream_socket_client failed, errstr: Unable to find the socket transport "unix" - did you forget to enable it when you configured PHP?]
26.02.16 22:51:55 sendStatusDoc [warn] [sendEvent [8.19] [resp] [admin] [startMultiTrials] [adt,ppt,trial,4,1,2,1,4,admin,Santiago_Morales] [exception: stream_socket_client failed, errstr: Unable to find the socket transport "unix" - did you forget to enable it when you configured PHP?]]
26.02.16 22:51:58 sendEvent [8.19] [resp] [admin] [cancelTrial] [] [exception: stream_socket_client failed, errstr: Unable to find the socket transport "unix" - did you forget to enable it when you configured PHP?]
26.02.16 22:51:58 sendStatusDoc [warn] [sendEvent [8.19] [resp] [admin] [cancelTrial] [] [exception: stream_socket_client failed, errstr: Unable to find the socket transport "unix" - did you forget to enable it when you configured PHP?]]
26.02.16 22:51:59 sendEvent [8.19] [resp] [admin] [endTrials] [adt,tspt] [exception: stream_socket_client failed, errstr: Unable to find the socket transport "unix" - did you forget to enable it when you configured PHP?]
26.02.16 22:51:59 sendStatusDoc [warn] [sendEvent [8.19] [resp] [admin] [endTrials] [adt,tspt] [exception: stream_socket_client failed, errstr: Unable to find the socket transport "unix" - did you forget to enable it when you configured PHP?]]
26.02.16 22:51:59 sendEvent [8.19] [resp] [admin] [endTrials] [adt,tspt] [exception: stream_socket_client failed, errstr: Unable to find the socket transport "unix" - did you forget to enable it when you configured PHP?]
26.02.16 22:51:59 sendStatusDoc [warn] [sendEvent [8.19] [resp] [admin] [endTrials] [adt,tspt] [exception: stream_socket_client failed, errstr: Unable to find the socket transport "unix" - did you forget to enable it when you configured PHP?]]
26.02.16 22:52:00 sendEvent [8.19] [resp] [admin] [endTrials] [adt,tspt] [exception: stream_socket_client failed, errstr: Unable to find the socket transport "unix" - did you forget to enable it when you configured PHP?]
26.02.16 22:52:00 sendStatusDoc [warn] [sendEvent [8.19] [resp] [admin] [endTrials] [adt,tspt] [exception: stream_socket_client failed, errstr: Unable to find the socket transport "unix" - did you forget to enable it when you configured PHP?]]
26.02.16 22:52:01 sendEvent [8.19] [cntr] [admin] [goodbye] [] [exception: stream_socket_client failed, errstr: Unable to find the socket transport "unix" - did you forget to enable it when you configured PHP?]
26.02.16 22:52:01 sendStatusDoc [warn] [sendEvent [8.19] [cntr] [admin] [goodbye] [] [exception: stream_socket_client failed, errstr: Unable to find the socket transport "unix" - did you forget to enable it when you configured PHP?]]
26.02.16 22:52:01 sendEvent [8.19] [resp] [admin] [endTrials] [adt,tspt] [exception: stream_socket_client failed, errstr: Unable to find the socket transport "unix" - did you forget to enable it when you configured PHP?]
26.02.16 22:52:01 sendStatusDoc [warn] [sendEvent [8.19] [resp] [admin] [endTrials] [adt,tspt] [exception: stream_socket_client failed, errstr: Unable to find the socket transport "unix" - did you forget to enable it when you configured PHP?]]
26.02.16 22:52:35 sendEvent [8.19] [resp] [admin] [setReadyMessage] [msg_adtIntro1,msg_adtIntro2,dot,msg_adtReady,,adth] [exception: stream_socket_client failed, errstr: Unable to find the socket transport "unix" - did you forget to enable it when you configured PHP?]
26.02.16 22:52:35 sendStatusDoc [warn] [sendEvent [8.19] [resp] [admin] [setReadyMessage] [msg_adtIntro1,msg_adtIntro2,dot,msg_adtReady,,adth] [exception: stream_socket_client failed, errstr: Unable to find the socket transport "unix" - did you forget to enable it when you configured PHP?]]
26.02.16 22:52:35 sendEvent [8.19] [resp] [admin] [startMultiTrials] [adth,ppl,trial,0,1,2,1,4,admin,Santiago_Morales] [exception: stream_socket_client failed, errstr: Unable to find the socket transport "unix" - did you forget to enable it when you configured PHP?]
26.02.16 22:52:35 sendStatusDoc [warn] [sendEvent [8.19] [resp] [admin] [startMultiTrials] [adth,ppl,trial,0,1,2,1,4,admin,Santiago_Morales] [exception: stream_socket_client failed, errstr: Unable to find the socket transport "unix" - did you forget to enable it when you configured PHP?]]
26.02.16 22:53:06 sendEvent [8.19] [resp] [admin] [cancelTrial] [] [exception: stream_socket_client failed, errstr: Unable to find the socket transport "unix" - did you forget to enable it when you configured PHP?]
26.02.16 22:53:06 sendStatusDoc [warn] [sendEvent [8.19] [resp] [admin] [cancelTrial] [] [exception: stream_socket_client failed, errstr: Unable to find the socket transport "unix" - did you forget to enable it when you configured PHP?]]
26.02.16 22:53:07 sendEvent [8.19] [resp] [admin] [endTrials] [adth,tspl] [exception: stream_socket_client failed, errstr: Unable to find the socket transport "unix" - did you forget to enable it when you configured PHP?]
26.02.16 22:53:07 sendStatusDoc [warn] [sendEvent [8.19] [resp] [admin] [endTrials] [adth,tspl] [exception: stream_socket_client failed, errstr: Unable to find the socket transport "unix" - did you forget to enable it when you configured PHP?]]
26.02.16 22:53:09 sendEvent [8.19] [resp] [admin] [cancelTrial] [] [exception: stream_socket_client failed, errstr: Unable to find the socket transport "unix" - did you forget to enable it when you configured PHP?]
26.02.16 22:53:09 sendStatusDoc [warn] [sendEvent [8.19] [resp] [admin] [cancelTrial] [] [exception: stream_socket_client failed, errstr: Unable to find the socket transport "unix" - did you forget to enable it when you configured PHP?]]
26.02.16 22:53:10 sendEvent [8.19] [resp] [admin] [endTrials] [adth,tspl] [exception: stream_socket_client failed, errstr: Unable to find the socket transport "unix" - did you forget to enable it when you configured PHP?]
26.02.16 22:53:10 sendStatusDoc [warn] [sendEvent [8.19] [resp] [admin] [endTrials] [adth,tspl] [exception: stream_socket_client failed, errstr: Unable to find the socket transport "unix" - did you forget to enable it when you configured PHP?]]
26.02.16 22:53:12 sendEvent [8.19] [resp] [admin] [cancelTrial] [] [exception: stream_socket_client failed, errstr: Unable to find the socket transport "unix" - did you forget to enable it when you configured PHP?]
26.02.16 22:53:12 sendStatusDoc [warn] [sendEvent [8.19] [resp] [admin] [cancelTrial] [] [exception: stream_socket_client failed, errstr: Unable to find the socket transport "unix" - did you forget to enable it when you configured PHP?]]
26.02.16 22:53:13 sendEvent [8.19] [resp] [admin] [endTrials] [adth,tspl] [exception: stream_socket_client failed, errstr: Unable to find the socket transport "unix" - did you forget to enable it when you configured PHP?]
26.02.16 22:53:13 sendStatusDoc [warn] [sendEvent [8.19] [resp] [admin] [endTrials] [adth,tspl] [exception: stream_socket_client failed, errstr: Unable to find the socket transport "unix" - did you forget to enable it when you configured PHP?]]
26.02.16 22:53:16 sendEvent [8.19] [resp] [admin] [endTrials] [adth,tspl] [exception: stream_socket_client failed, errstr: Unable to find the socket transport "unix" - did you forget to enable it when you configured PHP?]
26.02.16 22:53:16 sendStatusDoc [warn] [sendEvent [8.19] [resp] [admin] [endTrials] [adth,tspl] [exception: stream_socket_client failed, errstr: Unable to find the socket transport "unix" - did you forget to enable it when you configured PHP?]]
26.02.16 22:53:19 sendEvent [8.19] [resp] [admin] [endTrials] [adth,tspl] [exception: stream_socket_client failed, errstr: Unable to find the socket transport "unix" - did you forget to enable it when you configured PHP?]
26.02.16 22:53:19 sendStatusDoc [warn] [sendEvent [8.19] [resp] [admin] [endTrials] [adth,tspl] [exception: stream_socket_client failed, errstr: Unable to find the socket transport "unix" - did you forget to enable it when you configured PHP?]]
26.02.16 22:53:22 sendEvent [8.19] [resp] [admin] [endTrials] [adth,tspl] [exception: stream_socket_client failed, errstr: Unable to find the socket transport "unix" - did you forget to enable it when you configured PHP?]
26.02.16 22:53:22 sendStatusDoc [warn] [sendEvent [8.19] [resp] [admin] [endTrials] [adth,tspl] [exception: stream_socket_client failed, errstr: Unable to find the socket transport "unix" - did you forget to enable it when you configured PHP?]]
26.02.17 19:07:21 sendEvent [8.19] [cntr] [admin] [trialCancelled] [] [exception: stream_socket_client failed, errstr: Unable to find the socket transport "unix" - did you forget to enable it when you configured PHP?]
26.02.17 19:07:21 sendStatusDoc [warn] [sendEvent [8.19] [cntr] [admin] [trialCancelled] [] [exception: stream_socket_client failed, errstr: Unable to find the socket transport "unix" - did you forget to enable it when you configured PHP?]]
26.02.17 19:07:21 sendEvent [8.19] [cntr] [admin] [trialsEnded] [] [exception: stream_socket_client failed, errstr: Unable to find the socket transport "unix" - did you forget to enable it when you configured PHP?]
26.02.17 19:07:21 sendStatusDoc [warn] [sendEvent [8.19] [cntr] [admin] [trialsEnded] [] [exception: stream_socket_client failed, errstr: Unable to find the socket transport "unix" - did you forget to enable it when you configured PHP?]]
26.02.17 19:07:21 sendEvent [8.19] [cntr] [admin] [trialCancelled] [] [exception: stream_socket_client failed, errstr: Unable to find the socket transport "unix" - did you forget to enable it when you configured PHP?]
26.02.17 19:07:21 sendStatusDoc [warn] [sendEvent [8.19] [cntr] [admin] [trialCancelled] [] [exception: stream_socket_client failed, errstr: Unable to find the socket transport "unix" - did you forget to enable it when you configured PHP?]]
26.02.17 19:07:21 sendEvent [8.19] [cntr] [admin] [trialsEnded] [] [exception: stream_socket_client failed, errstr: Unable to find the socket transport "unix" - did you forget to enable it when you configured PHP?]
26.02.17 19:07:21 sendStatusDoc [warn] [sendEvent [8.19] [cntr] [admin] [trialsEnded] [] [exception: stream_socket_client failed, errstr: Unable to find the socket transport "unix" - did you forget to enable it when you configured PHP?]]
26.02.17 19:07:21 sendEvent [8.19] [cntr] [admin] [trialCancelled] [] [exception: stream_socket_client failed, errstr: Unable to find the socket transport "unix" - did you forget to enable it when you configured PHP?]
26.02.17 19:07:21 sendStatusDoc [warn] [sendEvent [8.19] [cntr] [admin] [trialCancelled] [] [exception: stream_socket_client failed, errstr: Unable to find the socket transport "unix" - did you forget to enable it when you configured PHP?]]
26.02.17 19:07:22 sendEvent [8.19] [cntr] [admin] [trialsEnded] [] [exception: stream_socket_client failed, errstr: Unable to find the socket transport "unix" - did you forget to enable it when you configured PHP?]
26.02.17 19:07:22 sendStatusDoc [warn] [sendEvent [8.19] [cntr] [admin] [trialsEnded] [] [exception: stream_socket_client failed, errstr: Unable to find the socket transport "unix" - did you forget to enable it when you configured PHP?]]
26.02.17 19:07:22 sendEvent [8.19] [cntr] [admin] [trialsEnded] [] [exception: stream_socket_client failed, errstr: Unable to find the socket transport "unix" - did you forget to enable it when you configured PHP?]
26.02.17 19:07:22 sendStatusDoc [warn] [sendEvent [8.19] [cntr] [admin] [trialsEnded] [] [exception: stream_socket_client failed, errstr: Unable to find the socket transport "unix" - did you forget to enable it when you configured PHP?]]
26.02.17 19:07:22 sendEvent [8.19] [cntr] [admin] [trialsEnded] [] [exception: stream_socket_client failed, errstr: Unable to find the socket transport "unix" - did you forget to enable it when you configured PHP?]
26.02.17 19:07:22 sendStatusDoc [warn] [sendEvent [8.19] [cntr] [admin] [trialsEnded] [] [exception: stream_socket_client failed, errstr: Unable to find the socket transport "unix" - did you forget to enable it when you configured PHP?]]
26.02.17 19:07:23 sendEvent [8.19] [cntr] [admin] [trialsEnded] [] [exception: stream_socket_client failed, errstr: Unable to find the socket transport "unix" - did you forget to enable it when you configured PHP?]
26.02.17 19:07:23 sendStatusDoc [warn] [sendEvent [8.19] [cntr] [admin] [trialsEnded] [] [exception: stream_socket_client failed, errstr: Unable to find the socket transport "unix" - did you forget to enable it when you configured PHP?]]
26.02.17 19:08:00 sendEvent [8.19] [resp] [admin] [endTest] [] [exception: stream_socket_client failed, errstr: Unable to find the socket transport "unix" - did you forget to enable it when you configured PHP?]
26.02.17 19:08:00 sendStatusDoc [warn] [sendEvent [8.19] [resp] [admin] [endTest] [] [exception: stream_socket_client failed, errstr: Unable to find the socket transport "unix" - did you forget to enable it when you configured PHP?]]
26.02.17 19:08:01 sendEvent [8.19] [cntr] [admin] [testEnded] [] [exception: stream_socket_client failed, errstr: Unable to find the socket transport "unix" - did you forget to enable it when you configured PHP?]
26.02.17 19:08:01 sendStatusDoc [warn] [sendEvent [8.19] [cntr] [admin] [testEnded] [] [exception: stream_socket_client failed, errstr: Unable to find the socket transport "unix" - did you forget to enable it when you configured PHP?]]
26.02.17 19:08:58 sendEvent [8.19] [resp] [admin] [endTest] [] [exception: stream_socket_client failed, errstr: Unable to find the socket transport "unix" - did you forget to enable it when you configured PHP?]
26.02.17 19:08:58 sendStatusDoc [warn] [sendEvent [8.19] [resp] [admin] [endTest] [] [exception: stream_socket_client failed, errstr: Unable to find the socket transport "unix" - did you forget to enable it when you configured PHP?]]
26.02.17 19:09:18 sendEvent [8.19] [resp] [admin] [endTest] [] [exception: stream_socket_client failed, errstr: Unable to find the socket transport "unix" - did you forget to enable it when you configured PHP?]
26.02.17 19:09:18 sendStatusDoc [warn] [sendEvent [8.19] [resp] [admin] [endTest] [] [exception: stream_socket_client failed, errstr: Unable to find the socket transport "unix" - did you forget to enable it when you configured PHP?]]
26.02.17 19:09:20 sendEvent [8.19] [cntr] [admin] [testEnded] [] [exception: stream_socket_client failed, errstr: Unable to find the socket transport "unix" - did you forget to enable it when you configured PHP?]
26.02.17 19:09:20 sendStatusDoc [warn] [sendEvent [8.19] [cntr] [admin] [testEnded] [] [exception: stream_socket_client failed, errstr: Unable to find the socket transport "unix" - did you forget to enable it when you configured PHP?]]
26.02.17 19:09:21 sendEvent [8.19] [cntr] [admin] [testEnded] [] [exception: stream_socket_client failed, errstr: Unable to find the socket transport "unix" - did you forget to enable it when you configured PHP?]
26.02.17 19:09:21 sendStatusDoc [warn] [sendEvent [8.19] [cntr] [admin] [testEnded] [] [exception: stream_socket_client failed, errstr: Unable to find the socket transport "unix" - did you forget to enable it when you configured PHP?]]
26.02.17 19:10:11 sendEvent [8.19] [resp] [admin] [endTest] [] [exception: stream_socket_client failed, errstr: Unable to find the socket transport "unix" - did you forget to enable it when you configured PHP?]
26.02.17 19:10:11 sendStatusDoc [warn] [sendEvent [8.19] [resp] [admin] [endTest] [] [exception: stream_socket_client failed, errstr: Unable to find the socket transport "unix" - did you forget to enable it when you configured PHP?]]
26.02.17 19:10:20 sendEvent [8.19] [cntr] [admin] [testEnded] [] [exception: stream_socket_client failed, errstr: Unable to find the socket transport "unix" - did you forget to enable it when you configured PHP?]
26.02.17 19:10:20 sendStatusDoc [warn] [sendEvent [8.19] [cntr] [admin] [testEnded] [] [exception: stream_socket_client failed, errstr: Unable to find the socket transport "unix" - did you forget to enable it when you configured PHP?]]
26.02.17 19:13:05 sendEvent [8.19] [resp] [admin] [endTest] [] [exception: stream_socket_client failed, errstr: Unable to find the socket transport "unix" - did you forget to enable it when you configured PHP?]
26.02.17 19:13:05 sendStatusDoc [warn] [sendEvent [8.19] [resp] [admin] [endTest] [] [exception: stream_socket_client failed, errstr: Unable to find the socket transport "unix" - did you forget to enable it when you configured PHP?]]
26.02.17 19:13:40 sendEvent [8.19] [resp] [admin] [endTest] [] [exception: stream_socket_client failed, errstr: Unable to find the socket transport "unix" - did you forget to enable it when you configured PHP?]
26.02.17 19:13:40 sendStatusDoc [warn] [sendEvent [8.19] [resp] [admin] [endTest] [] [exception: stream_socket_client failed, errstr: Unable to find the socket transport "unix" - did you forget to enable it when you configured PHP?]]
26.02.17 19:15:32 sendEvent [8.19] [resp] [admin] [endTest] [] [exception: stream_socket_client failed, errstr: Unable to find the socket transport "unix" - did you forget to enable it when you configured PHP?]
26.02.17 19:15:32 sendStatusDoc [warn] [sendEvent [8.19] [resp] [admin] [endTest] [] [exception: stream_socket_client failed, errstr: Unable to find the socket transport "unix" - did you forget to enable it when you configured PHP?]]
26.02.17 19:18:36 sendEvent [8.19] [resp] [admin] [endTest] [] [exception: stream_socket_client failed, errstr: Unable to find the socket transport "unix" - did you forget to enable it when you configured PHP?]
26.02.17 19:18:36 sendStatusDoc [warn] [sendEvent [8.19] [resp] [admin] [endTest] [] [exception: stream_socket_client failed, errstr: Unable to find the socket transport "unix" - did you forget to enable it when you configured PHP?]]
26.02.17 19:20:35 sendEvent [8.19] [resp] [admin] [endTest] [] [exception: stream_socket_client failed, errstr: Unable to find the socket transport "unix" - did you forget to enable it when you configured PHP?]
26.02.17 19:20:35 sendStatusDoc [warn] [sendEvent [8.19] [resp] [admin] [endTest] [] [exception: stream_socket_client failed, errstr: Unable to find the socket transport "unix" - did you forget to enable it when you configured PHP?]]
26.02.17 19:21:33 sendEvent [8.19] [resp] [admin] [endTest] [] [exception: stream_socket_client failed, errstr: Unable to find the socket transport "unix" - did you forget to enable it when you configured PHP?]
26.02.17 19:21:33 sendStatusDoc [warn] [sendEvent [8.19] [resp] [admin] [endTest] [] [exception: stream_socket_client failed, errstr: Unable to find the socket transport "unix" - did you forget to enable it when you configured PHP?]]
26.02.17 19:22:36 sendEvent [8.19] [resp] [admin] [endTest] [] [exception: stream_socket_client failed, errstr: Unable to find the socket transport "unix" - did you forget to enable it when you configured PHP?]
26.02.17 19:22:36 sendStatusDoc [warn] [sendEvent [8.19] [resp] [admin] [endTest] [] [exception: stream_socket_client failed, errstr: Unable to find the socket transport "unix" - did you forget to enable it when you configured PHP?]]
26.02.17 19:22:57 sendEvent [8.19] [resp] [admin] [endTest] [] [exception: stream_socket_client failed, errstr: Unable to find the socket transport "unix" - did you forget to enable it when you configured PHP?]
26.02.17 19:22:57 sendStatusDoc [warn] [sendEvent [8.19] [resp] [admin] [endTest] [] [exception: stream_socket_client failed, errstr: Unable to find the socket transport "unix" - did you forget to enable it when you configured PHP?]]
26.02.17 19:23:38 sendEvent [8.19] [resp] [admin] [endTest] [] [exception: stream_socket_client failed, errstr: Unable to find the socket transport "unix" - did you forget to enable it when you configured PHP?]
26.02.17 19:23:38 sendStatusDoc [warn] [sendEvent [8.19] [resp] [admin] [endTest] [] [exception: stream_socket_client failed, errstr: Unable to find the socket transport "unix" - did you forget to enable it when you configured PHP?]]
26.02.17 19:24:23 sendEvent [8.19] [resp] [admin] [endTest] [] [exception: stream_socket_client failed, errstr: Unable to find the socket transport "unix" - did you forget to enable it when you configured PHP?]
26.02.17 19:24:23 sendStatusDoc [warn] [sendEvent [8.19] [resp] [admin] [endTest] [] [exception: stream_socket_client failed, errstr: Unable to find the socket transport "unix" - did you forget to enable it when you configured PHP?]]
26.02.17 19:24:56 sendEvent [8.19] [resp] [admin] [endTest] [] [exception: stream_socket_client failed, errstr: Unable to find the socket transport "unix" - did you forget to enable it when you configured PHP?]
26.02.17 19:24:56 sendStatusDoc [warn] [sendEvent [8.19] [resp] [admin] [endTest] [] [exception: stream_socket_client failed, errstr: Unable to find the socket transport "unix" - did you forget to enable it when you configured PHP?]]
26.02.17 19:25:53 sendEvent [8.19] [resp] [admin] [endTest] [] [exception: stream_socket_client failed, errstr: Unable to find the socket transport "unix" - did you forget to enable it when you configured PHP?]
26.02.17 19:25:53 sendStatusDoc [warn] [sendEvent [8.19] [resp] [admin] [endTest] [] [exception: stream_socket_client failed, errstr: Unable to find the socket transport "unix" - did you forget to enable it when you configured PHP?]]
26.02.17 19:26:49 sendEvent [8.19] [resp] [admin] [endTest] [] [exception: stream_socket_client failed, errstr: Unable to find the socket transport "unix" - did you forget to enable it when you configured PHP?]
26.02.17 19:26:49 sendStatusDoc [warn] [sendEvent [8.19] [resp] [admin] [endTest] [] [exception: stream_socket_client failed, errstr: Unable to find the socket transport "unix" - did you forget to enable it when you configured PHP?]]
26.02.17 19:27:37 sendEvent [8.19] [resp] [admin] [endTrials] [24m1,tspt] [exception: stream_socket_client failed, errstr: Unable to find the socket transport "unix" - did you forget to enable it when you configured PHP?]
26.02.17 19:27:37 sendStatusDoc [warn] [sendEvent [8.19] [resp] [admin] [endTrials] [24m1,tspt] [exception: stream_socket_client failed, errstr: Unable to find the socket transport "unix" - did you forget to enable it when you configured PHP?]]
26.02.17 19:27:37 sendEvent [8.19] [resp] [admin] [endTrials] [24m1,tspt] [exception: stream_socket_client failed, errstr: Unable to find the socket transport "unix" - did you forget to enable it when you configured PHP?]
26.02.17 19:27:37 sendStatusDoc [warn] [sendEvent [8.19] [resp] [admin] [endTrials] [24m1,tspt] [exception: stream_socket_client failed, errstr: Unable to find the socket transport "unix" - did you forget to enable it when you configured PHP?]]
26.02.17 19:27:37 sendEvent [8.19] [resp] [admin] [endTrials] [24m1,tspt] [exception: stream_socket_client failed, errstr: Unable to find the socket transport "unix" - did you forget to enable it when you configured PHP?]
26.02.17 19:27:37 sendStatusDoc [warn] [sendEvent [8.19] [resp] [admin] [endTrials] [24m1,tspt] [exception: stream_socket_client failed, errstr: Unable to find the socket transport "unix" - did you forget to enable it when you configured PHP?]]
26.02.17 19:27:38 sendEvent [8.19] [resp] [admin] [endTrials] [24m1,tspt] [exception: stream_socket_client failed, errstr: Unable to find the socket transport "unix" - did you forget to enable it when you configured PHP?]
26.02.17 19:27:38 sendStatusDoc [warn] [sendEvent [8.19] [resp] [admin] [endTrials] [24m1,tspt] [exception: stream_socket_client failed, errstr: Unable to find the socket transport "unix" - did you forget to enable it when you configured PHP?]]
26.02.17 19:27:38 sendEvent [8.19] [resp] [admin] [endTrials] [24m1,tspt] [exception: stream_socket_client failed, errstr: Unable to find the socket transport "unix" - did you forget to enable it when you configured PHP?]
26.02.17 19:27:38 sendStatusDoc [warn] [sendEvent [8.19] [resp] [admin] [endTrials] [24m1,tspt] [exception: stream_socket_client failed, errstr: Unable to find the socket transport "unix" - did you forget to enable it when you configured PHP?]]
26.02.17 19:27:38 sendEvent [8.19] [resp] [admin] [endTrials] [24m1,tspt] [exception: stream_socket_client failed, errstr: Unable to find the socket transport "unix" - did you forget to enable it when you configured PHP?]
26.02.17 19:27:38 sendStatusDoc [warn] [sendEvent [8.19] [resp] [admin] [endTrials] [24m1,tspt] [exception: stream_socket_client failed, errstr: Unable to find the socket transport "unix" - did you forget to enable it when you configured PHP?]]
26.02.17 19:27:39 sendEvent [8.19] [resp] [admin] [endTrials] [24m1,tspt] [exception: stream_socket_client failed, errstr: Unable to find the socket transport "unix" - did you forget to enable it when you configured PHP?]
26.02.17 19:27:39 sendStatusDoc [warn] [sendEvent [8.19] [resp] [admin] [endTrials] [24m1,tspt] [exception: stream_socket_client failed, errstr: Unable to find the socket transport "unix" - did you forget to enable it when you configured PHP?]]
26.02.17 19:27:41 sendEvent [8.19] [resp] [admin] [endTrials] [24m1,tspt] [exception: stream_socket_client failed, errstr: Unable to find the socket transport "unix" - did you forget to enable it when you configured PHP?]
26.02.17 19:27:41 sendStatusDoc [warn] [sendEvent [8.19] [resp] [admin] [endTrials] [24m1,tspt] [exception: stream_socket_client failed, errstr: Unable to find the socket transport "unix" - did you forget to enable it when you configured PHP?]]
26.02.17 19:29:55 sendEvent [8.19] [resp] [admin] [endTrials] [24m1,tspt] [exception: stream_socket_client failed, errstr: Unable to find the socket transport "unix" - did you forget to enable it when you configured PHP?]
26.02.17 19:29:55 sendStatusDoc [warn] [sendEvent [8.19] [resp] [admin] [endTrials] [24m1,tspt] [exception: stream_socket_client failed, errstr: Unable to find the socket transport "unix" - did you forget to enable it when you configured PHP?]]
26.02.17 19:29:55 sendEvent [8.19] [resp] [admin] [endTrials] [24m1,tspt] [exception: stream_socket_client failed, errstr: Unable to find the socket transport "unix" - did you forget to enable it when you configured PHP?]
26.02.17 19:29:55 sendStatusDoc [warn] [sendEvent [8.19] [resp] [admin] [endTrials] [24m1,tspt] [exception: stream_socket_client failed, errstr: Unable to find the socket transport "unix" - did you forget to enable it when you configured PHP?]]
26.02.17 19:29:56 sendEvent [8.19] [resp] [admin] [endTrials] [24m1,tspt] [exception: stream_socket_client failed, errstr: Unable to find the socket transport "unix" - did you forget to enable it when you configured PHP?]
26.02.17 19:29:56 sendStatusDoc [warn] [sendEvent [8.19] [resp] [admin] [endTrials] [24m1,tspt] [exception: stream_socket_client failed, errstr: Unable to find the socket transport "unix" - did you forget to enable it when you configured PHP?]]
26.02.17 19:29:57 sendEvent [8.19] [resp] [admin] [endTrials] [24m1,tspt] [exception: stream_socket_client failed, errstr: Unable to find the socket transport "unix" - did you forget to enable it when you configured PHP?]
26.02.17 19:29:57 sendStatusDoc [warn] [sendEvent [8.19] [resp] [admin] [endTrials] [24m1,tspt] [exception: stream_socket_client failed, errstr: Unable to find the socket transport "unix" - did you forget to enable it when you configured PHP?]]
26.02.17 19:50:07 sendEvent [8.19] [resp] [admin] [endTrials] [9m,ctr1] [exception: stream_socket_client failed, errstr: Unable to find the socket transport "unix" - did you forget to enable it when you configured PHP?]
26.02.17 19:50:07 sendStatusDoc [warn] [sendEvent [8.19] [resp] [admin] [endTrials] [9m,ctr1] [exception: stream_socket_client failed, errstr: Unable to find the socket transport "unix" - did you forget to enable it when you configured PHP?]]
26.02.17 19:50:07 sendEvent [8.19] [resp] [admin] [endTrials] [9m,ctr1] [exception: stream_socket_client failed, errstr: Unable to find the socket transport "unix" - did you forget to enable it when you configured PHP?]
26.02.17 19:50:07 sendStatusDoc [warn] [sendEvent [8.19] [resp] [admin] [endTrials] [9m,ctr1] [exception: stream_socket_client failed, errstr: Unable to find the socket transport "unix" - did you forget to enable it when you configured PHP?]]
26.02.17 20:05:56 sendEvent [8.19] [resp] [admin] [startMultiTrials] [phb,app,trial,0,1,2,1,1,admin,Santiago_Morales] [exception: stream_socket_client failed, errstr: Unable to find the socket transport "unix" - did you forget to enable it when you configured PHP?]
26.02.17 20:05:56 sendStatusDoc [warn] [sendEvent [8.19] [resp] [admin] [startMultiTrials] [phb,app,trial,0,1,2,1,1,admin,Santiago_Morales] [exception: stream_socket_client failed, errstr: Unable to find the socket transport "unix" - did you forget to enable it when you configured PHP?]]
26.02.17 20:06:21 sendEvent [8.19] [resp] [admin] [startMultiTrials] [phb,rst,trial,0,1,2,1,1,admin,Santiago_Morales] [exception: stream_socket_client failed, errstr: Unable to find the socket transport "unix" - did you forget to enable it when you configured PHP?]
26.02.17 20:06:21 sendStatusDoc [warn] [sendEvent [8.19] [resp] [admin] [startMultiTrials] [phb,rst,trial,0,1,2,1,1,admin,Santiago_Morales] [exception: stream_socket_client failed, errstr: Unable to find the socket transport "unix" - did you forget to enable it when you configured PHP?]]
26.02.17 20:06:40 sendEvent [8.19] [resp] [admin] [touchGame] [] [exception: stream_socket_client failed, errstr: Unable to find the socket transport "unix" - did you forget to enable it when you configured PHP?]
26.02.17 20:06:40 sendStatusDoc [warn] [sendEvent [8.19] [resp] [admin] [touchGame] [] [exception: stream_socket_client failed, errstr: Unable to find the socket transport "unix" - did you forget to enable it when you configured PHP?]]
26.02.17 20:06:42 sendEvent [8.19] [resp] [admin] [touchGame] [] [exception: stream_socket_client failed, errstr: Unable to find the socket transport "unix" - did you forget to enable it when you configured PHP?]
26.02.17 20:06:42 sendStatusDoc [warn] [sendEvent [8.19] [resp] [admin] [touchGame] [] [exception: stream_socket_client failed, errstr: Unable to find the socket transport "unix" - did you forget to enable it when you configured PHP?]]
26.02.17 20:31:58 sendEvent [8.19] [resp] [admin] [setReadyMessage] [,,dot,msg_adtReady,,9m] [exception: stream_socket_client failed, errstr: Unable to find the socket transport "unix" - did you forget to enable it when you configured PHP?]
26.02.17 20:31:58 sendStatusDoc [warn] [sendEvent [8.19] [resp] [admin] [setReadyMessage] [,,dot,msg_adtReady,,9m] [exception: stream_socket_client failed, errstr: Unable to find the socket transport "unix" - did you forget to enable it when you configured PHP?]]
26.02.17 20:31:58 sendEvent [8.19] [resp] [admin] [startMultiTrials] [9m,tptt,demo,0,1,2,1,1,admin,Santiago_Morales] [exception: stream_socket_client failed, errstr: Unable to find the socket transport "unix" - did you forget to enable it when you configured PHP?]
26.02.17 20:31:58 sendStatusDoc [warn] [sendEvent [8.19] [resp] [admin] [startMultiTrials] [9m,tptt,demo,0,1,2,1,1,admin,Santiago_Morales] [exception: stream_socket_client failed, errstr: Unable to find the socket transport "unix" - did you forget to enable it when you configured PHP?]]
26.02.17 20:32:12 sendEvent [8.19] [cntr] [admin] [trialResult] [admin,1,2,9m,1,1771360331065,1771360331067,tpt,demo,1,,1,1317,1317,1317,top,elephant,0,0,0,0,0] [exception: stream_socket_client failed, errstr: Unable to find the socket transport "unix" - did you forget to enable it when you configured PHP?]
26.02.17 20:32:12 sendStatusDoc [warn] [sendEvent [8.19] [cntr] [admin] [trialResult] [admin,1,2,9m,1,1771360331065,1771360331067,tpt,demo,1,,1,1317,1317,1317,top,elephant,0,0,0,0,0] [exception: stream_socket_client failed, errstr: Unable to find the socket transport "unix" - did you forget to enable it when you configured PHP?]]
26.02.17 20:32:17 sendEvent [8.19] [cntr] [admin] [trialEnded] [] [exception: stream_socket_client failed, errstr: Unable to find the socket transport "unix" - did you forget to enable it when you configured PHP?]
26.02.17 20:32:17 sendStatusDoc [warn] [sendEvent [8.19] [cntr] [admin] [trialEnded] [] [exception: stream_socket_client failed, errstr: Unable to find the socket transport "unix" - did you forget to enable it when you configured PHP?]]
26.02.17 20:33:02 sendEvent [8.19] [resp] [admin] [setReadyMessage] [,,dot,msg_adtReady,,9m] [exception: stream_socket_client failed, errstr: Unable to find the socket transport "unix" - did you forget to enable it when you configured PHP?]
26.02.17 20:33:02 sendStatusDoc [warn] [sendEvent [8.19] [resp] [admin] [setReadyMessage] [,,dot,msg_adtReady,,9m] [exception: stream_socket_client failed, errstr: Unable to find the socket transport "unix" - did you forget to enable it when you configured PHP?]]
26.02.17 20:33:02 sendEvent [8.19] [resp] [admin] [startMultiTrials] [9m,tptt,trial,0,1,2,1,1,admin,Santiago_Morales] [exception: stream_socket_client failed, errstr: Unable to find the socket transport "unix" - did you forget to enable it when you configured PHP?]
26.02.17 20:33:02 sendStatusDoc [warn] [sendEvent [8.19] [resp] [admin] [startMultiTrials] [9m,tptt,trial,0,1,2,1,1,admin,Santiago_Morales] [exception: stream_socket_client failed, errstr: Unable to find the socket transport "unix" - did you forget to enable it when you configured PHP?]]
26.02.17 20:33:18 sendEvent [8.19] [resp] [admin] [cancelTrial] [] [exception: stream_socket_client failed, errstr: Unable to find the socket transport "unix" - did you forget to enable it when you configured PHP?]
26.02.17 20:33:18 sendStatusDoc [warn] [sendEvent [8.19] [resp] [admin] [cancelTrial] [] [exception: stream_socket_client failed, errstr: Unable to find the socket transport "unix" - did you forget to enable it when you configured PHP?]]
26.02.17 20:33:18 sendEvent [8.19] [resp] [admin] [cancelTrial] [] [exception: stream_socket_client failed, errstr: Unable to find the socket transport "unix" - did you forget to enable it when you configured PHP?]
26.02.17 20:33:18 sendStatusDoc [warn] [sendEvent [8.19] [resp] [admin] [cancelTrial] [] [exception: stream_socket_client failed, errstr: Unable to find the socket transport "unix" - did you forget to enable it when you configured PHP?]]
26.02.17 20:33:19 sendEvent [8.19] [cntr] [admin] [trialCancelled] [] [exception: stream_socket_client failed, errstr: Unable to find the socket transport "unix" - did you forget to enable it when you configured PHP?]
26.02.17 20:33:19 sendStatusDoc [warn] [sendEvent [8.19] [cntr] [admin] [trialCancelled] [] [exception: stream_socket_client failed, errstr: Unable to find the socket transport "unix" - did you forget to enable it when you configured PHP?]]
26.02.17 20:33:19 sendEvent [8.19] [cntr] [admin] [trialCancelled] [] [exception: stream_socket_client failed, errstr: Unable to find the socket transport "unix" - did you forget to enable it when you configured PHP?]
26.02.17 20:33:19 sendStatusDoc [warn] [sendEvent [8.19] [cntr] [admin] [trialCancelled] [] [exception: stream_socket_client failed, errstr: Unable to find the socket transport "unix" - did you forget to enable it when you configured PHP?]]
26.02.17 20:33:20 sendEvent [8.19] [resp] [admin] [cancelTrial] [] [exception: stream_socket_client failed, errstr: Unable to find the socket transport "unix" - did you forget to enable it when you configured PHP?]
26.02.17 20:33:20 sendStatusDoc [warn] [sendEvent [8.19] [resp] [admin] [cancelTrial] [] [exception: stream_socket_client failed, errstr: Unable to find the socket transport "unix" - did you forget to enable it when you configured PHP?]]
26.02.17 20:33:22 sendEvent [8.19] [resp] [admin] [setReadyMessage] [,,dot,msg_adtReady,,9m] [exception: stream_socket_client failed, errstr: Unable to find the socket transport "unix" - did you forget to enable it when you configured PHP?]
26.02.17 20:33:22 sendStatusDoc [warn] [sendEvent [8.19] [resp] [admin] [setReadyMessage] [,,dot,msg_adtReady,,9m] [exception: stream_socket_client failed, errstr: Unable to find the socket transport "unix" - did you forget to enable it when you configured PHP?]]
26.02.17 20:33:22 sendEvent [8.19] [resp] [admin] [startMultiTrials] [9m,tptt,trial,0,1,2,1,3,admin,Santiago_Morales] [exception: stream_socket_client failed, errstr: Unable to find the socket transport "unix" - did you forget to enable it when you configured PHP?]
26.02.17 20:33:22 sendStatusDoc [warn] [sendEvent [8.19] [resp] [admin] [startMultiTrials] [9m,tptt,trial,0,1,2,1,3,admin,Santiago_Morales] [exception: stream_socket_client failed, errstr: Unable to find the socket transport "unix" - did you forget to enable it when you configured PHP?]]
26.02.17 20:33:23 sendEvent [8.19] [resp] [admin] [cancelTrial] [] [exception: stream_socket_client failed, errstr: Unable to find the socket transport "unix" - did you forget to enable it when you configured PHP?]
26.02.17 20:33:23 sendStatusDoc [warn] [sendEvent [8.19] [resp] [admin] [cancelTrial] [] [exception: stream_socket_client failed, errstr: Unable to find the socket transport "unix" - did you forget to enable it when you configured PHP?]]
26.02.17 20:33:24 sendEvent [8.19] [resp] [admin] [cancelTrial] [] [exception: stream_socket_client failed, errstr: Unable to find the socket transport "unix" - did you forget to enable it when you configured PHP?]
26.02.17 20:33:24 sendStatusDoc [warn] [sendEvent [8.19] [resp] [admin] [cancelTrial] [] [exception: stream_socket_client failed, errstr: Unable to find the socket transport "unix" - did you forget to enable it when you configured PHP?]]
26.02.17 20:33:25 sendEvent [8.19] [resp] [admin] [endTrials] [9m,tspt] [exception: stream_socket_client failed, errstr: Unable to find the socket transport "unix" - did you forget to enable it when you configured PHP?]
26.02.17 20:33:25 sendStatusDoc [warn] [sendEvent [8.19] [resp] [admin] [endTrials] [9m,tspt] [exception: stream_socket_client failed, errstr: Unable to find the socket transport "unix" - did you forget to enable it when you configured PHP?]]
26.02.17 20:33:25 sendEvent [8.19] [resp] [admin] [endTrials] [9m,tspt] [exception: stream_socket_client failed, errstr: Unable to find the socket transport "unix" - did you forget to enable it when you configured PHP?]
26.02.17 20:33:25 sendStatusDoc [warn] [sendEvent [8.19] [resp] [admin] [endTrials] [9m,tspt] [exception: stream_socket_client failed, errstr: Unable to find the socket transport "unix" - did you forget to enable it when you configured PHP?]]
26.02.17 20:33:55 sendEvent [8.19] [resp] [admin] [setReadyMessage] [,,dot,msg_adtReady,,9m] [exception: stream_socket_client failed, errstr: Unable to find the socket transport "unix" - did you forget to enable it when you configured PHP?]
26.02.17 20:33:55 sendStatusDoc [warn] [sendEvent [8.19] [resp] [admin] [setReadyMessage] [,,dot,msg_adtReady,,9m] [exception: stream_socket_client failed, errstr: Unable to find the socket transport "unix" - did you forget to enable it when you configured PHP?]]
26.02.17 20:33:55 sendEvent [8.19] [resp] [admin] [startMultiTrials] [9m,tptt,trial,0,1,2,1,1,admin,Santiago_Morales] [exception: stream_socket_client failed, errstr: Unable to find the socket transport "unix" - did you forget to enable it when you configured PHP?]
26.02.17 20:33:55 sendStatusDoc [warn] [sendEvent [8.19] [resp] [admin] [startMultiTrials] [9m,tptt,trial,0,1,2,1,1,admin,Santiago_Morales] [exception: stream_socket_client failed, errstr: Unable to find the socket transport "unix" - did you forget to enable it when you configured PHP?]]
26.02.17 20:34:10 sendEvent [8.19] [resp] [admin] [cancelTrial] [] [exception: stream_socket_client failed, errstr: Unable to find the socket transport "unix" - did you forget to enable it when you configured PHP?]
26.02.17 20:34:10 sendStatusDoc [warn] [sendEvent [8.19] [resp] [admin] [cancelTrial] [] [exception: stream_socket_client failed, errstr: Unable to find the socket transport "unix" - did you forget to enable it when you configured PHP?]]
26.02.17 20:34:10 sendEvent [8.19] [cntr] [admin] [trialCancelled] [] [exception: stream_socket_client failed, errstr: Unable to find the socket transport "unix" - did you forget to enable it when you configured PHP?]
26.02.17 20:34:10 sendStatusDoc [warn] [sendEvent [8.19] [cntr] [admin] [trialCancelled] [] [exception: stream_socket_client failed, errstr: Unable to find the socket transport "unix" - did you forget to enable it when you configured PHP?]]
26.02.17 20:34:10 sendEvent [8.19] [resp] [admin] [setReadyMessage] [,,dot,msg_adtReady,,9m] [exception: stream_socket_client failed, errstr: Unable to find the socket transport "unix" - did you forget to enable it when you configured PHP?]
26.02.17 20:34:10 sendStatusDoc [warn] [sendEvent [8.19] [resp] [admin] [setReadyMessage] [,,dot,msg_adtReady,,9m] [exception: stream_socket_client failed, errstr: Unable to find the socket transport "unix" - did you forget to enable it when you configured PHP?]]
26.02.17 20:34:10 sendEvent [8.19] [resp] [admin] [startMultiTrials] [9m,tptt,trial,0,1,2,1,1,admin,Santiago_Morales] [exception: stream_socket_client failed, errstr: Unable to find the socket transport "unix" - did you forget to enable it when you configured PHP?]
26.02.17 20:34:10 sendStatusDoc [warn] [sendEvent [8.19] [resp] [admin] [startMultiTrials] [9m,tptt,trial,0,1,2,1,1,admin,Santiago_Morales] [exception: stream_socket_client failed, errstr: Unable to find the socket transport "unix" - did you forget to enable it when you configured PHP?]]
26.02.17 20:34:37 sendEvent [8.19] [resp] [admin] [setReadyMessage] [,,dot,msg_adtReady,,9m] [exception: stream_socket_client failed, errstr: Unable to find the socket transport "unix" - did you forget to enable it when you configured PHP?]
26.02.17 20:34:37 sendStatusDoc [warn] [sendEvent [8.19] [resp] [admin] [setReadyMessage] [,,dot,msg_adtReady,,9m] [exception: stream_socket_client failed, errstr: Unable to find the socket transport "unix" - did you forget to enable it when you configured PHP?]]
26.02.17 20:34:37 sendEvent [8.19] [resp] [admin] [startMultiTrials] [9m,tptt,trial,0,1,2,1,1,admin,Santiago_Morales] [exception: stream_socket_client failed, errstr: Unable to find the socket transport "unix" - did you forget to enable it when you configured PHP?]
26.02.17 20:34:37 sendStatusDoc [warn] [sendEvent [8.19] [resp] [admin] [startMultiTrials] [9m,tptt,trial,0,1,2,1,1,admin,Santiago_Morales] [exception: stream_socket_client failed, errstr: Unable to find the socket transport "unix" - did you forget to enable it when you configured PHP?]]
26.02.17 20:34:50 sendEvent [8.19] [cntr] [admin] [trialResult] [admin,1,2,9m,1,1771360489225,1771360489225,tpt,trial,1,,1,823,823,823,top,elephant,0,0,0,0,0] [exception: stream_socket_client failed, errstr: Unable to find the socket transport "unix" - did you forget to enable it when you configured PHP?]
26.02.17 20:34:50 sendStatusDoc [warn] [sendEvent [8.19] [cntr] [admin] [trialResult] [admin,1,2,9m,1,1771360489225,1771360489225,tpt,trial,1,,1,823,823,823,top,elephant,0,0,0,0,0] [exception: stream_socket_client failed, errstr: Unable to find the socket transport "unix" - did you forget to enable it when you configured PHP?]]
26.02.17 20:34:55 sendEvent [8.19] [cntr] [admin] [trialEnded] [] [exception: stream_socket_client failed, errstr: Unable to find the socket transport "unix" - did you forget to enable it when you configured PHP?]
26.02.17 20:34:55 sendStatusDoc [warn] [sendEvent [8.19] [cntr] [admin] [trialEnded] [] [exception: stream_socket_client failed, errstr: Unable to find the socket transport "unix" - did you forget to enable it when you configured PHP?]]
26.02.17 20:35:00 sendEvent [8.19] [resp] [admin] [setReadyMessage] [,,dot,msg_adtReady,,9m] [exception: stream_socket_client failed, errstr: Unable to find the socket transport "unix" - did you forget to enable it when you configured PHP?]
26.02.17 20:35:00 sendStatusDoc [warn] [sendEvent [8.19] [resp] [admin] [setReadyMessage] [,,dot,msg_adtReady,,9m] [exception: stream_socket_client failed, errstr: Unable to find the socket transport "unix" - did you forget to enable it when you configured PHP?]]
26.02.17 20:35:00 sendEvent [8.19] [resp] [admin] [startMultiTrials] [9m,tptt,trial,1,1,2,1,3,admin,Santiago_Morales] [exception: stream_socket_client failed, errstr: Unable to find the socket transport "unix" - did you forget to enable it when you configured PHP?]
26.02.17 20:35:00 sendStatusDoc [warn] [sendEvent [8.19] [resp] [admin] [startMultiTrials] [9m,tptt,trial,1,1,2,1,3,admin,Santiago_Morales] [exception: stream_socket_client failed, errstr: Unable to find the socket transport "unix" - did you forget to enable it when you configured PHP?]]
26.02.17 20:35:50 sendEvent [8.19] [resp] [admin] [setReadyMessage] [,,dot,msg_adtReady,,9m] [exception: stream_socket_client failed, errstr: Unable to find the socket transport "unix" - did you forget to enable it when you configured PHP?]
26.02.17 20:35:50 sendStatusDoc [warn] [sendEvent [8.19] [resp] [admin] [setReadyMessage] [,,dot,msg_adtReady,,9m] [exception: stream_socket_client failed, errstr: Unable to find the socket transport "unix" - did you forget to enable it when you configured PHP?]]
26.02.17 20:35:50 sendEvent [8.19] [resp] [admin] [startMultiTrials] [9m,tptb,demo,0,1,2,1,1,admin,Santiago_Morales] [exception: stream_socket_client failed, errstr: Unable to find the socket transport "unix" - did you forget to enable it when you configured PHP?]
26.02.17 20:35:50 sendStatusDoc [warn] [sendEvent [8.19] [resp] [admin] [startMultiTrials] [9m,tptb,demo,0,1,2,1,1,admin,Santiago_Morales] [exception: stream_socket_client failed, errstr: Unable to find the socket transport "unix" - did you forget to enable it when you configured PHP?]]
26.02.17 20:36:04 sendEvent [8.19] [cntr] [admin] [trialResult] [admin,1,2,9m,1,1771360561217,1771360561218,tpt,demo,1,,1,2566,2566,2566,btm,flower,0,0,0,0,0] [exception: stream_socket_client failed, errstr: Unable to find the socket transport "unix" - did you forget to enable it when you configured PHP?]
26.02.17 20:36:04 sendStatusDoc [warn] [sendEvent [8.19] [cntr] [admin] [trialResult] [admin,1,2,9m,1,1771360561217,1771360561218,tpt,demo,1,,1,2566,2566,2566,btm,flower,0,0,0,0,0] [exception: stream_socket_client failed, errstr: Unable to find the socket transport "unix" - did you forget to enable it when you configured PHP?]]
26.02.17 20:36:08 sendEvent [8.19] [cntr] [admin] [trialEnded] [] [exception: stream_socket_client failed, errstr: Unable to find the socket transport "unix" - did you forget to enable it when you configured PHP?]
26.02.17 20:36:08 sendStatusDoc [warn] [sendEvent [8.19] [cntr] [admin] [trialEnded] [] [exception: stream_socket_client failed, errstr: Unable to find the socket transport "unix" - did you forget to enable it when you configured PHP?]]
26.02.17 20:36:52 sendEvent [8.19] [resp] [admin] [setReadyMessage] [,,dot,msg_adtReady,,9m] [exception: stream_socket_client failed, errstr: Unable to find the socket transport "unix" - did you forget to enable it when you configured PHP?]
26.02.17 20:36:52 sendStatusDoc [warn] [sendEvent [8.19] [resp] [admin] [setReadyMessage] [,,dot,msg_adtReady,,9m] [exception: stream_socket_client failed, errstr: Unable to find the socket transport "unix" - did you forget to enable it when you configured PHP?]]
26.02.17 20:36:52 sendEvent [8.19] [resp] [admin] [startMultiTrials] [9m,tptb,trial,0,1,2,1,1,admin,Santiago_Morales] [exception: stream_socket_client failed, errstr: Unable to find the socket transport "unix" - did you forget to enable it when you configured PHP?]
26.02.17 20:36:52 sendStatusDoc [warn] [sendEvent [8.19] [resp] [admin] [startMultiTrials] [9m,tptb,trial,0,1,2,1,1,admin,Santiago_Morales] [exception: stream_socket_client failed, errstr: Unable to find the socket transport "unix" - did you forget to enable it when you configured PHP?]]
26.02.17 20:37:15 sendEvent [8.19] [resp] [admin] [setReadyMessage] [,,dot,msg_adtReady,,9m] [exception: stream_socket_client failed, errstr: Unable to find the socket transport "unix" - did you forget to enable it when you configured PHP?]
26.02.17 20:37:15 sendStatusDoc [warn] [sendEvent [8.19] [resp] [admin] [setReadyMessage] [,,dot,msg_adtReady,,9m] [exception: stream_socket_client failed, errstr: Unable to find the socket transport "unix" - did you forget to enable it when you configured PHP?]]
26.02.17 20:37:15 sendEvent [8.19] [resp] [admin] [startMultiTrials] [9m,tptb,trial,0,1,2,1,1,admin,Santiago_Morales] [exception: stream_socket_client failed, errstr: Unable to find the socket transport "unix" - did you forget to enable it when you configured PHP?]
26.02.17 20:37:15 sendStatusDoc [warn] [sendEvent [8.19] [resp] [admin] [startMultiTrials] [9m,tptb,trial,0,1,2,1,1,admin,Santiago_Morales] [exception: stream_socket_client failed, errstr: Unable to find the socket transport "unix" - did you forget to enable it when you configured PHP?]]
26.02.17 20:37:26 sendEvent [8.19] [cntr] [admin] [trialResult] [admin,1,2,9m,1,1771360645951,1771360645952,tpt,trial,1,,1,880,880,880,btm,flower,0,0,0,0,0] [exception: stream_socket_client failed, errstr: Unable to find the socket transport "unix" - did you forget to enable it when you configured PHP?]
26.02.17 20:37:26 sendStatusDoc [warn] [sendEvent [8.19] [cntr] [admin] [trialResult] [admin,1,2,9m,1,1771360645951,1771360645952,tpt,trial,1,,1,880,880,880,btm,flower,0,0,0,0,0] [exception: stream_socket_client failed, errstr: Unable to find the socket transport "unix" - did you forget to enable it when you configured PHP?]]
26.02.17 20:37:32 sendEvent [8.19] [cntr] [admin] [trialEnded] [] [exception: stream_socket_client failed, errstr: Unable to find the socket transport "unix" - did you forget to enable it when you configured PHP?]
26.02.17 20:37:32 sendStatusDoc [warn] [sendEvent [8.19] [cntr] [admin] [trialEnded] [] [exception: stream_socket_client failed, errstr: Unable to find the socket transport "unix" - did you forget to enable it when you configured PHP?]]
26.02.17 20:51:59 sendEvent [8.19] [resp] [admin] [endTrials] [9m,tspt] [exception: stream_socket_client failed, errstr: Unable to find the socket transport "unix" - did you forget to enable it when you configured PHP?]
26.02.17 20:51:59 sendStatusDoc [warn] [sendEvent [8.19] [resp] [admin] [endTrials] [9m,tspt] [exception: stream_socket_client failed, errstr: Unable to find the socket transport "unix" - did you forget to enable it when you configured PHP?]]
26.02.17 20:51:59 sendEvent [8.19] [resp] [admin] [endTrials] [9m,tspt] [exception: stream_socket_client failed, errstr: Unable to find the socket transport "unix" - did you forget to enable it when you configured PHP?]
26.02.17 20:51:59 sendStatusDoc [warn] [sendEvent [8.19] [resp] [admin] [endTrials] [9m,tspt] [exception: stream_socket_client failed, errstr: Unable to find the socket transport "unix" - did you forget to enable it when you configured PHP?]]
26.02.17 20:52:00 sendEvent [8.19] [cntr] [admin] [trialsEnded] [] [exception: stream_socket_client failed, errstr: Unable to find the socket transport "unix" - did you forget to enable it when you configured PHP?]
26.02.17 20:52:00 sendStatusDoc [warn] [sendEvent [8.19] [cntr] [admin] [trialsEnded] [] [exception: stream_socket_client failed, errstr: Unable to find the socket transport "unix" - did you forget to enable it when you configured PHP?]]
26.02.17 20:52:00 sendEvent [8.19] [cntr] [admin] [trialsEnded] [] [exception: stream_socket_client failed, errstr: Unable to find the socket transport "unix" - did you forget to enable it when you configured PHP?]
26.02.17 20:52:00 sendStatusDoc [warn] [sendEvent [8.19] [cntr] [admin] [trialsEnded] [] [exception: stream_socket_client failed, errstr: Unable to find the socket transport "unix" - did you forget to enable it when you configured PHP?]]
26.02.17 20:52:05 sendEvent [8.19] [resp] [admin] [setReadyMessage] [,,dot,msg_adtReady,,9m] [exception: stream_socket_client failed, errstr: Unable to find the socket transport "unix" - did you forget to enable it when you configured PHP?]
26.02.17 20:52:05 sendStatusDoc [warn] [sendEvent [8.19] [resp] [admin] [setReadyMessage] [,,dot,msg_adtReady,,9m] [exception: stream_socket_client failed, errstr: Unable to find the socket transport "unix" - did you forget to enable it when you configured PHP?]]
26.02.17 20:52:05 sendEvent [8.19] [resp] [admin] [startMultiTrials] [9m,tpbt,demo,0,1,2,1,1,admin,Santiago_Morales] [exception: stream_socket_client failed, errstr: Unable to find the socket transport "unix" - did you forget to enable it when you configured PHP?]
26.02.17 20:52:05 sendStatusDoc [warn] [sendEvent [8.19] [resp] [admin] [startMultiTrials] [9m,tpbt,demo,0,1,2,1,1,admin,Santiago_Morales] [exception: stream_socket_client failed, errstr: Unable to find the socket transport "unix" - did you forget to enable it when you configured PHP?]]
26.02.17 20:52:51 sendEvent [8.19] [resp] [admin] [setReadyMessage] [,,dot,msg_adtReady,,9m] [exception: stream_socket_client failed, errstr: Unable to find the socket transport "unix" - did you forget to enable it when you configured PHP?]
26.02.17 20:52:51 sendStatusDoc [warn] [sendEvent [8.19] [resp] [admin] [setReadyMessage] [,,dot,msg_adtReady,,9m] [exception: stream_socket_client failed, errstr: Unable to find the socket transport "unix" - did you forget to enable it when you configured PHP?]]
26.02.17 20:52:52 sendEvent [8.19] [resp] [admin] [startMultiTrials] [9m,tpbt,demo,0,1,2,1,1,admin,Santiago_Morales] [exception: stream_socket_client failed, errstr: Unable to find the socket transport "unix" - did you forget to enable it when you configured PHP?]
26.02.17 20:52:52 sendStatusDoc [warn] [sendEvent [8.19] [resp] [admin] [startMultiTrials] [9m,tpbt,demo,0,1,2,1,1,admin,Santiago_Morales] [exception: stream_socket_client failed, errstr: Unable to find the socket transport "unix" - did you forget to enable it when you configured PHP?]]
26.02.17 20:52:55 sendEvent [8.19] [cntr] [admin] [trialResult] [admin,1,2,9m,1,1771361574799,1771361574801,tpb,demo,1,,1,807,807,807,top,bus,0,0,0,0,0] [exception: stream_socket_client failed, errstr: Unable to find the socket transport "unix" - did you forget to enable it when you configured PHP?]
26.02.17 20:52:55 sendStatusDoc [warn] [sendEvent [8.19] [cntr] [admin] [trialResult] [admin,1,2,9m,1,1771361574799,1771361574801,tpb,demo,1,,1,807,807,807,top,bus,0,0,0,0,0] [exception: stream_socket_client failed, errstr: Unable to find the socket transport "unix" - did you forget to enable it when you configured PHP?]]
26.02.17 20:53:01 sendEvent [8.19] [cntr] [admin] [trialEnded] [] [exception: stream_socket_client failed, errstr: Unable to find the socket transport "unix" - did you forget to enable it when you configured PHP?]
26.02.17 20:53:01 sendStatusDoc [warn] [sendEvent [8.19] [cntr] [admin] [trialEnded] [] [exception: stream_socket_client failed, errstr: Unable to find the socket transport "unix" - did you forget to enable it when you configured PHP?]]
26.02.17 20:57:06 sendEvent [8.19] [resp] [admin] [setReadyMessage] [,,dot,msg_adtReady,,9m] [exception: stream_socket_client failed, errstr: Unable to find the socket transport "unix" - did you forget to enable it when you configured PHP?]
26.02.17 20:57:06 sendStatusDoc [warn] [sendEvent [8.19] [resp] [admin] [setReadyMessage] [,,dot,msg_adtReady,,9m] [exception: stream_socket_client failed, errstr: Unable to find the socket transport "unix" - did you forget to enable it when you configured PHP?]]
26.02.17 20:57:06 sendEvent [8.19] [resp] [admin] [startMultiTrials] [9m,tpbt,trial,0,1,2,1,1,admin,Santiago_Morales] [exception: stream_socket_client failed, errstr: Unable to find the socket transport "unix" - did you forget to enable it when you configured PHP?]
26.02.17 20:57:06 sendStatusDoc [warn] [sendEvent [8.19] [resp] [admin] [startMultiTrials] [9m,tpbt,trial,0,1,2,1,1,admin,Santiago_Morales] [exception: stream_socket_client failed, errstr: Unable to find the socket transport "unix" - did you forget to enable it when you configured PHP?]]
26.02.17 20:57:17 sendEvent [8.19] [cntr] [admin] [trialResult] [admin,1,2,9m,1,1771361837001,1771361837003,tpb,trial,1,,1,653,653,653,top,bus,0,0,0,0,0] [exception: stream_socket_client failed, errstr: Unable to find the socket transport "unix" - did you forget to enable it when you configured PHP?]
26.02.17 20:57:17 sendStatusDoc [warn] [sendEvent [8.19] [cntr] [admin] [trialResult] [admin,1,2,9m,1,1771361837001,1771361837003,tpb,trial,1,,1,653,653,653,top,bus,0,0,0,0,0] [exception: stream_socket_client failed, errstr: Unable to find the socket transport "unix" - did you forget to enable it when you configured PHP?]]
26.02.17 20:57:23 sendEvent [8.19] [cntr] [admin] [trialEnded] [] [exception: stream_socket_client failed, errstr: Unable to find the socket transport "unix" - did you forget to enable it when you configured PHP?]
26.02.17 20:57:23 sendStatusDoc [warn] [sendEvent [8.19] [cntr] [admin] [trialEnded] [] [exception: stream_socket_client failed, errstr: Unable to find the socket transport "unix" - did you forget to enable it when you configured PHP?]]
26.02.17 20:58:02 sendEvent [8.19] [resp] [admin] [setReadyMessage] [,,dot,msg_adtReady,,9m] [exception: stream_socket_client failed, errstr: Unable to find the socket transport "unix" - did you forget to enable it when you configured PHP?]
26.02.17 20:58:02 sendStatusDoc [warn] [sendEvent [8.19] [resp] [admin] [setReadyMessage] [,,dot,msg_adtReady,,9m] [exception: stream_socket_client failed, errstr: Unable to find the socket transport "unix" - did you forget to enable it when you configured PHP?]]
26.02.17 20:58:02 sendEvent [8.19] [resp] [admin] [startMultiTrials] [9m,tpbb,demo,0,1,2,1,1,admin,Santiago_Morales] [exception: stream_socket_client failed, errstr: Unable to find the socket transport "unix" - did you forget to enable it when you configured PHP?]
26.02.17 20:58:02 sendStatusDoc [warn] [sendEvent [8.19] [resp] [admin] [startMultiTrials] [9m,tpbb,demo,0,1,2,1,1,admin,Santiago_Morales] [exception: stream_socket_client failed, errstr: Unable to find the socket transport "unix" - did you forget to enable it when you configured PHP?]]
26.02.17 20:58:15 sendEvent [8.19] [cntr] [admin] [trialResult] [admin,1,2,9m,1,1771361894370,1771361894373,tpb,demo,1,,1,1204,1204,1204,btm,flower,0,0,0,0,0] [exception: stream_socket_client failed, errstr: Unable to find the socket transport "unix" - did you forget to enable it when you configured PHP?]
26.02.17 20:58:15 sendStatusDoc [warn] [sendEvent [8.19] [cntr] [admin] [trialResult] [admin,1,2,9m,1,1771361894370,1771361894373,tpb,demo,1,,1,1204,1204,1204,btm,flower,0,0,0,0,0] [exception: stream_socket_client failed, errstr: Unable to find the socket transport "unix" - did you forget to enable it when you configured PHP?]]
26.02.17 20:58:21 sendEvent [8.19] [cntr] [admin] [trialEnded] [] [exception: stream_socket_client failed, errstr: Unable to find the socket transport "unix" - did you forget to enable it when you configured PHP?]
26.02.17 20:58:21 sendStatusDoc [warn] [sendEvent [8.19] [cntr] [admin] [trialEnded] [] [exception: stream_socket_client failed, errstr: Unable to find the socket transport "unix" - did you forget to enable it when you configured PHP?]]
26.02.17 20:59:51 sendEvent [8.19] [resp] [admin] [setReadyMessage] [,,dot,msg_adtReady,,9m] [exception: stream_socket_client failed, errstr: Unable to find the socket transport "unix" - did you forget to enable it when you configured PHP?]
26.02.17 20:59:51 sendStatusDoc [warn] [sendEvent [8.19] [resp] [admin] [setReadyMessage] [,,dot,msg_adtReady,,9m] [exception: stream_socket_client failed, errstr: Unable to find the socket transport "unix" - did you forget to enable it when you configured PHP?]]
26.02.17 20:59:51 sendEvent [8.19] [resp] [admin] [startMultiTrials] [9m,tpbb,trial,0,1,2,1,1,admin,Santiago_Morales] [exception: stream_socket_client failed, errstr: Unable to find the socket transport "unix" - did you forget to enable it when you configured PHP?]
26.02.17 20:59:51 sendStatusDoc [warn] [sendEvent [8.19] [resp] [admin] [startMultiTrials] [9m,tpbb,trial,0,1,2,1,1,admin,Santiago_Morales] [exception: stream_socket_client failed, errstr: Unable to find the socket transport "unix" - did you forget to enable it when you configured PHP?]]
26.02.17 21:00:02 sendEvent [8.19] [cntr] [admin] [trialResult] [admin,1,2,9m,1,1771362002001,1771362002003,tpb,trial,1,,1,790,790,790,btm,owl,0,0,0,0,0] [exception: stream_socket_client failed, errstr: Unable to find the socket transport "unix" - did you forget to enable it when you configured PHP?]
26.02.17 21:00:02 sendStatusDoc [warn] [sendEvent [8.19] [cntr] [admin] [trialResult] [admin,1,2,9m,1,1771362002001,1771362002003,tpb,trial,1,,1,790,790,790,btm,owl,0,0,0,0,0] [exception: stream_socket_client failed, errstr: Unable to find the socket transport "unix" - did you forget to enable it when you configured PHP?]]
26.02.17 21:00:08 sendEvent [8.19] [cntr] [admin] [trialEnded] [] [exception: stream_socket_client failed, errstr: Unable to find the socket transport "unix" - did you forget to enable it when you configured PHP?]
26.02.17 21:00:08 sendStatusDoc [warn] [sendEvent [8.19] [cntr] [admin] [trialEnded] [] [exception: stream_socket_client failed, errstr: Unable to find the socket transport "unix" - did you forget to enable it when you configured PHP?]]
26.02.18 21:06:58 sendEvent [8.19] [resp] [admin] [setReadyMessage] [,,dot,msg_adtReady,,9m] [exception: stream_socket_client failed, errstr: Unable to find the socket transport "unix" - did you forget to enable it when you configured PHP?]
26.02.18 21:06:58 sendStatusDoc [warn] [sendEvent [8.19] [resp] [admin] [setReadyMessage] [,,dot,msg_adtReady,,9m] [exception: stream_socket_client failed, errstr: Unable to find the socket transport "unix" - did you forget to enable it when you configured PHP?]]
26.02.18 21:06:58 sendEvent [8.19] [resp] [admin] [startMultiTrials] [9m,c1t,demo,0,1,2,1,1,admin,Santiago_Morales] [exception: stream_socket_client failed, errstr: Unable to find the socket transport "unix" - did you forget to enable it when you configured PHP?]
26.02.18 21:06:58 sendStatusDoc [warn] [sendEvent [8.19] [resp] [admin] [startMultiTrials] [9m,c1t,demo,0,1,2,1,1,admin,Santiago_Morales] [exception: stream_socket_client failed, errstr: Unable to find the socket transport "unix" - did you forget to enable it when you configured PHP?]]
26.02.18 21:07:19 sendEvent [8.19] [cntr] [admin] [trialResult] [admin,1,2,9m,1,1771448838143,1771448838148,c1t,demo,1,,1,1257,1257,1257,top,flower,0,0,0,0,0] [exception: stream_socket_client failed, errstr: Unable to find the socket transport "unix" - did you forget to enable it when you configured PHP?]
26.02.18 21:07:19 sendStatusDoc [warn] [sendEvent [8.19] [cntr] [admin] [trialResult] [admin,1,2,9m,1,1771448838143,1771448838148,c1t,demo,1,,1,1257,1257,1257,top,flower,0,0,0,0,0] [exception: stream_socket_client failed, errstr: Unable to find the socket transport "unix" - did you forget to enable it when you configured PHP?]]
26.02.18 21:07:24 sendEvent [8.19] [cntr] [admin] [trialEnded] [] [exception: stream_socket_client failed, errstr: Unable to find the socket transport "unix" - did you forget to enable it when you configured PHP?]
26.02.18 21:07:24 sendStatusDoc [warn] [sendEvent [8.19] [cntr] [admin] [trialEnded] [] [exception: stream_socket_client failed, errstr: Unable to find the socket transport "unix" - did you forget to enable it when you configured PHP?]]
26.02.18 21:08:05 sendEvent [8.19] [resp] [admin] [endTrials] [9m,ctr1] [exception: stream_socket_client failed, errstr: Unable to find the socket transport "unix" - did you forget to enable it when you configured PHP?]
26.02.18 21:08:05 sendStatusDoc [warn] [sendEvent [8.19] [resp] [admin] [endTrials] [9m,ctr1] [exception: stream_socket_client failed, errstr: Unable to find the socket transport "unix" - did you forget to enable it when you configured PHP?]]
26.02.18 21:08:05 sendEvent [8.19] [resp] [admin] [endTrials] [9m,ctr1] [exception: stream_socket_client failed, errstr: Unable to find the socket transport "unix" - did you forget to enable it when you configured PHP?]
26.02.18 21:08:05 sendStatusDoc [warn] [sendEvent [8.19] [resp] [admin] [endTrials] [9m,ctr1] [exception: stream_socket_client failed, errstr: Unable to find the socket transport "unix" - did you forget to enable it when you configured PHP?]]
26.02.18 21:08:05 sendEvent [8.19] [cntr] [admin] [trialsEnded] [] [exception: stream_socket_client failed, errstr: Unable to find the socket transport "unix" - did you forget to enable it when you configured PHP?]
26.02.18 21:08:05 sendStatusDoc [warn] [sendEvent [8.19] [cntr] [admin] [trialsEnded] [] [exception: stream_socket_client failed, errstr: Unable to find the socket transport "unix" - did you forget to enable it when you configured PHP?]]
26.02.18 21:08:05 sendEvent [8.19] [cntr] [admin] [trialsEnded] [] [exception: stream_socket_client failed, errstr: Unable to find the socket transport "unix" - did you forget to enable it when you configured PHP?]
26.02.18 21:08:05 sendStatusDoc [warn] [sendEvent [8.19] [cntr] [admin] [trialsEnded] [] [exception: stream_socket_client failed, errstr: Unable to find the socket transport "unix" - did you forget to enable it when you configured PHP?]]
26.02.18 21:08:09 sendEvent [8.19] [resp] [admin] [setReadyMessage] [,,dot,msg_adtReady,,9m] [exception: stream_socket_client failed, errstr: Unable to find the socket transport "unix" - did you forget to enable it when you configured PHP?]
26.02.18 21:08:09 sendStatusDoc [warn] [sendEvent [8.19] [resp] [admin] [setReadyMessage] [,,dot,msg_adtReady,,9m] [exception: stream_socket_client failed, errstr: Unable to find the socket transport "unix" - did you forget to enable it when you configured PHP?]]
26.02.18 21:08:09 sendEvent [8.19] [resp] [admin] [startMultiTrials] [9m,c1t,trial,0,1,2,1,1,admin,Santiago_Morales] [exception: stream_socket_client failed, errstr: Unable to find the socket transport "unix" - did you forget to enable it when you configured PHP?]
26.02.18 21:08:09 sendStatusDoc [warn] [sendEvent [8.19] [resp] [admin] [startMultiTrials] [9m,c1t,trial,0,1,2,1,1,admin,Santiago_Morales] [exception: stream_socket_client failed, errstr: Unable to find the socket transport "unix" - did you forget to enable it when you configured PHP?]]
26.02.18 21:08:48 sendEvent [8.19] [resp] [admin] [setReadyMessage] [,,dot,msg_adtReady,,9m] [exception: stream_socket_client failed, errstr: Unable to find the socket transport "unix" - did you forget to enable it when you configured PHP?]
26.02.18 21:08:48 sendStatusDoc [warn] [sendEvent [8.19] [resp] [admin] [setReadyMessage] [,,dot,msg_adtReady,,9m] [exception: stream_socket_client failed, errstr: Unable to find the socket transport "unix" - did you forget to enable it when you configured PHP?]]
26.02.18 21:08:48 sendEvent [8.19] [resp] [admin] [startMultiTrials] [9m,c1t,trial,0,1,2,1,3,admin,Santiago_Morales] [exception: stream_socket_client failed, errstr: Unable to find the socket transport "unix" - did you forget to enable it when you configured PHP?]
26.02.18 21:08:48 sendStatusDoc [warn] [sendEvent [8.19] [resp] [admin] [startMultiTrials] [9m,c1t,trial,0,1,2,1,3,admin,Santiago_Morales] [exception: stream_socket_client failed, errstr: Unable to find the socket transport "unix" - did you forget to enable it when you configured PHP?]]
26.02.18 21:09:02 sendEvent [8.19] [cntr] [admin] [trialResult] [admin,1,2,9m,1,1771448941180,1771448941181,c1t,trial,1,,1,819,819,819,top,owl,0,0,0,0,2] [exception: stream_socket_client failed, errstr: Unable to find the socket transport "unix" - did you forget to enable it when you configured PHP?]
26.02.18 21:09:02 sendStatusDoc [warn] [sendEvent [8.19] [cntr] [admin] [trialResult] [admin,1,2,9m,1,1771448941180,1771448941181,c1t,trial,1,,1,819,819,819,top,owl,0,0,0,0,2] [exception: stream_socket_client failed, errstr: Unable to find the socket transport "unix" - did you forget to enable it when you configured PHP?]]
26.02.18 21:09:09 sendEvent [8.19] [cntr] [admin] [trialResult] [admin,1,2,9m,1,1771448947735,1771448947738,c1t,trial,2,,1,1003,1003,1003,top,elephant,0,0,0,0,1] [exception: stream_socket_client failed, errstr: Unable to find the socket transport "unix" - did you forget to enable it when you configured PHP?]
26.02.18 21:09:09 sendStatusDoc [warn] [sendEvent [8.19] [cntr] [admin] [trialResult] [admin,1,2,9m,1,1771448947735,1771448947738,c1t,trial,2,,1,1003,1003,1003,top,elephant,0,0,0,0,1] [exception: stream_socket_client failed, errstr: Unable to find the socket transport "unix" - did you forget to enable it when you configured PHP?]]
26.02.18 21:09:16 sendEvent [8.19] [cntr] [admin] [trialResult] [admin,1,2,9m,1,1771448954696,1771448954698,c1t,trial,3,,1,1027,1027,1027,top,owl,0,0,0,0,0] [exception: stream_socket_client failed, errstr: Unable to find the socket transport "unix" - did you forget to enable it when you configured PHP?]
26.02.18 21:09:16 sendStatusDoc [warn] [sendEvent [8.19] [cntr] [admin] [trialResult] [admin,1,2,9m,1,1771448954696,1771448954698,c1t,trial,3,,1,1027,1027,1027,top,owl,0,0,0,0,0] [exception: stream_socket_client failed, errstr: Unable to find the socket transport "unix" - did you forget to enable it when you configured PHP?]]
26.02.18 21:09:20 sendEvent [8.19] [cntr] [admin] [trialEnded] [] [exception: stream_socket_client failed, errstr: Unable to find the socket transport "unix" - did you forget to enable it when you configured PHP?]
26.02.18 21:09:20 sendStatusDoc [warn] [sendEvent [8.19] [cntr] [admin] [trialEnded] [] [exception: stream_socket_client failed, errstr: Unable to find the socket transport "unix" - did you forget to enable it when you configured PHP?]]
26.02.18 21:09:57 sendEvent [8.19] [resp] [admin] [setReadyMessage] [,,dot,msg_adtReady,,9m] [exception: stream_socket_client failed, errstr: Unable to find the socket transport "unix" - did you forget to enable it when you configured PHP?]
26.02.18 21:09:57 sendStatusDoc [warn] [sendEvent [8.19] [resp] [admin] [setReadyMessage] [,,dot,msg_adtReady,,9m] [exception: stream_socket_client failed, errstr: Unable to find the socket transport "unix" - did you forget to enable it when you configured PHP?]]
26.02.18 21:09:57 sendEvent [8.19] [resp] [admin] [startMultiTrials] [9m,c1b,demo,0,1,2,1,1,admin,Santiago_Morales] [exception: stream_socket_client failed, errstr: Unable to find the socket transport "unix" - did you forget to enable it when you configured PHP?]
26.02.18 21:09:57 sendStatusDoc [warn] [sendEvent [8.19] [resp] [admin] [startMultiTrials] [9m,c1b,demo,0,1,2,1,1,admin,Santiago_Morales] [exception: stream_socket_client failed, errstr: Unable to find the socket transport "unix" - did you forget to enable it when you configured PHP?]]
26.02.18 21:10:14 sendEvent [8.19] [cntr] [admin] [trialResult] [admin,1,2,9m,1,1771449012874,1771449012877,c1b,demo,1,,1,1096,1096,1096,btm,flower,0,0,0,0,0] [exception: stream_socket_client failed, errstr: Unable to find the socket transport "unix" - did you forget to enable it when you configured PHP?]
26.02.18 21:10:14 sendStatusDoc [warn] [sendEvent [8.19] [cntr] [admin] [trialResult] [admin,1,2,9m,1,1771449012874,1771449012877,c1b,demo,1,,1,1096,1096,1096,btm,flower,0,0,0,0,0] [exception: stream_socket_client failed, errstr: Unable to find the socket transport "unix" - did you forget to enable it when you configured PHP?]]
26.02.18 21:10:19 sendEvent [8.19] [cntr] [admin] [trialEnded] [] [exception: stream_socket_client failed, errstr: Unable to find the socket transport "unix" - did you forget to enable it when you configured PHP?]
26.02.18 21:10:19 sendStatusDoc [warn] [sendEvent [8.19] [cntr] [admin] [trialEnded] [] [exception: stream_socket_client failed, errstr: Unable to find the socket transport "unix" - did you forget to enable it when you configured PHP?]]
26.02.18 21:11:03 sendEvent [8.19] [resp] [admin] [startMultiTrials] [9m,c1b,trial,0,1,2,1,3,admin,Santiago_Morales] [exception: stream_socket_client failed, errstr: Unable to find the socket transport "unix" - did you forget to enable it when you configured PHP?]
26.02.18 21:11:03 sendStatusDoc [warn] [sendEvent [8.19] [resp] [admin] [startMultiTrials] [9m,c1b,trial,0,1,2,1,3,admin,Santiago_Morales] [exception: stream_socket_client failed, errstr: Unable to find the socket transport "unix" - did you forget to enable it when you configured PHP?]]
26.02.18 21:11:03 sendEvent [8.19] [resp] [admin] [setReadyMessage] [,,dot,msg_adtReady,,9m] [exception: stream_socket_client failed, errstr: Unable to find the socket transport "unix" - did you forget to enable it when you configured PHP?]
26.02.18 21:11:03 sendStatusDoc [warn] [sendEvent [8.19] [resp] [admin] [setReadyMessage] [,,dot,msg_adtReady,,9m] [exception: stream_socket_client failed, errstr: Unable to find the socket transport "unix" - did you forget to enable it when you configured PHP?]]
26.02.18 21:11:19 sendEvent [8.19] [cntr] [admin] [trialResult] [admin,1,2,9m,1,1771449078112,1771449078115,c1b,trial,1,,1,1082,1082,1082,btm,flower,0,0,0,0,2] [exception: stream_socket_client failed, errstr: Unable to find the socket transport "unix" - did you forget to enable it when you configured PHP?]
26.02.18 21:11:19 sendStatusDoc [warn] [sendEvent [8.19] [cntr] [admin] [trialResult] [admin,1,2,9m,1,1771449078112,1771449078115,c1b,trial,1,,1,1082,1082,1082,btm,flower,0,0,0,0,2] [exception: stream_socket_client failed, errstr: Unable to find the socket transport "unix" - did you forget to enable it when you configured PHP?]]
26.02.18 21:11:25 sendEvent [8.19] [cntr] [admin] [trialResult] [admin,1,2,9m,1,1771449084525,1771449084527,c1b,trial,2,,1,784,784,784,btm,bus,0,0,0,0,1] [exception: stream_socket_client failed, errstr: Unable to find the socket transport "unix" - did you forget to enable it when you configured PHP?]
26.02.18 21:11:25 sendStatusDoc [warn] [sendEvent [8.19] [cntr] [admin] [trialResult] [admin,1,2,9m,1,1771449084525,1771449084527,c1b,trial,2,,1,784,784,784,btm,bus,0,0,0,0,1] [exception: stream_socket_client failed, errstr: Unable to find the socket transport "unix" - did you forget to enable it when you configured PHP?]]
26.02.18 21:11:32 sendEvent [8.19] [cntr] [admin] [trialResult] [admin,1,2,9m,1,1771449091111,1771449091114,c1b,trial,3,,1,1227,1227,1227,btm,elephant,0,0,0,0,0] [exception: stream_socket_client failed, errstr: Unable to find the socket transport "unix" - did you forget to enable it when you configured PHP?]
26.02.18 21:11:32 sendStatusDoc [warn] [sendEvent [8.19] [cntr] [admin] [trialResult] [admin,1,2,9m,1,1771449091111,1771449091114,c1b,trial,3,,1,1227,1227,1227,btm,elephant,0,0,0,0,0] [exception: stream_socket_client failed, errstr: Unable to find the socket transport "unix" - did you forget to enable it when you configured PHP?]]
26.02.18 21:11:37 sendEvent [8.19] [cntr] [admin] [trialEnded] [] [exception: stream_socket_client failed, errstr: Unable to find the socket transport "unix" - did you forget to enable it when you configured PHP?]
26.02.18 21:11:37 sendStatusDoc [warn] [sendEvent [8.19] [cntr] [admin] [trialEnded] [] [exception: stream_socket_client failed, errstr: Unable to find the socket transport "unix" - did you forget to enable it when you configured PHP?]]
26.02.18 21:12:23 sendEvent [8.19] [resp] [admin] [endTrials] [9m,ctr1] [exception: stream_socket_client failed, errstr: Unable to find the socket transport "unix" - did you forget to enable it when you configured PHP?]
26.02.18 21:12:23 sendStatusDoc [warn] [sendEvent [8.19] [resp] [admin] [endTrials] [9m,ctr1] [exception: stream_socket_client failed, errstr: Unable to find the socket transport "unix" - did you forget to enable it when you configured PHP?]]
26.02.18 21:12:23 sendEvent [8.19] [resp] [admin] [endTrials] [9m,ctr1] [exception: stream_socket_client failed, errstr: Unable to find the socket transport "unix" - did you forget to enable it when you configured PHP?]
26.02.18 21:12:23 sendStatusDoc [warn] [sendEvent [8.19] [resp] [admin] [endTrials] [9m,ctr1] [exception: stream_socket_client failed, errstr: Unable to find the socket transport "unix" - did you forget to enable it when you configured PHP?]]
26.02.18 21:12:24 sendEvent [8.19] [cntr] [admin] [trialsEnded] [] [exception: stream_socket_client failed, errstr: Unable to find the socket transport "unix" - did you forget to enable it when you configured PHP?]
26.02.18 21:12:24 sendStatusDoc [warn] [sendEvent [8.19] [cntr] [admin] [trialsEnded] [] [exception: stream_socket_client failed, errstr: Unable to find the socket transport "unix" - did you forget to enable it when you configured PHP?]]
26.02.18 21:12:24 sendEvent [8.19] [cntr] [admin] [trialsEnded] [] [exception: stream_socket_client failed, errstr: Unable to find the socket transport "unix" - did you forget to enable it when you configured PHP?]
26.02.18 21:12:24 sendStatusDoc [warn] [sendEvent [8.19] [cntr] [admin] [trialsEnded] [] [exception: stream_socket_client failed, errstr: Unable to find the socket transport "unix" - did you forget to enable it when you configured PHP?]]
26.02.18 21:12:28 sendEvent [8.19] [resp] [admin] [endTest] [] [exception: stream_socket_client failed, errstr: Unable to find the socket transport "unix" - did you forget to enable it when you configured PHP?]
26.02.18 21:12:28 sendStatusDoc [warn] [sendEvent [8.19] [resp] [admin] [endTest] [] [exception: stream_socket_client failed, errstr: Unable to find the socket transport "unix" - did you forget to enable it when you configured PHP?]]
26.02.18 21:15:55 sendEvent [8.19] [resp] [admin] [startMultiTrials] [9m,tptt,trial,0,1,2,1,3,admin,Santiago_Morales] [exception: stream_socket_client failed, errstr: Unable to find the socket transport "unix" - did you forget to enable it when you configured PHP?]
26.02.18 21:15:55 sendStatusDoc [warn] [sendEvent [8.19] [resp] [admin] [startMultiTrials] [9m,tptt,trial,0,1,2,1,3,admin,Santiago_Morales] [exception: stream_socket_client failed, errstr: Unable to find the socket transport "unix" - did you forget to enable it when you configured PHP?]]
26.02.18 21:15:55 sendEvent [8.19] [resp] [admin] [setReadyMessage] [,,dot,msg_adtReady,,9m] [exception: stream_socket_client failed, errstr: Unable to find the socket transport "unix" - did you forget to enable it when you configured PHP?]
26.02.18 21:15:55 sendStatusDoc [warn] [sendEvent [8.19] [resp] [admin] [setReadyMessage] [,,dot,msg_adtReady,,9m] [exception: stream_socket_client failed, errstr: Unable to find the socket transport "unix" - did you forget to enable it when you configured PHP?]]
26.02.18 21:16:10 sendEvent [8.19] [cntr] [admin] [trialResult] [admin,1,2,9m,1,1771449368924,1771449368927,tpt,trial,1,,1,878,878,878,top,flower,0,0,0,0,2] [exception: stream_socket_client failed, errstr: Unable to find the socket transport "unix" - did you forget to enable it when you configured PHP?]
26.02.18 21:16:10 sendStatusDoc [warn] [sendEvent [8.19] [cntr] [admin] [trialResult] [admin,1,2,9m,1,1771449368924,1771449368927,tpt,trial,1,,1,878,878,878,top,flower,0,0,0,0,2] [exception: stream_socket_client failed, errstr: Unable to find the socket transport "unix" - did you forget to enable it when you configured PHP?]]
26.02.18 21:16:16 sendEvent [8.19] [cntr] [admin] [trialResult] [admin,1,2,9m,1,1771449375806,1771449375809,tpt,trial,2,,1,828,828,828,top,owl,0,0,0,0,1] [exception: stream_socket_client failed, errstr: Unable to find the socket transport "unix" - did you forget to enable it when you configured PHP?]
26.02.18 21:16:16 sendStatusDoc [warn] [sendEvent [8.19] [cntr] [admin] [trialResult] [admin,1,2,9m,1,1771449375806,1771449375809,tpt,trial,2,,1,828,828,828,top,owl,0,0,0,0,1] [exception: stream_socket_client failed, errstr: Unable to find the socket transport "unix" - did you forget to enable it when you configured PHP?]]
26.02.18 21:16:23 sendEvent [8.19] [cntr] [admin] [trialResult] [admin,1,2,9m,1,1771449381982,1771449381985,tpt,trial,3,,1,967,967,967,top,apple,0,0,0,0,0] [exception: stream_socket_client failed, errstr: Unable to find the socket transport "unix" - did you forget to enable it when you configured PHP?]
26.02.18 21:16:23 sendStatusDoc [warn] [sendEvent [8.19] [cntr] [admin] [trialResult] [admin,1,2,9m,1,1771449381982,1771449381985,tpt,trial,3,,1,967,967,967,top,apple,0,0,0,0,0] [exception: stream_socket_client failed, errstr: Unable to find the socket transport "unix" - did you forget to enable it when you configured PHP?]]
26.02.18 21:16:28 sendEvent [8.19] [cntr] [admin] [trialEnded] [] [exception: stream_socket_client failed, errstr: Unable to find the socket transport "unix" - did you forget to enable it when you configured PHP?]
26.02.18 21:16:28 sendStatusDoc [warn] [sendEvent [8.19] [cntr] [admin] [trialEnded] [] [exception: stream_socket_client failed, errstr: Unable to find the socket transport "unix" - did you forget to enable it when you configured PHP?]]
26.02.18 21:18:10 sendEvent [8.19] [resp] [admin] [setReadyMessage] [,,dot,msg_adtReady,,9m] [exception: stream_socket_client failed, errstr: Unable to find the socket transport "unix" - did you forget to enable it when you configured PHP?]
26.02.18 21:18:10 sendStatusDoc [warn] [sendEvent [8.19] [resp] [admin] [setReadyMessage] [,,dot,msg_adtReady,,9m] [exception: stream_socket_client failed, errstr: Unable to find the socket transport "unix" - did you forget to enable it when you configured PHP?]]
26.02.18 21:18:10 sendEvent [8.19] [resp] [admin] [startMultiTrials] [9m,tptb,trial,0,1,2,1,3,admin,Santiago_Morales] [exception: stream_socket_client failed, errstr: Unable to find the socket transport "unix" - did you forget to enable it when you configured PHP?]
26.02.18 21:18:10 sendStatusDoc [warn] [sendEvent [8.19] [resp] [admin] [startMultiTrials] [9m,tptb,trial,0,1,2,1,3,admin,Santiago_Morales] [exception: stream_socket_client failed, errstr: Unable to find the socket transport "unix" - did you forget to enable it when you configured PHP?]]
26.02.18 21:18:28 sendEvent [8.19] [cntr] [admin] [trialResult] [admin,1,2,9m,1,1771449507036,1771449507038,tpt,trial,1,,1,1048,1048,1048,btm,flower,0,0,0,0,2] [exception: stream_socket_client failed, errstr: Unable to find the socket transport "unix" - did you forget to enable it when you configured PHP?]
26.02.18 21:18:28 sendStatusDoc [warn] [sendEvent [8.19] [cntr] [admin] [trialResult] [admin,1,2,9m,1,1771449507036,1771449507038,tpt,trial,1,,1,1048,1048,1048,btm,flower,0,0,0,0,2] [exception: stream_socket_client failed, errstr: Unable to find the socket transport "unix" - did you forget to enable it when you configured PHP?]]
26.02.18 21:18:34 sendEvent [8.19] [cntr] [admin] [trialResult] [admin,1,2,9m,1,1771449513757,1771449513759,tpt,trial,2,,1,822,822,822,btm,owl,0,0,0,0,1] [exception: stream_socket_client failed, errstr: Unable to find the socket transport "unix" - did you forget to enable it when you configured PHP?]
26.02.18 21:18:34 sendStatusDoc [warn] [sendEvent [8.19] [cntr] [admin] [trialResult] [admin,1,2,9m,1,1771449513757,1771449513759,tpt,trial,2,,1,822,822,822,btm,owl,0,0,0,0,1] [exception: stream_socket_client failed, errstr: Unable to find the socket transport "unix" - did you forget to enable it when you configured PHP?]]
26.02.18 21:18:41 sendEvent [8.19] [cntr] [admin] [trialResult] [admin,1,2,9m,1,1771449519918,1771449519920,tpt,trial,3,,1,870,870,870,btm,bus,0,0,0,0,0] [exception: stream_socket_client failed, errstr: Unable to find the socket transport "unix" - did you forget to enable it when you configured PHP?]
26.02.18 21:18:41 sendStatusDoc [warn] [sendEvent [8.19] [cntr] [admin] [trialResult] [admin,1,2,9m,1,1771449519918,1771449519920,tpt,trial,3,,1,870,870,870,btm,bus,0,0,0,0,0] [exception: stream_socket_client failed, errstr: Unable to find the socket transport "unix" - did you forget to enable it when you configured PHP?]]
26.02.18 21:18:46 sendEvent [8.19] [cntr] [admin] [trialEnded] [] [exception: stream_socket_client failed, errstr: Unable to find the socket transport "unix" - did you forget to enable it when you configured PHP?]
26.02.18 21:18:46 sendStatusDoc [warn] [sendEvent [8.19] [cntr] [admin] [trialEnded] [] [exception: stream_socket_client failed, errstr: Unable to find the socket transport "unix" - did you forget to enable it when you configured PHP?]]
26.02.18 21:19:05 sendEvent [8.19] [resp] [admin] [endTrials] [9m,tspt] [exception: stream_socket_client failed, errstr: Unable to find the socket transport "unix" - did you forget to enable it when you configured PHP?]
26.02.18 21:19:05 sendStatusDoc [warn] [sendEvent [8.19] [resp] [admin] [endTrials] [9m,tspt] [exception: stream_socket_client failed, errstr: Unable to find the socket transport "unix" - did you forget to enable it when you configured PHP?]]
26.02.18 21:19:05 sendEvent [8.19] [resp] [admin] [endTrials] [9m,tspt] [exception: stream_socket_client failed, errstr: Unable to find the socket transport "unix" - did you forget to enable it when you configured PHP?]
26.02.18 21:19:05 sendStatusDoc [warn] [sendEvent [8.19] [resp] [admin] [endTrials] [9m,tspt] [exception: stream_socket_client failed, errstr: Unable to find the socket transport "unix" - did you forget to enable it when you configured PHP?]]
26.02.18 21:19:05 sendEvent [8.19] [cntr] [admin] [trialsEnded] [] [exception: stream_socket_client failed, errstr: Unable to find the socket transport "unix" - did you forget to enable it when you configured PHP?]
26.02.18 21:19:05 sendStatusDoc [warn] [sendEvent [8.19] [cntr] [admin] [trialsEnded] [] [exception: stream_socket_client failed, errstr: Unable to find the socket transport "unix" - did you forget to enable it when you configured PHP?]]
26.02.18 21:19:05 sendEvent [8.19] [cntr] [admin] [trialsEnded] [] [exception: stream_socket_client failed, errstr: Unable to find the socket transport "unix" - did you forget to enable it when you configured PHP?]
26.02.18 21:19:05 sendStatusDoc [warn] [sendEvent [8.19] [cntr] [admin] [trialsEnded] [] [exception: stream_socket_client failed, errstr: Unable to find the socket transport "unix" - did you forget to enable it when you configured PHP?]]
26.02.18 21:19:29 sendEvent [8.19] [resp] [admin] [setReadyMessage] [,,dot,msg_adtReady,,9m] [exception: stream_socket_client failed, errstr: Unable to find the socket transport "unix" - did you forget to enable it when you configured PHP?]
26.02.18 21:19:29 sendStatusDoc [warn] [sendEvent [8.19] [resp] [admin] [setReadyMessage] [,,dot,msg_adtReady,,9m] [exception: stream_socket_client failed, errstr: Unable to find the socket transport "unix" - did you forget to enable it when you configured PHP?]]
26.02.18 21:19:29 sendEvent [8.19] [resp] [admin] [startMultiTrials] [9m,tpbb,trial,0,1,2,1,3,admin,Santiago_Morales] [exception: stream_socket_client failed, errstr: Unable to find the socket transport "unix" - did you forget to enable it when you configured PHP?]
26.02.18 21:19:29 sendStatusDoc [warn] [sendEvent [8.19] [resp] [admin] [startMultiTrials] [9m,tpbb,trial,0,1,2,1,3,admin,Santiago_Morales] [exception: stream_socket_client failed, errstr: Unable to find the socket transport "unix" - did you forget to enable it when you configured PHP?]]
26.02.18 21:19:44 sendEvent [8.19] [cntr] [admin] [trialResult] [admin,1,2,9m,1,1771449582733,1771449582734,tpb,trial,1,,1,1023,1023,1023,btm,bus,0,0,0,0,2] [exception: stream_socket_client failed, errstr: Unable to find the socket transport "unix" - did you forget to enable it when you configured PHP?]
26.02.18 21:19:44 sendStatusDoc [warn] [sendEvent [8.19] [cntr] [admin] [trialResult] [admin,1,2,9m,1,1771449582733,1771449582734,tpb,trial,1,,1,1023,1023,1023,btm,bus,0,0,0,0,2] [exception: stream_socket_client failed, errstr: Unable to find the socket transport "unix" - did you forget to enable it when you configured PHP?]]
26.02.18 21:19:50 sendEvent [8.19] [cntr] [admin] [trialResult] [admin,1,2,9m,1,1771449589261,1771449589263,tpb,trial,2,,1,1207,1207,1207,btm,flower,0,0,0,0,1] [exception: stream_socket_client failed, errstr: Unable to find the socket transport "unix" - did you forget to enable it when you configured PHP?]
26.02.18 21:19:50 sendStatusDoc [warn] [sendEvent [8.19] [cntr] [admin] [trialResult] [admin,1,2,9m,1,1771449589261,1771449589263,tpb,trial,2,,1,1207,1207,1207,btm,flower,0,0,0,0,1] [exception: stream_socket_client failed, errstr: Unable to find the socket transport "unix" - did you forget to enable it when you configured PHP?]]
26.02.18 21:19:56 sendEvent [8.19] [cntr] [admin] [trialResult] [admin,1,2,9m,1,1771449595718,1771449595720,tpb,trial,3,,1,861,861,861,btm,owl,0,0,0,0,0] [exception: stream_socket_client failed, errstr: Unable to find the socket transport "unix" - did you forget to enable it when you configured PHP?]
26.02.18 21:19:56 sendStatusDoc [warn] [sendEvent [8.19] [cntr] [admin] [trialResult] [admin,1,2,9m,1,1771449595718,1771449595720,tpb,trial,3,,1,861,861,861,btm,owl,0,0,0,0,0] [exception: stream_socket_client failed, errstr: Unable to find the socket transport "unix" - did you forget to enable it when you configured PHP?]]
26.02.18 21:20:01 sendEvent [8.19] [cntr] [admin] [trialEnded] [] [exception: stream_socket_client failed, errstr: Unable to find the socket transport "unix" - did you forget to enable it when you configured PHP?]
26.02.18 21:20:01 sendStatusDoc [warn] [sendEvent [8.19] [cntr] [admin] [trialEnded] [] [exception: stream_socket_client failed, errstr: Unable to find the socket transport "unix" - did you forget to enable it when you configured PHP?]]
26.02.18 21:21:09 sendEvent [8.19] [resp] [admin] [setReadyMessage] [,,dot,msg_adtReady,,9m] [exception: stream_socket_client failed, errstr: Unable to find the socket transport "unix" - did you forget to enable it when you configured PHP?]
26.02.18 21:21:09 sendStatusDoc [warn] [sendEvent [8.19] [resp] [admin] [setReadyMessage] [,,dot,msg_adtReady,,9m] [exception: stream_socket_client failed, errstr: Unable to find the socket transport "unix" - did you forget to enable it when you configured PHP?]]
26.02.18 21:21:09 sendEvent [8.19] [resp] [admin] [startMultiTrials] [9m,tpbt,trial,0,1,2,1,3,admin,Santiago_Morales] [exception: stream_socket_client failed, errstr: Unable to find the socket transport "unix" - did you forget to enable it when you configured PHP?]
26.02.18 21:21:09 sendStatusDoc [warn] [sendEvent [8.19] [resp] [admin] [startMultiTrials] [9m,tpbt,trial,0,1,2,1,3,admin,Santiago_Morales] [exception: stream_socket_client failed, errstr: Unable to find the socket transport "unix" - did you forget to enable it when you configured PHP?]]
26.02.18 21:21:23 sendEvent [8.19] [cntr] [admin] [trialResult] [admin,1,2,9m,1,1771449682581,1771449682583,tpb,trial,1,,0,991,991,991,btm,apple,0,0,0,0,2] [exception: stream_socket_client failed, errstr: Unable to find the socket transport "unix" - did you forget to enable it when you configured PHP?]
26.02.18 21:21:23 sendStatusDoc [warn] [sendEvent [8.19] [cntr] [admin] [trialResult] [admin,1,2,9m,1,1771449682581,1771449682583,tpb,trial,1,,0,991,991,991,btm,apple,0,0,0,0,2] [exception: stream_socket_client failed, errstr: Unable to find the socket transport "unix" - did you forget to enable it when you configured PHP?]]
26.02.18 21:21:35 sendEvent [8.19] [cntr] [admin] [trialResult] [admin,1,2,9m,1,1771449694028,1771449694030,tpb,trial,2,,1,752,752,752,top,flower,0,0,0,0,1] [exception: stream_socket_client failed, errstr: Unable to find the socket transport "unix" - did you forget to enable it when you configured PHP?]
26.02.18 21:21:35 sendStatusDoc [warn] [sendEvent [8.19] [cntr] [admin] [trialResult] [admin,1,2,9m,1,1771449694028,1771449694030,tpb,trial,2,,1,752,752,752,top,flower,0,0,0,0,1] [exception: stream_socket_client failed, errstr: Unable to find the socket transport "unix" - did you forget to enable it when you configured PHP?]]
26.02.18 21:21:41 sendEvent [8.19] [cntr] [admin] [trialResult] [admin,1,2,9m,1,1771449700014,1771449700019,tpb,trial,3,,0,866,866,866,btm,owl,0,0,0,0,0] [exception: stream_socket_client failed, errstr: Unable to find the socket transport "unix" - did you forget to enable it when you configured PHP?]
26.02.18 21:21:41 sendStatusDoc [warn] [sendEvent [8.19] [cntr] [admin] [trialResult] [admin,1,2,9m,1,1771449700014,1771449700019,tpb,trial,3,,0,866,866,866,btm,owl,0,0,0,0,0] [exception: stream_socket_client failed, errstr: Unable to find the socket transport "unix" - did you forget to enable it when you configured PHP?]]
26.02.18 21:21:42 sendEvent [8.19] [cntr] [admin] [trialEnded] [] [exception: stream_socket_client failed, errstr: Unable to find the socket transport "unix" - did you forget to enable it when you configured PHP?]
26.02.18 21:21:42 sendStatusDoc [warn] [sendEvent [8.19] [cntr] [admin] [trialEnded] [] [exception: stream_socket_client failed, errstr: Unable to find the socket transport "unix" - did you forget to enable it when you configured PHP?]]
26.02.18 21:22:10 sendEvent [8.19] [resp] [admin] [setReadyMessage] [,,dot,msg_adtReady,,9m] [exception: stream_socket_client failed, errstr: Unable to find the socket transport "unix" - did you forget to enable it when you configured PHP?]
26.02.18 21:22:10 sendStatusDoc [warn] [sendEvent [8.19] [resp] [admin] [setReadyMessage] [,,dot,msg_adtReady,,9m] [exception: stream_socket_client failed, errstr: Unable to find the socket transport "unix" - did you forget to enable it when you configured PHP?]]
26.02.18 21:22:11 sendEvent [8.19] [resp] [admin] [startMultiTrials] [9m,tpbt,trial,3,1,2,1,3,admin,Santiago_Morales] [exception: stream_socket_client failed, errstr: Unable to find the socket transport "unix" - did you forget to enable it when you configured PHP?]
26.02.18 21:22:11 sendStatusDoc [warn] [sendEvent [8.19] [resp] [admin] [startMultiTrials] [9m,tpbt,trial,3,1,2,1,3,admin,Santiago_Morales] [exception: stream_socket_client failed, errstr: Unable to find the socket transport "unix" - did you forget to enable it when you configured PHP?]]
26.02.18 21:22:27 sendEvent [8.19] [cntr] [admin] [trialResult] [admin,1,2,9m,1,1771449741870,1771449741872,tpb,trial,1,,1,5269,5269,5269,top,apple,0,0,0,0,2] [exception: stream_socket_client failed, errstr: Unable to find the socket transport "unix" - did you forget to enable it when you configured PHP?]
26.02.18 21:22:27 sendStatusDoc [warn] [sendEvent [8.19] [cntr] [admin] [trialResult] [admin,1,2,9m,1,1771449741870,1771449741872,tpb,trial,1,,1,5269,5269,5269,top,apple,0,0,0,0,2] [exception: stream_socket_client failed, errstr: Unable to find the socket transport "unix" - did you forget to enable it when you configured PHP?]]
26.02.18 21:22:33 sendEvent [8.19] [cntr] [admin] [trialResult] [admin,1,2,9m,1,1771449752602,1771449752604,tpb,trial,2,,1,1098,1098,1098,top,owl,0,0,0,0,1] [exception: stream_socket_client failed, errstr: Unable to find the socket transport "unix" - did you forget to enable it when you configured PHP?]
26.02.18 21:22:33 sendStatusDoc [warn] [sendEvent [8.19] [cntr] [admin] [trialResult] [admin,1,2,9m,1,1771449752602,1771449752604,tpb,trial,2,,1,1098,1098,1098,top,owl,0,0,0,0,1] [exception: stream_socket_client failed, errstr: Unable to find the socket transport "unix" - did you forget to enable it when you configured PHP?]]
26.02.18 21:22:39 sendEvent [8.19] [cntr] [admin] [trialResult] [admin,1,2,9m,1,1771449758559,1771449758561,tpb,trial,3,,1,956,956,956,top,owl,0,0,0,0,0] [exception: stream_socket_client failed, errstr: Unable to find the socket transport "unix" - did you forget to enable it when you configured PHP?]
26.02.18 21:22:39 sendStatusDoc [warn] [sendEvent [8.19] [cntr] [admin] [trialResult] [admin,1,2,9m,1,1771449758559,1771449758561,tpb,trial,3,,1,956,956,956,top,owl,0,0,0,0,0] [exception: stream_socket_client failed, errstr: Unable to find the socket transport "unix" - did you forget to enable it when you configured PHP?]]
26.02.18 21:22:44 sendEvent [8.19] [cntr] [admin] [trialEnded] [] [exception: stream_socket_client failed, errstr: Unable to find the socket transport "unix" - did you forget to enable it when you configured PHP?]
26.02.18 21:22:44 sendStatusDoc [warn] [sendEvent [8.19] [cntr] [admin] [trialEnded] [] [exception: stream_socket_client failed, errstr: Unable to find the socket transport "unix" - did you forget to enable it when you configured PHP?]]
26.02.18 21:23:05 sendEvent [8.19] [resp] [admin] [goodbye] [] [exception: stream_socket_client failed, errstr: Unable to find the socket transport "unix" - did you forget to enable it when you configured PHP?]
26.02.18 21:23:05 sendStatusDoc [warn] [sendEvent [8.19] [resp] [admin] [goodbye] [] [exception: stream_socket_client failed, errstr: Unable to find the socket transport "unix" - did you forget to enable it when you configured PHP?]]
26.02.18 21:23:17 sendEvent [8.19] [resp] [admin] [setReadyMessage] [,,dot,msg_adtReady,,9m] [exception: stream_socket_client failed, errstr: Unable to find the socket transport "unix" - did you forget to enable it when you configured PHP?]
26.02.18 21:23:17 sendStatusDoc [warn] [sendEvent [8.19] [resp] [admin] [setReadyMessage] [,,dot,msg_adtReady,,9m] [exception: stream_socket_client failed, errstr: Unable to find the socket transport "unix" - did you forget to enable it when you configured PHP?]]
26.02.18 21:23:17 sendEvent [8.19] [resp] [admin] [startMultiTrials] [9m,tpbt,trial,6,1,2,1,3,admin,Santiago_Morales] [exception: stream_socket_client failed, errstr: Unable to find the socket transport "unix" - did you forget to enable it when you configured PHP?]
26.02.18 21:23:17 sendStatusDoc [warn] [sendEvent [8.19] [resp] [admin] [startMultiTrials] [9m,tpbt,trial,6,1,2,1,3,admin,Santiago_Morales] [exception: stream_socket_client failed, errstr: Unable to find the socket transport "unix" - did you forget to enable it when you configured PHP?]]
26.02.18 21:23:30 sendEvent [8.19] [cntr] [admin] [trialResult] [admin,1,2,9m,1,1771449809222,1771449809225,tpb,trial,1,,1,1436,1436,1436,top,apple,0,0,0,0,2] [exception: stream_socket_client failed, errstr: Unable to find the socket transport "unix" - did you forget to enable it when you configured PHP?]
26.02.18 21:23:30 sendStatusDoc [warn] [sendEvent [8.19] [cntr] [admin] [trialResult] [admin,1,2,9m,1,1771449809222,1771449809225,tpb,trial,1,,1,1436,1436,1436,top,apple,0,0,0,0,2] [exception: stream_socket_client failed, errstr: Unable to find the socket transport "unix" - did you forget to enable it when you configured PHP?]]
26.02.18 21:23:37 sendEvent [8.19] [cntr] [admin] [trialResult] [admin,1,2,9m,1,1771449816378,1771449816382,tpb,trial,2,,1,959,959,959,top,apple,0,0,0,0,1] [exception: stream_socket_client failed, errstr: Unable to find the socket transport "unix" - did you forget to enable it when you configured PHP?]
26.02.18 21:23:37 sendStatusDoc [warn] [sendEvent [8.19] [cntr] [admin] [trialResult] [admin,1,2,9m,1,1771449816378,1771449816382,tpb,trial,2,,1,959,959,959,top,apple,0,0,0,0,1] [exception: stream_socket_client failed, errstr: Unable to find the socket transport "unix" - did you forget to enable it when you configured PHP?]]
26.02.18 21:23:44 sendEvent [8.19] [cntr] [admin] [trialResult] [admin,1,2,9m,1,1771449822927,1771449822928,tpb,trial,3,,1,909,909,909,top,owl,0,0,0,0,0] [exception: stream_socket_client failed, errstr: Unable to find the socket transport "unix" - did you forget to enable it when you configured PHP?]
26.02.18 21:23:44 sendStatusDoc [warn] [sendEvent [8.19] [cntr] [admin] [trialResult] [admin,1,2,9m,1,1771449822927,1771449822928,tpb,trial,3,,1,909,909,909,top,owl,0,0,0,0,0] [exception: stream_socket_client failed, errstr: Unable to find the socket transport "unix" - did you forget to enable it when you configured PHP?]]
26.02.18 21:23:48 sendEvent [8.19] [cntr] [admin] [trialEnded] [] [exception: stream_socket_client failed, errstr: Unable to find the socket transport "unix" - did you forget to enable it when you configured PHP?]
26.02.18 21:23:48 sendStatusDoc [warn] [sendEvent [8.19] [cntr] [admin] [trialEnded] [] [exception: stream_socket_client failed, errstr: Unable to find the socket transport "unix" - did you forget to enable it when you configured PHP?]]
26.02.18 21:24:13 sendEvent [8.19] [resp] [admin] [endTrials] [9m,tspb] [exception: stream_socket_client failed, errstr: Unable to find the socket transport "unix" - did you forget to enable it when you configured PHP?]
26.02.18 21:24:13 sendStatusDoc [warn] [sendEvent [8.19] [resp] [admin] [endTrials] [9m,tspb] [exception: stream_socket_client failed, errstr: Unable to find the socket transport "unix" - did you forget to enable it when you configured PHP?]]
26.02.18 21:24:14 sendEvent [8.19] [resp] [admin] [endTrials] [9m,tspb] [exception: stream_socket_client failed, errstr: Unable to find the socket transport "unix" - did you forget to enable it when you configured PHP?]
26.02.18 21:24:14 sendStatusDoc [warn] [sendEvent [8.19] [resp] [admin] [endTrials] [9m,tspb] [exception: stream_socket_client failed, errstr: Unable to find the socket transport "unix" - did you forget to enable it when you configured PHP?]]
26.02.18 21:24:14 sendEvent [8.19] [resp] [admin] [endTrials] [9m,tspb] [exception: stream_socket_client failed, errstr: Unable to find the socket transport "unix" - did you forget to enable it when you configured PHP?]
26.02.18 21:24:14 sendStatusDoc [warn] [sendEvent [8.19] [resp] [admin] [endTrials] [9m,tspb] [exception: stream_socket_client failed, errstr: Unable to find the socket transport "unix" - did you forget to enable it when you configured PHP?]]
26.02.18 21:24:15 sendEvent [8.19] [resp] [admin] [endTrials] [9m,tspb] [exception: stream_socket_client failed, errstr: Unable to find the socket transport "unix" - did you forget to enable it when you configured PHP?]
26.02.18 21:24:15 sendStatusDoc [warn] [sendEvent [8.19] [resp] [admin] [endTrials] [9m,tspb] [exception: stream_socket_client failed, errstr: Unable to find the socket transport "unix" - did you forget to enable it when you configured PHP?]]
26.02.18 21:24:20 sendEvent [8.19] [resp] [admin] [endTrials] [9m,tspb] [exception: stream_socket_client failed, errstr: Unable to find the socket transport "unix" - did you forget to enable it when you configured PHP?]
26.02.18 21:24:20 sendStatusDoc [warn] [sendEvent [8.19] [resp] [admin] [endTrials] [9m,tspb] [exception: stream_socket_client failed, errstr: Unable to find the socket transport "unix" - did you forget to enable it when you configured PHP?]]
26.02.18 21:24:20 sendEvent [8.19] [resp] [admin] [endTrials] [9m,tspb] [exception: stream_socket_client failed, errstr: Unable to find the socket transport "unix" - did you forget to enable it when you configured PHP?]
26.02.18 21:24:20 sendStatusDoc [warn] [sendEvent [8.19] [resp] [admin] [endTrials] [9m,tspb] [exception: stream_socket_client failed, errstr: Unable to find the socket transport "unix" - did you forget to enable it when you configured PHP?]]
26.02.18 21:24:21 sendEvent [8.19] [resp] [admin] [endTrials] [9m,tspb] [exception: stream_socket_client failed, errstr: Unable to find the socket transport "unix" - did you forget to enable it when you configured PHP?]
26.02.18 21:24:21 sendStatusDoc [warn] [sendEvent [8.19] [resp] [admin] [endTrials] [9m,tspb] [exception: stream_socket_client failed, errstr: Unable to find the socket transport "unix" - did you forget to enable it when you configured PHP?]]
26.02.18 21:24:22 sendEvent [8.19] [resp] [admin] [endTrials] [9m,tspb] [exception: stream_socket_client failed, errstr: Unable to find the socket transport "unix" - did you forget to enable it when you configured PHP?]
26.02.18 21:24:22 sendStatusDoc [warn] [sendEvent [8.19] [resp] [admin] [endTrials] [9m,tspb] [exception: stream_socket_client failed, errstr: Unable to find the socket transport "unix" - did you forget to enable it when you configured PHP?]]
26.02.18 21:29:28 sendEvent [8.19] [resp] [admin] [endTest] [] [exception: stream_socket_client failed, errstr: Unable to find the socket transport "unix" - did you forget to enable it when you configured PHP?]
26.02.18 21:29:28 sendStatusDoc [warn] [sendEvent [8.19] [resp] [admin] [endTest] [] [exception: stream_socket_client failed, errstr: Unable to find the socket transport "unix" - did you forget to enable it when you configured PHP?]]
26.02.18 21:29:33 sendEvent [8.19] [cntr] [admin] [testEnded] [] [exception: stream_socket_client failed, errstr: Unable to find the socket transport "unix" - did you forget to enable it when you configured PHP?]
26.02.18 21:29:33 sendStatusDoc [warn] [sendEvent [8.19] [cntr] [admin] [testEnded] [] [exception: stream_socket_client failed, errstr: Unable to find the socket transport "unix" - did you forget to enable it when you configured PHP?]]
26.02.18 21:29:48 sendEvent [8.19] [resp] [admin] [setReadyMessage] [,,dot,msg_adtReady,,24m1] [exception: stream_socket_client failed, errstr: Unable to find the socket transport "unix" - did you forget to enable it when you configured PHP?]
26.02.18 21:29:48 sendStatusDoc [warn] [sendEvent [8.19] [resp] [admin] [setReadyMessage] [,,dot,msg_adtReady,,24m1] [exception: stream_socket_client failed, errstr: Unable to find the socket transport "unix" - did you forget to enable it when you configured PHP?]]
26.02.18 21:29:48 sendEvent [8.19] [resp] [admin] [startMultiTrials] [24m1,prt,demo,0,1,2,1,1,admin,Santiago_Morales] [exception: stream_socket_client failed, errstr: Unable to find the socket transport "unix" - did you forget to enable it when you configured PHP?]
26.02.18 21:29:48 sendStatusDoc [warn] [sendEvent [8.19] [resp] [admin] [startMultiTrials] [24m1,prt,demo,0,1,2,1,1,admin,Santiago_Morales] [exception: stream_socket_client failed, errstr: Unable to find the socket transport "unix" - did you forget to enable it when you configured PHP?]]
26.02.18 21:30:10 sendEvent [8.19] [cntr] [admin] [trialResult] [admin,1,2,24m1,1,1771450208173,1771450208176,prt,demo,1,,1,2253,2253,2253,mdl,elephant2,0,0,0,0,0] [exception: stream_socket_client failed, errstr: Unable to find the socket transport "unix" - did you forget to enable it when you configured PHP?]
26.02.18 21:30:10 sendStatusDoc [warn] [sendEvent [8.19] [cntr] [admin] [trialResult] [admin,1,2,24m1,1,1771450208173,1771450208176,prt,demo,1,,1,2253,2253,2253,mdl,elephant2,0,0,0,0,0] [exception: stream_socket_client failed, errstr: Unable to find the socket transport "unix" - did you forget to enable it when you configured PHP?]]
26.02.18 21:30:15 sendEvent [8.19] [cntr] [admin] [trialEnded] [] [exception: stream_socket_client failed, errstr: Unable to find the socket transport "unix" - did you forget to enable it when you configured PHP?]
26.02.18 21:30:15 sendStatusDoc [warn] [sendEvent [8.19] [cntr] [admin] [trialEnded] [] [exception: stream_socket_client failed, errstr: Unable to find the socket transport "unix" - did you forget to enable it when you configured PHP?]]
26.02.18 21:30:57 sendEvent [8.19] [resp] [admin] [startMultiTrials] [24m1,prt,trial,0,1,2,1,3,admin,Santiago_Morales] [exception: stream_socket_client failed, errstr: Unable to find the socket transport "unix" - did you forget to enable it when you configured PHP?]
26.02.18 21:30:57 sendStatusDoc [warn] [sendEvent [8.19] [resp] [admin] [startMultiTrials] [24m1,prt,trial,0,1,2,1,3,admin,Santiago_Morales] [exception: stream_socket_client failed, errstr: Unable to find the socket transport "unix" - did you forget to enable it when you configured PHP?]]
26.02.18 21:30:57 sendEvent [8.19] [resp] [admin] [setReadyMessage] [,,dot,msg_adtReady,,24m1] [exception: stream_socket_client failed, errstr: Unable to find the socket transport "unix" - did you forget to enable it when you configured PHP?]
26.02.18 21:30:57 sendStatusDoc [warn] [sendEvent [8.19] [resp] [admin] [setReadyMessage] [,,dot,msg_adtReady,,24m1] [exception: stream_socket_client failed, errstr: Unable to find the socket transport "unix" - did you forget to enable it when you configured PHP?]]
26.02.18 21:31:12 sendEvent [8.19] [cntr] [admin] [trialResult] [admin,1,2,24m1,1,1771450270646,1771450270648,prt,trial,1,,1,1677,1677,1677,mdl,elephant,0,0,0,0,2] [exception: stream_socket_client failed, errstr: Unable to find the socket transport "unix" - did you forget to enable it when you configured PHP?]
26.02.18 21:31:12 sendStatusDoc [warn] [sendEvent [8.19] [cntr] [admin] [trialResult] [admin,1,2,24m1,1,1771450270646,1771450270648,prt,trial,1,,1,1677,1677,1677,mdl,elephant,0,0,0,0,2] [exception: stream_socket_client failed, errstr: Unable to find the socket transport "unix" - did you forget to enable it when you configured PHP?]]
26.02.18 21:31:21 sendEvent [8.19] [cntr] [admin] [trialResult] [admin,1,2,24m1,1,1771450278869,1771450278871,prt,trial,2,,1,2557,2558,2558,mdl,elephant,0,0,0,0,1] [exception: stream_socket_client failed, errstr: Unable to find the socket transport "unix" - did you forget to enable it when you configured PHP?]
26.02.18 21:31:21 sendStatusDoc [warn] [sendEvent [8.19] [cntr] [admin] [trialResult] [admin,1,2,24m1,1,1771450278869,1771450278871,prt,trial,2,,1,2557,2558,2558,mdl,elephant,0,0,0,0,1] [exception: stream_socket_client failed, errstr: Unable to find the socket transport "unix" - did you forget to enable it when you configured PHP?]]
26.02.18 21:31:29 sendEvent [8.19] [cntr] [admin] [trialResult] [admin,1,2,24m1,1,1771450287422,1771450287427,prt,trial,3,,1,1946,1946,1946,mdl,apple,0,0,0,0,0] [exception: stream_socket_client failed, errstr: Unable to find the socket transport "unix" - did you forget to enable it when you configured PHP?]
26.02.18 21:31:29 sendStatusDoc [warn] [sendEvent [8.19] [cntr] [admin] [trialResult] [admin,1,2,24m1,1,1771450287422,1771450287427,prt,trial,3,,1,1946,1946,1946,mdl,apple,0,0,0,0,0] [exception: stream_socket_client failed, errstr: Unable to find the socket transport "unix" - did you forget to enable it when you configured PHP?]]
26.02.18 21:31:34 sendEvent [8.19] [cntr] [admin] [trialEnded] [] [exception: stream_socket_client failed, errstr: Unable to find the socket transport "unix" - did you forget to enable it when you configured PHP?]
26.02.18 21:31:34 sendStatusDoc [warn] [sendEvent [8.19] [cntr] [admin] [trialEnded] [] [exception: stream_socket_client failed, errstr: Unable to find the socket transport "unix" - did you forget to enable it when you configured PHP?]]
26.02.18 21:32:10 sendEvent [8.19] [resp] [admin] [setReadyMessage] [,,dot,msg_adtReady,,24m1] [exception: stream_socket_client failed, errstr: Unable to find the socket transport "unix" - did you forget to enable it when you configured PHP?]
26.02.18 21:32:10 sendStatusDoc [warn] [sendEvent [8.19] [resp] [admin] [setReadyMessage] [,,dot,msg_adtReady,,24m1] [exception: stream_socket_client failed, errstr: Unable to find the socket transport "unix" - did you forget to enable it when you configured PHP?]]
26.02.18 21:32:10 sendEvent [8.19] [resp] [admin] [startMultiTrials] [24m1,tpt,trial,0,1,2,1,32,admin,Santiago_Morales] [exception: stream_socket_client failed, errstr: Unable to find the socket transport "unix" - did you forget to enable it when you configured PHP?]
26.02.18 21:32:10 sendStatusDoc [warn] [sendEvent [8.19] [resp] [admin] [startMultiTrials] [24m1,tpt,trial,0,1,2,1,32,admin,Santiago_Morales] [exception: stream_socket_client failed, errstr: Unable to find the socket transport "unix" - did you forget to enable it when you configured PHP?]]
26.02.18 21:32:26 sendEvent [8.19] [cntr] [admin] [trialResult] [admin,1,2,24m1,1,1771450345453,1771450345457,tpt,trial,1,prpt,1,1268,1268,1268,top,elephant2,0,0,0,0,31] [exception: stream_socket_client failed, errstr: Unable to find the socket transport "unix" - did you forget to enable it when you configured PHP?]
26.02.18 21:32:26 sendStatusDoc [warn] [sendEvent [8.19] [cntr] [admin] [trialResult] [admin,1,2,24m1,1,1771450345453,1771450345457,tpt,trial,1,prpt,1,1268,1268,1268,top,elephant2,0,0,0,0,31] [exception: stream_socket_client failed, errstr: Unable to find the socket transport "unix" - did you forget to enable it when you configured PHP?]]
26.02.18 21:32:34 sendEvent [8.19] [cntr] [admin] [trialResult] [admin,1,2,24m1,1,1771450352669,1771450352672,tpt,trial,2,prpt,1,1213,1213,1213,top,flower,0,0,0,0,30] [exception: stream_socket_client failed, errstr: Unable to find the socket transport "unix" - did you forget to enable it when you configured PHP?]
26.02.18 21:32:34 sendStatusDoc [warn] [sendEvent [8.19] [cntr] [admin] [trialResult] [admin,1,2,24m1,1,1771450352669,1771450352672,tpt,trial,2,prpt,1,1213,1213,1213,top,flower,0,0,0,0,30] [exception: stream_socket_client failed, errstr: Unable to find the socket transport "unix" - did you forget to enable it when you configured PHP?]]
26.02.18 21:32:41 sendEvent [8.19] [cntr] [admin] [trialResult] [admin,1,2,24m1,1,1771450359743,1771450359745,tpt,trial,3,prpt,1,1052,1052,1052,top,elephant4,0,0,0,0,29] [exception: stream_socket_client failed, errstr: Unable to find the socket transport "unix" - did you forget to enable it when you configured PHP?]
26.02.18 21:32:41 sendStatusDoc [warn] [sendEvent [8.19] [cntr] [admin] [trialResult] [admin,1,2,24m1,1,1771450359743,1771450359745,tpt,trial,3,prpt,1,1052,1052,1052,top,elephant4,0,0,0,0,29] [exception: stream_socket_client failed, errstr: Unable to find the socket transport "unix" - did you forget to enable it when you configured PHP?]]
26.02.18 21:32:48 sendEvent [8.19] [cntr] [admin] [trialResult] [admin,1,2,24m1,1,1771450366581,1771450366583,tpt,trial,4,prpt,1,1161,1161,1161,top,flower,0,0,0,0,28] [exception: stream_socket_client failed, errstr: Unable to find the socket transport "unix" - did you forget to enable it when you configured PHP?]
26.02.18 21:32:48 sendStatusDoc [warn] [sendEvent [8.19] [cntr] [admin] [trialResult] [admin,1,2,24m1,1,1771450366581,1771450366583,tpt,trial,4,prpt,1,1161,1161,1161,top,flower,0,0,0,0,28] [exception: stream_socket_client failed, errstr: Unable to find the socket transport "unix" - did you forget to enable it when you configured PHP?]]
26.02.18 21:32:54 sendEvent [8.19] [cntr] [admin] [trialResult] [admin,1,2,24m1,1,1771450373357,1771450373358,tpt,trial,5,prpt,1,783,783,783,top,elephant4,0,0,0,0,27] [exception: stream_socket_client failed, errstr: Unable to find the socket transport "unix" - did you forget to enable it when you configured PHP?]
26.02.18 21:32:54 sendStatusDoc [warn] [sendEvent [8.19] [cntr] [admin] [trialResult] [admin,1,2,24m1,1,1771450373357,1771450373358,tpt,trial,5,prpt,1,783,783,783,top,elephant4,0,0,0,0,27] [exception: stream_socket_client failed, errstr: Unable to find the socket transport "unix" - did you forget to enable it when you configured PHP?]]
26.02.18 21:33:00 sendEvent [8.19] [cntr] [admin] [trialResult] [admin,1,2,24m1,1,1771450379485,1771450379487,tpt,trial,6,inhb,1,902,902,902,btm,flower,0,0,0,0,26] [exception: stream_socket_client failed, errstr: Unable to find the socket transport "unix" - did you forget to enable it when you configured PHP?]
26.02.18 21:33:00 sendStatusDoc [warn] [sendEvent [8.19] [cntr] [admin] [trialResult] [admin,1,2,24m1,1,1771450379485,1771450379487,tpt,trial,6,inhb,1,902,902,902,btm,flower,0,0,0,0,26] [exception: stream_socket_client failed, errstr: Unable to find the socket transport "unix" - did you forget to enable it when you configured PHP?]]
26.02.18 21:33:08 sendEvent [8.19] [cntr] [admin] [trialResult] [admin,1,2,24m1,1,1771450385853,1771450385855,tpt,trial,7,inhb,0,1942,1942,1942,top,owl,0,0,0,0,25] [exception: stream_socket_client failed, errstr: Unable to find the socket transport "unix" - did you forget to enable it when you configured PHP?]
26.02.18 21:33:08 sendStatusDoc [warn] [sendEvent [8.19] [cntr] [admin] [trialResult] [admin,1,2,24m1,1,1771450385853,1771450385855,tpt,trial,7,inhb,0,1942,1942,1942,top,owl,0,0,0,0,25] [exception: stream_socket_client failed, errstr: Unable to find the socket transport "unix" - did you forget to enable it when you configured PHP?]]
26.02.18 21:33:11 sendEvent [8.19] [cntr] [admin] [trialResult] [admin,1,2,24m1,1,1771450390309,1771450390312,tpt,trial,8,prpt,1,1165,1165,1165,top,flower,0,0,0,0,24] [exception: stream_socket_client failed, errstr: Unable to find the socket transport "unix" - did you forget to enable it when you configured PHP?]
26.02.18 21:33:11 sendStatusDoc [warn] [sendEvent [8.19] [cntr] [admin] [trialResult] [admin,1,2,24m1,1,1771450390309,1771450390312,tpt,trial,8,prpt,1,1165,1165,1165,top,flower,0,0,0,0,24] [exception: stream_socket_client failed, errstr: Unable to find the socket transport "unix" - did you forget to enable it when you configured PHP?]]
26.02.18 21:33:17 sendEvent [8.19] [cntr] [admin] [trialResult] [admin,1,2,24m1,1,1771450396718,1771450396720,tpt,trial,9,inhb,1,926,927,927,btm,elephant4,0,0,0,0,23] [exception: stream_socket_client failed, errstr: Unable to find the socket transport "unix" - did you forget to enable it when you configured PHP?]
26.02.18 21:33:17 sendStatusDoc [warn] [sendEvent [8.19] [cntr] [admin] [trialResult] [admin,1,2,24m1,1,1771450396718,1771450396720,tpt,trial,9,inhb,1,926,927,927,btm,elephant4,0,0,0,0,23] [exception: stream_socket_client failed, errstr: Unable to find the socket transport "unix" - did you forget to enable it when you configured PHP?]]
26.02.18 21:33:24 sendEvent [8.19] [cntr] [admin] [trialResult] [admin,1,2,24m1,1,1771450403021,1771450403024,tpt,trial,10,prpt,1,1062,1062,1062,top,apple,0,0,0,0,22] [exception: stream_socket_client failed, errstr: Unable to find the socket transport "unix" - did you forget to enable it when you configured PHP?]
26.02.18 21:33:24 sendStatusDoc [warn] [sendEvent [8.19] [cntr] [admin] [trialResult] [admin,1,2,24m1,1,1771450403021,1771450403024,tpt,trial,10,prpt,1,1062,1062,1062,top,apple,0,0,0,0,22] [exception: stream_socket_client failed, errstr: Unable to find the socket transport "unix" - did you forget to enable it when you configured PHP?]]
26.02.18 21:33:46 sendEvent [8.19] [resp] [admin] [cancelTrial] [] [exception: stream_socket_client failed, errstr: Unable to find the socket transport "unix" - did you forget to enable it when you configured PHP?]
26.02.18 21:33:46 sendStatusDoc [warn] [sendEvent [8.19] [resp] [admin] [cancelTrial] [] [exception: stream_socket_client failed, errstr: Unable to find the socket transport "unix" - did you forget to enable it when you configured PHP?]]
26.02.18 21:33:47 sendEvent [8.19] [resp] [admin] [endTrials] [24m1,tspt] [exception: stream_socket_client failed, errstr: Unable to find the socket transport "unix" - did you forget to enable it when you configured PHP?]
26.02.18 21:33:47 sendStatusDoc [warn] [sendEvent [8.19] [resp] [admin] [endTrials] [24m1,tspt] [exception: stream_socket_client failed, errstr: Unable to find the socket transport "unix" - did you forget to enable it when you configured PHP?]]
26.02.18 21:33:48 sendEvent [8.19] [resp] [admin] [endTrials] [24m1,tspt] [exception: stream_socket_client failed, errstr: Unable to find the socket transport "unix" - did you forget to enable it when you configured PHP?]
26.02.18 21:33:48 sendStatusDoc [warn] [sendEvent [8.19] [resp] [admin] [endTrials] [24m1,tspt] [exception: stream_socket_client failed, errstr: Unable to find the socket transport "unix" - did you forget to enable it when you configured PHP?]]
26.02.18 21:33:48 sendEvent [8.19] [resp] [admin] [endTrials] [24m1,tspt] [exception: stream_socket_client failed, errstr: Unable to find the socket transport "unix" - did you forget to enable it when you configured PHP?]
26.02.18 21:33:48 sendStatusDoc [warn] [sendEvent [8.19] [resp] [admin] [endTrials] [24m1,tspt] [exception: stream_socket_client failed, errstr: Unable to find the socket transport "unix" - did you forget to enable it when you configured PHP?]]
26.02.18 21:33:50 sendEvent [8.19] [resp] [admin] [endTrials] [24m1,tspt] [exception: stream_socket_client failed, errstr: Unable to find the socket transport "unix" - did you forget to enable it when you configured PHP?]
26.02.18 21:33:50 sendStatusDoc [warn] [sendEvent [8.19] [resp] [admin] [endTrials] [24m1,tspt] [exception: stream_socket_client failed, errstr: Unable to find the socket transport "unix" - did you forget to enable it when you configured PHP?]]
26.02.18 21:34:18 sendEvent [8.19] [resp] [admin] [setReadyMessage] [,,dot,msg_adtReady,,24m1] [exception: stream_socket_client failed, errstr: Unable to find the socket transport "unix" - did you forget to enable it when you configured PHP?]
26.02.18 21:34:18 sendStatusDoc [warn] [sendEvent [8.19] [resp] [admin] [setReadyMessage] [,,dot,msg_adtReady,,24m1] [exception: stream_socket_client failed, errstr: Unable to find the socket transport "unix" - did you forget to enable it when you configured PHP?]]
26.02.18 21:34:18 sendEvent [8.19] [resp] [admin] [startMultiTrials] [24m1,prb,demo,0,1,2,1,1,admin,Santiago_Morales] [exception: stream_socket_client failed, errstr: Unable to find the socket transport "unix" - did you forget to enable it when you configured PHP?]
26.02.18 21:34:18 sendStatusDoc [warn] [sendEvent [8.19] [resp] [admin] [startMultiTrials] [24m1,prb,demo,0,1,2,1,1,admin,Santiago_Morales] [exception: stream_socket_client failed, errstr: Unable to find the socket transport "unix" - did you forget to enable it when you configured PHP?]]
26.02.18 21:34:36 sendEvent [8.19] [cntr] [admin] [trialResult] [admin,1,2,24m1,1,1771450474263,1771450474266,prb,demo,1,,1,1676,1676,1676,mdl,bus,0,0,0,0,0] [exception: stream_socket_client failed, errstr: Unable to find the socket transport "unix" - did you forget to enable it when you configured PHP?]
26.02.18 21:34:36 sendStatusDoc [warn] [sendEvent [8.19] [cntr] [admin] [trialResult] [admin,1,2,24m1,1,1771450474263,1771450474266,prb,demo,1,,1,1676,1676,1676,mdl,bus,0,0,0,0,0] [exception: stream_socket_client failed, errstr: Unable to find the socket transport "unix" - did you forget to enable it when you configured PHP?]]
26.02.18 21:34:41 sendEvent [8.19] [cntr] [admin] [trialEnded] [] [exception: stream_socket_client failed, errstr: Unable to find the socket transport "unix" - did you forget to enable it when you configured PHP?]
26.02.18 21:34:41 sendStatusDoc [warn] [sendEvent [8.19] [cntr] [admin] [trialEnded] [] [exception: stream_socket_client failed, errstr: Unable to find the socket transport "unix" - did you forget to enable it when you configured PHP?]]
26.02.18 21:36:22 sendEvent [8.19] [resp] [admin] [setReadyMessage] [,,dot,msg_adtReady,,24m1] [exception: stream_socket_client failed, errstr: Unable to find the socket transport "unix" - did you forget to enable it when you configured PHP?]
26.02.18 21:36:22 sendStatusDoc [warn] [sendEvent [8.19] [resp] [admin] [setReadyMessage] [,,dot,msg_adtReady,,24m1] [exception: stream_socket_client failed, errstr: Unable to find the socket transport "unix" - did you forget to enable it when you configured PHP?]]
26.02.18 21:36:22 sendEvent [8.19] [resp] [admin] [startMultiTrials] [24m1,prb,trial,0,1,2,1,3,admin,Santiago_Morales] [exception: stream_socket_client failed, errstr: Unable to find the socket transport "unix" - did you forget to enable it when you configured PHP?]
26.02.18 21:36:22 sendStatusDoc [warn] [sendEvent [8.19] [resp] [admin] [startMultiTrials] [24m1,prb,trial,0,1,2,1,3,admin,Santiago_Morales] [exception: stream_socket_client failed, errstr: Unable to find the socket transport "unix" - did you forget to enable it when you configured PHP?]]
26.02.18 21:36:26 sendEvent [8.19] [cntr] [admin] [trialResult] [admin,1,2,24m1,1,1771450584526,1771450584528,prb,trial,1,,1,1261,1261,1261,mdl,owl,0,0,0,0,2] [exception: stream_socket_client failed, errstr: Unable to find the socket transport "unix" - did you forget to enable it when you configured PHP?]
26.02.18 21:36:26 sendStatusDoc [warn] [sendEvent [8.19] [cntr] [admin] [trialResult] [admin,1,2,24m1,1,1771450584526,1771450584528,prb,trial,1,,1,1261,1261,1261,mdl,owl,0,0,0,0,2] [exception: stream_socket_client failed, errstr: Unable to find the socket transport "unix" - did you forget to enable it when you configured PHP?]]
26.02.18 21:36:32 sendEvent [8.19] [cntr] [admin] [trialResult] [admin,1,2,24m1,1,1771450591580,1771450591582,prb,trial,2,,1,951,951,951,mdl,bus,0,0,0,0,1] [exception: stream_socket_client failed, errstr: Unable to find the socket transport "unix" - did you forget to enable it when you configured PHP?]
26.02.18 21:36:32 sendStatusDoc [warn] [sendEvent [8.19] [cntr] [admin] [trialResult] [admin,1,2,24m1,1,1771450591580,1771450591582,prb,trial,2,,1,951,951,951,mdl,bus,0,0,0,0,1] [exception: stream_socket_client failed, errstr: Unable to find the socket transport "unix" - did you forget to enable it when you configured PHP?]]
26.02.18 21:36:39 sendEvent [8.19] [cntr] [admin] [trialResult] [admin,1,2,24m1,1,1771450598077,1771450598079,prb,trial,3,,1,726,726,726,mdl,bus,0,0,0,0,0] [exception: stream_socket_client failed, errstr: Unable to find the socket transport "unix" - did you forget to enable it when you configured PHP?]
26.02.18 21:36:39 sendStatusDoc [warn] [sendEvent [8.19] [cntr] [admin] [trialResult] [admin,1,2,24m1,1,1771450598077,1771450598079,prb,trial,3,,1,726,726,726,mdl,bus,0,0,0,0,0] [exception: stream_socket_client failed, errstr: Unable to find the socket transport "unix" - did you forget to enable it when you configured PHP?]]
26.02.18 21:36:44 sendEvent [8.19] [cntr] [admin] [trialEnded] [] [exception: stream_socket_client failed, errstr: Unable to find the socket transport "unix" - did you forget to enable it when you configured PHP?]
26.02.18 21:36:44 sendStatusDoc [warn] [sendEvent [8.19] [cntr] [admin] [trialEnded] [] [exception: stream_socket_client failed, errstr: Unable to find the socket transport "unix" - did you forget to enable it when you configured PHP?]]
26.02.18 21:38:16 sendEvent [8.19] [resp] [admin] [setReadyMessage] [,,dot,msg_adtReady,,24m1] [exception: stream_socket_client failed, errstr: Unable to find the socket transport "unix" - did you forget to enable it when you configured PHP?]
26.02.18 21:38:16 sendStatusDoc [warn] [sendEvent [8.19] [resp] [admin] [setReadyMessage] [,,dot,msg_adtReady,,24m1] [exception: stream_socket_client failed, errstr: Unable to find the socket transport "unix" - did you forget to enable it when you configured PHP?]]
26.02.18 21:38:16 sendEvent [8.19] [resp] [admin] [startMultiTrials] [24m1,tpb,trial,0,1,2,1,32,admin,Santiago_Morales] [exception: stream_socket_client failed, errstr: Unable to find the socket transport "unix" - did you forget to enable it when you configured PHP?]
26.02.18 21:38:16 sendStatusDoc [warn] [sendEvent [8.19] [resp] [admin] [startMultiTrials] [24m1,tpb,trial,0,1,2,1,32,admin,Santiago_Morales] [exception: stream_socket_client failed, errstr: Unable to find the socket transport "unix" - did you forget to enable it when you configured PHP?]]
26.02.18 21:38:37 sendEvent [8.19] [cntr] [admin] [trialResult] [admin,1,2,24m1,1,1771450715754,1771450715757,tpb,trial,1,prpt,1,1168,1168,1168,btm,elephant4,0,0,0,0,31] [exception: stream_socket_client failed, errstr: Unable to find the socket transport "unix" - did you forget to enable it when you configured PHP?]
26.02.18 21:38:37 sendStatusDoc [warn] [sendEvent [8.19] [cntr] [admin] [trialResult] [admin,1,2,24m1,1,1771450715754,1771450715757,tpb,trial,1,prpt,1,1168,1168,1168,btm,elephant4,0,0,0,0,31] [exception: stream_socket_client failed, errstr: Unable to find the socket transport "unix" - did you forget to enable it when you configured PHP?]]
26.02.18 21:38:43 sendEvent [8.19] [cntr] [admin] [trialResult] [admin,1,2,24m1,1,1771450722229,1771450722231,tpb,trial,2,prpt,1,750,750,750,btm,owl,0,0,0,0,30] [exception: stream_socket_client failed, errstr: Unable to find the socket transport "unix" - did you forget to enable it when you configured PHP?]
26.02.18 21:38:43 sendStatusDoc [warn] [sendEvent [8.19] [cntr] [admin] [trialResult] [admin,1,2,24m1,1,1771450722229,1771450722231,tpb,trial,2,prpt,1,750,750,750,btm,owl,0,0,0,0,30] [exception: stream_socket_client failed, errstr: Unable to find the socket transport "unix" - did you forget to enable it when you configured PHP?]]
26.02.18 21:38:48 sendEvent [8.19] [cntr] [admin] [trialResult] [admin,1,2,24m1,1,1771450727735,1771450727737,tpb,trial,3,prpt,1,780,780,780,btm,bus,0,0,0,0,29] [exception: stream_socket_client failed, errstr: Unable to find the socket transport "unix" - did you forget to enable it when you configured PHP?]
26.02.18 21:38:48 sendStatusDoc [warn] [sendEvent [8.19] [cntr] [admin] [trialResult] [admin,1,2,24m1,1,1771450727735,1771450727737,tpb,trial,3,prpt,1,780,780,780,btm,bus,0,0,0,0,29] [exception: stream_socket_client failed, errstr: Unable to find the socket transport "unix" - did you forget to enable it when you configured PHP?]]
26.02.18 21:38:55 sendEvent [8.19] [cntr] [admin] [trialResult] [admin,1,2,24m1,1,1771450733951,1771450733953,tpb,trial,4,prpt,1,773,773,773,btm,elephant,0,0,0,0,28] [exception: stream_socket_client failed, errstr: Unable to find the socket transport "unix" - did you forget to enable it when you configured PHP?]
26.02.18 21:38:55 sendStatusDoc [warn] [sendEvent [8.19] [cntr] [admin] [trialResult] [admin,1,2,24m1,1,1771450733951,1771450733953,tpb,trial,4,prpt,1,773,773,773,btm,elephant,0,0,0,0,28] [exception: stream_socket_client failed, errstr: Unable to find the socket transport "unix" - did you forget to enable it when you configured PHP?]]
26.02.18 21:39:01 sendEvent [8.19] [cntr] [admin] [trialResult] [admin,1,2,24m1,1,1771450739999,1771450740001,tpb,trial,5,prpt,1,980,980,980,btm,flower,0,0,0,0,27] [exception: stream_socket_client failed, errstr: Unable to find the socket transport "unix" - did you forget to enable it when you configured PHP?]
26.02.18 21:39:01 sendStatusDoc [warn] [sendEvent [8.19] [cntr] [admin] [trialResult] [admin,1,2,24m1,1,1771450739999,1771450740001,tpb,trial,5,prpt,1,980,980,980,btm,flower,0,0,0,0,27] [exception: stream_socket_client failed, errstr: Unable to find the socket transport "unix" - did you forget to enable it when you configured PHP?]]
26.02.18 21:39:07 sendEvent [8.19] [cntr] [admin] [trialResult] [admin,1,2,24m1,1,1771450746254,1771450746258,tpb,trial,6,inhb,1,1387,1387,1387,top,elephant,0,0,0,0,26] [exception: stream_socket_client failed, errstr: Unable to find the socket transport "unix" - did you forget to enable it when you configured PHP?]
26.02.18 21:39:07 sendStatusDoc [warn] [sendEvent [8.19] [cntr] [admin] [trialResult] [admin,1,2,24m1,1,1771450746254,1771450746258,tpb,trial,6,inhb,1,1387,1387,1387,top,elephant,0,0,0,0,26] [exception: stream_socket_client failed, errstr: Unable to find the socket transport "unix" - did you forget to enable it when you configured PHP?]]
26.02.18 21:39:14 sendEvent [8.19] [cntr] [admin] [trialResult] [admin,1,2,24m1,1,1771450752847,1771450752849,tpb,trial,7,inhb,0,1292,1292,1292,btm,bus,0,0,0,0,25] [exception: stream_socket_client failed, errstr: Unable to find the socket transport "unix" - did you forget to enable it when you configured PHP?]
26.02.18 21:39:14 sendStatusDoc [warn] [sendEvent [8.19] [cntr] [admin] [trialResult] [admin,1,2,24m1,1,1771450752847,1771450752849,tpb,trial,7,inhb,0,1292,1292,1292,btm,bus,0,0,0,0,25] [exception: stream_socket_client failed, errstr: Unable to find the socket transport "unix" - did you forget to enable it when you configured PHP?]]
26.02.18 21:39:18 sendEvent [8.19] [cntr] [admin] [trialResult] [admin,1,2,24m1,1,1771450756775,1771450756776,tpb,trial,8,prpt,1,1499,1499,1499,btm,flower,0,0,0,0,24] [exception: stream_socket_client failed, errstr: Unable to find the socket transport "unix" - did you forget to enable it when you configured PHP?]
26.02.18 21:39:18 sendStatusDoc [warn] [sendEvent [8.19] [cntr] [admin] [trialResult] [admin,1,2,24m1,1,1771450756775,1771450756776,tpb,trial,8,prpt,1,1499,1499,1499,btm,flower,0,0,0,0,24] [exception: stream_socket_client failed, errstr: Unable to find the socket transport "unix" - did you forget to enable it when you configured PHP?]]
26.02.18 21:39:25 sendEvent [8.19] [cntr] [admin] [trialResult] [admin,1,2,24m1,1,1771450763558,1771450763561,tpb,trial,9,prpt,1,1461,1461,1461,btm,owl,0,0,0,0,23] [exception: stream_socket_client failed, errstr: Unable to find the socket transport "unix" - did you forget to enable it when you configured PHP?]
26.02.18 21:39:25 sendStatusDoc [warn] [sendEvent [8.19] [cntr] [admin] [trialResult] [admin,1,2,24m1,1,1771450763558,1771450763561,tpb,trial,9,prpt,1,1461,1461,1461,btm,owl,0,0,0,0,23] [exception: stream_socket_client failed, errstr: Unable to find the socket transport "unix" - did you forget to enable it when you configured PHP?]]
26.02.18 21:39:31 sendEvent [8.19] [cntr] [admin] [trialResult] [admin,1,2,24m1,1,1771450770079,1771450770082,tpb,trial,10,prpt,1,947,947,947,btm,elephant4,0,0,0,0,22] [exception: stream_socket_client failed, errstr: Unable to find the socket transport "unix" - did you forget to enable it when you configured PHP?]
26.02.18 21:39:31 sendStatusDoc [warn] [sendEvent [8.19] [cntr] [admin] [trialResult] [admin,1,2,24m1,1,1771450770079,1771450770082,tpb,trial,10,prpt,1,947,947,947,btm,elephant4,0,0,0,0,22] [exception: stream_socket_client failed, errstr: Unable to find the socket transport "unix" - did you forget to enable it when you configured PHP?]]
26.02.18 22:45:18 sendEvent [8.19] [resp] [admin] [setReadyMessage] [,,dot,msg_adtReady,,24m2] [exception: stream_socket_client failed, errstr: Unable to find the socket transport "unix" - did you forget to enable it when you configured PHP?]
26.02.18 22:45:18 sendStatusDoc [warn] [sendEvent [8.19] [resp] [admin] [setReadyMessage] [,,dot,msg_adtReady,,24m2] [exception: stream_socket_client failed, errstr: Unable to find the socket transport "unix" - did you forget to enable it when you configured PHP?]]
26.02.18 22:45:18 sendEvent [8.19] [resp] [admin] [startMultiTrials] [24m2,prt,demo,0,1,2,1,1,admin,Santiago_Morales] [exception: stream_socket_client failed, errstr: Unable to find the socket transport "unix" - did you forget to enable it when you configured PHP?]
26.02.18 22:45:18 sendStatusDoc [warn] [sendEvent [8.19] [resp] [admin] [startMultiTrials] [24m2,prt,demo,0,1,2,1,1,admin,Santiago_Morales] [exception: stream_socket_client failed, errstr: Unable to find the socket transport "unix" - did you forget to enable it when you configured PHP?]]
26.02.18 22:45:36 sendEvent [8.19] [cntr] [admin] [trialResult] [admin,1,2,24m2,1,1771454734729,1771454734731,prt,demo,1,,1,1214,1214,1214,mdl,elephant2,0,0,0,0,0] [exception: stream_socket_client failed, errstr: Unable to find the socket transport "unix" - did you forget to enable it when you configured PHP?]
26.02.18 22:45:36 sendStatusDoc [warn] [sendEvent [8.19] [cntr] [admin] [trialResult] [admin,1,2,24m2,1,1771454734729,1771454734731,prt,demo,1,,1,1214,1214,1214,mdl,elephant2,0,0,0,0,0] [exception: stream_socket_client failed, errstr: Unable to find the socket transport "unix" - did you forget to enable it when you configured PHP?]]
26.02.18 22:45:41 sendEvent [8.19] [cntr] [admin] [trialEnded] [] [exception: stream_socket_client failed, errstr: Unable to find the socket transport "unix" - did you forget to enable it when you configured PHP?]
26.02.18 22:45:41 sendStatusDoc [warn] [sendEvent [8.19] [cntr] [admin] [trialEnded] [] [exception: stream_socket_client failed, errstr: Unable to find the socket transport "unix" - did you forget to enable it when you configured PHP?]]
26.02.18 22:46:23 sendEvent [8.19] [resp] [admin] [setReadyMessage] [,,dot,msg_adtReady,,24m2] [exception: stream_socket_client failed, errstr: Unable to find the socket transport "unix" - did you forget to enable it when you configured PHP?]
26.02.18 22:46:23 sendStatusDoc [warn] [sendEvent [8.19] [resp] [admin] [setReadyMessage] [,,dot,msg_adtReady,,24m2] [exception: stream_socket_client failed, errstr: Unable to find the socket transport "unix" - did you forget to enable it when you configured PHP?]]
26.02.18 22:46:23 sendEvent [8.19] [resp] [admin] [startMultiTrials] [24m2,prt,trial,0,1,2,1,3,admin,Santiago_Morales] [exception: stream_socket_client failed, errstr: Unable to find the socket transport "unix" - did you forget to enable it when you configured PHP?]
26.02.18 22:46:23 sendStatusDoc [warn] [sendEvent [8.19] [resp] [admin] [startMultiTrials] [24m2,prt,trial,0,1,2,1,3,admin,Santiago_Morales] [exception: stream_socket_client failed, errstr: Unable to find the socket transport "unix" - did you forget to enable it when you configured PHP?]]
26.02.18 22:46:52 sendEvent [8.19] [cntr] [admin] [trialResult] [admin,1,2,24m2,1,1771454810755,1771454810756,prt,trial,1,,1,1171,1171,1171,mdl,elephant4,0,0,0,0,2] [exception: stream_socket_client failed, errstr: Unable to find the socket transport "unix" - did you forget to enable it when you configured PHP?]
26.02.18 22:46:52 sendStatusDoc [warn] [sendEvent [8.19] [cntr] [admin] [trialResult] [admin,1,2,24m2,1,1771454810755,1771454810756,prt,trial,1,,1,1171,1171,1171,mdl,elephant4,0,0,0,0,2] [exception: stream_socket_client failed, errstr: Unable to find the socket transport "unix" - did you forget to enable it when you configured PHP?]]
26.02.18 22:46:58 sendEvent [8.19] [cntr] [admin] [trialResult] [admin,1,2,24m2,1,1771454817258,1771454817259,prt,trial,2,,1,1005,1005,1005,mdl,elephant4,0,0,0,0,1] [exception: stream_socket_client failed, errstr: Unable to find the socket transport "unix" - did you forget to enable it when you configured PHP?]
26.02.18 22:46:58 sendStatusDoc [warn] [sendEvent [8.19] [cntr] [admin] [trialResult] [admin,1,2,24m2,1,1771454817258,1771454817259,prt,trial,2,,1,1005,1005,1005,mdl,elephant4,0,0,0,0,1] [exception: stream_socket_client failed, errstr: Unable to find the socket transport "unix" - did you forget to enable it when you configured PHP?]]
26.02.18 22:47:05 sendEvent [8.19] [cntr] [admin] [trialResult] [admin,1,2,24m2,1,1771454823835,1771454823836,prt,trial,3,,1,896,896,896,mdl,elephant,0,0,0,0,0] [exception: stream_socket_client failed, errstr: Unable to find the socket transport "unix" - did you forget to enable it when you configured PHP?]
26.02.18 22:47:05 sendStatusDoc [warn] [sendEvent [8.19] [cntr] [admin] [trialResult] [admin,1,2,24m2,1,1771454823835,1771454823836,prt,trial,3,,1,896,896,896,mdl,elephant,0,0,0,0,0] [exception: stream_socket_client failed, errstr: Unable to find the socket transport "unix" - did you forget to enable it when you configured PHP?]]
26.02.18 22:47:09 sendEvent [8.19] [cntr] [admin] [trialEnded] [] [exception: stream_socket_client failed, errstr: Unable to find the socket transport "unix" - did you forget to enable it when you configured PHP?]
26.02.18 22:47:09 sendStatusDoc [warn] [sendEvent [8.19] [cntr] [admin] [trialEnded] [] [exception: stream_socket_client failed, errstr: Unable to find the socket transport "unix" - did you forget to enable it when you configured PHP?]]
26.02.18 22:47:48 sendEvent [8.19] [resp] [admin] [setReadyMessage] [,,dot,msg_adtReady,,24m2] [exception: stream_socket_client failed, errstr: Unable to find the socket transport "unix" - did you forget to enable it when you configured PHP?]
26.02.18 22:47:48 sendStatusDoc [warn] [sendEvent [8.19] [resp] [admin] [setReadyMessage] [,,dot,msg_adtReady,,24m2] [exception: stream_socket_client failed, errstr: Unable to find the socket transport "unix" - did you forget to enable it when you configured PHP?]]
26.02.18 22:47:48 sendEvent [8.19] [resp] [admin] [startMultiTrials] [24m2,tpt,trial,0,1,2,1,32,admin,Santiago_Morales] [exception: stream_socket_client failed, errstr: Unable to find the socket transport "unix" - did you forget to enable it when you configured PHP?]
26.02.18 22:47:48 sendStatusDoc [warn] [sendEvent [8.19] [resp] [admin] [startMultiTrials] [24m2,tpt,trial,0,1,2,1,32,admin,Santiago_Morales] [exception: stream_socket_client failed, errstr: Unable to find the socket transport "unix" - did you forget to enable it when you configured PHP?]]
26.02.18 22:48:05 sendEvent [8.19] [cntr] [admin] [trialResult] [admin,1,2,24m2,1,1771454883418,1771454883420,tpt,trial,1,prpt,1,1943,1943,1943,top,owl,0,0,0,0,31] [exception: stream_socket_client failed, errstr: Unable to find the socket transport "unix" - did you forget to enable it when you configured PHP?]
26.02.18 22:48:05 sendStatusDoc [warn] [sendEvent [8.19] [cntr] [admin] [trialResult] [admin,1,2,24m2,1,1771454883418,1771454883420,tpt,trial,1,prpt,1,1943,1943,1943,top,owl,0,0,0,0,31] [exception: stream_socket_client failed, errstr: Unable to find the socket transport "unix" - did you forget to enable it when you configured PHP?]]
26.02.18 22:48:11 sendEvent [8.19] [cntr] [admin] [trialResult] [admin,1,2,24m2,1,1771454890361,1771454890362,tpt,trial,2,prpt,1,669,669,669,top,owl,0,0,0,0,30] [exception: stream_socket_client failed, errstr: Unable to find the socket transport "unix" - did you forget to enable it when you configured PHP?]
26.02.18 22:48:11 sendStatusDoc [warn] [sendEvent [8.19] [cntr] [admin] [trialResult] [admin,1,2,24m2,1,1771454890361,1771454890362,tpt,trial,2,prpt,1,669,669,669,top,owl,0,0,0,0,30] [exception: stream_socket_client failed, errstr: Unable to find the socket transport "unix" - did you forget to enable it when you configured PHP?]]
26.02.18 22:48:16 sendEvent [8.19] [cntr] [admin] [trialResult] [admin,1,2,24m2,1,1771454895785,1771454895786,tpt,trial,3,prpt,1,639,639,639,top,bus,0,0,0,0,29] [exception: stream_socket_client failed, errstr: Unable to find the socket transport "unix" - did you forget to enable it when you configured PHP?]
26.02.18 22:48:16 sendStatusDoc [warn] [sendEvent [8.19] [cntr] [admin] [trialResult] [admin,1,2,24m2,1,1771454895785,1771454895786,tpt,trial,3,prpt,1,639,639,639,top,bus,0,0,0,0,29] [exception: stream_socket_client failed, errstr: Unable to find the socket transport "unix" - did you forget to enable it when you configured PHP?]]
26.02.18 22:48:22 sendEvent [8.19] [cntr] [admin] [trialResult] [admin,1,2,24m2,1,1771454901537,1771454901538,tpt,trial,4,prpt,1,814,814,814,top,elephant,0,0,0,0,28] [exception: stream_socket_client failed, errstr: Unable to find the socket transport "unix" - did you forget to enable it when you configured PHP?]
26.02.18 22:48:22 sendStatusDoc [warn] [sendEvent [8.19] [cntr] [admin] [trialResult] [admin,1,2,24m2,1,1771454901537,1771454901538,tpt,trial,4,prpt,1,814,814,814,top,elephant,0,0,0,0,28] [exception: stream_socket_client failed, errstr: Unable to find the socket transport "unix" - did you forget to enable it when you configured PHP?]]
26.02.18 22:48:28 sendEvent [8.19] [cntr] [admin] [trialResult] [admin,1,2,24m2,1,1771454907329,1771454907333,tpt,trial,5,prpt,1,524,524,524,top,flower,0,0,0,0,27] [exception: stream_socket_client failed, errstr: Unable to find the socket transport "unix" - did you forget to enable it when you configured PHP?]
26.02.18 22:48:28 sendStatusDoc [warn] [sendEvent [8.19] [cntr] [admin] [trialResult] [admin,1,2,24m2,1,1771454907329,1771454907333,tpt,trial,5,prpt,1,524,524,524,top,flower,0,0,0,0,27] [exception: stream_socket_client failed, errstr: Unable to find the socket transport "unix" - did you forget to enable it when you configured PHP?]]
26.02.18 22:48:33 sendEvent [8.19] [cntr] [admin] [trialResult] [admin,1,2,24m2,1,1771454912761,1771454912762,tpt,trial,6,inhb,0,807,807,807,top,owl,0,0,0,0,26] [exception: stream_socket_client failed, errstr: Unable to find the socket transport "unix" - did you forget to enable it when you configured PHP?]
26.02.18 22:48:33 sendStatusDoc [warn] [sendEvent [8.19] [cntr] [admin] [trialResult] [admin,1,2,24m2,1,1771454912761,1771454912762,tpt,trial,6,inhb,0,807,807,807,top,owl,0,0,0,0,26] [exception: stream_socket_client failed, errstr: Unable to find the socket transport "unix" - did you forget to enable it when you configured PHP?]]
26.02.18 22:48:41 sendEvent [8.19] [cntr] [admin] [trialResult] [admin,1,2,24m2,1,1771454920321,1771454920322,tpt,trial,7,prpt,1,671,671,671,top,owl,0,0,0,0,25] [exception: stream_socket_client failed, errstr: Unable to find the socket transport "unix" - did you forget to enable it when you configured PHP?]
26.02.18 22:48:41 sendStatusDoc [warn] [sendEvent [8.19] [cntr] [admin] [trialResult] [admin,1,2,24m2,1,1771454920321,1771454920322,tpt,trial,7,prpt,1,671,671,671,top,owl,0,0,0,0,25] [exception: stream_socket_client failed, errstr: Unable to find the socket transport "unix" - did you forget to enable it when you configured PHP?]]
26.02.18 22:48:46 sendEvent [8.19] [cntr] [admin] [trialResult] [admin,1,2,24m2,1,1771454925625,1771454925626,tpt,trial,8,prpt,1,623,623,623,top,elephant2,0,0,0,0,24] [exception: stream_socket_client failed, errstr: Unable to find the socket transport "unix" - did you forget to enable it when you configured PHP?]
26.02.18 22:48:46 sendStatusDoc [warn] [sendEvent [8.19] [cntr] [admin] [trialResult] [admin,1,2,24m2,1,1771454925625,1771454925626,tpt,trial,8,prpt,1,623,623,623,top,elephant2,0,0,0,0,24] [exception: stream_socket_client failed, errstr: Unable to find the socket transport "unix" - did you forget to enable it when you configured PHP?]]
26.02.18 22:48:52 sendEvent [8.19] [cntr] [admin] [trialResult] [admin,1,2,24m2,1,1771454931457,1771454931459,tpt,trial,9,inhb,1,862,862,862,btm,owl,0,0,0,0,23] [exception: stream_socket_client failed, errstr: Unable to find the socket transport "unix" - did you forget to enable it when you configured PHP?]
26.02.18 22:48:52 sendStatusDoc [warn] [sendEvent [8.19] [cntr] [admin] [trialResult] [admin,1,2,24m2,1,1771454931457,1771454931459,tpt,trial,9,inhb,1,862,862,862,btm,owl,0,0,0,0,23] [exception: stream_socket_client failed, errstr: Unable to find the socket transport "unix" - did you forget to enable it when you configured PHP?]]
26.02.18 22:48:58 sendEvent [8.19] [cntr] [admin] [trialResult] [admin,1,2,24m2,1,1771454937017,1771454937018,tpt,trial,10,inhb,1,1234,1234,1234,btm,elephant4,0,0,0,0,22] [exception: stream_socket_client failed, errstr: Unable to find the socket transport "unix" - did you forget to enable it when you configured PHP?]
26.02.18 22:48:58 sendStatusDoc [warn] [sendEvent [8.19] [cntr] [admin] [trialResult] [admin,1,2,24m2,1,1771454937017,1771454937018,tpt,trial,10,inhb,1,1234,1234,1234,btm,elephant4,0,0,0,0,22] [exception: stream_socket_client failed, errstr: Unable to find the socket transport "unix" - did you forget to enable it when you configured PHP?]]
26.02.18 22:49:52 sendEvent [8.19] [resp] [admin] [setReadyMessage] [,,dot,msg_adtReady,,24m2] [exception: stream_socket_client failed, errstr: Unable to find the socket transport "unix" - did you forget to enable it when you configured PHP?]
26.02.18 22:49:52 sendStatusDoc [warn] [sendEvent [8.19] [resp] [admin] [setReadyMessage] [,,dot,msg_adtReady,,24m2] [exception: stream_socket_client failed, errstr: Unable to find the socket transport "unix" - did you forget to enable it when you configured PHP?]]
26.02.18 22:49:52 sendEvent [8.19] [resp] [admin] [startMultiTrials] [24m2,tbt,trial,0,1,2,1,32,admin,Santiago_Morales] [exception: stream_socket_client failed, errstr: Unable to find the socket transport "unix" - did you forget to enable it when you configured PHP?]
26.02.18 22:49:52 sendStatusDoc [warn] [sendEvent [8.19] [resp] [admin] [startMultiTrials] [24m2,tbt,trial,0,1,2,1,32,admin,Santiago_Morales] [exception: stream_socket_client failed, errstr: Unable to find the socket transport "unix" - did you forget to enable it when you configured PHP?]]
26.02.18 22:50:09 sendEvent [8.19] [cntr] [admin] [trialResult] [admin,1,2,24m2,1,1771455008489,1771455008491,tbt,trial,1,,1,1061,1061,1061,top,elephant,0,0,0,0,31] [exception: stream_socket_client failed, errstr: Unable to find the socket transport "unix" - did you forget to enable it when you configured PHP?]
26.02.18 22:50:09 sendStatusDoc [warn] [sendEvent [8.19] [cntr] [admin] [trialResult] [admin,1,2,24m2,1,1771455008489,1771455008491,tbt,trial,1,,1,1061,1061,1061,top,elephant,0,0,0,0,31] [exception: stream_socket_client failed, errstr: Unable to find the socket transport "unix" - did you forget to enable it when you configured PHP?]]
26.02.18 22:50:15 sendEvent [8.19] [cntr] [admin] [trialResult] [admin,1,2,24m2,1,1771455014449,1771455014451,tbt,trial,2,,1,653,654,654,top,flower,0,0,0,0,30] [exception: stream_socket_client failed, errstr: Unable to find the socket transport "unix" - did you forget to enable it when you configured PHP?]
26.02.18 22:50:15 sendStatusDoc [warn] [sendEvent [8.19] [cntr] [admin] [trialResult] [admin,1,2,24m2,1,1771455014449,1771455014451,tbt,trial,2,,1,653,654,654,top,flower,0,0,0,0,30] [exception: stream_socket_client failed, errstr: Unable to find the socket transport "unix" - did you forget to enable it when you configured PHP?]]
26.02.18 22:50:21 sendEvent [8.19] [cntr] [admin] [trialResult] [admin,1,2,24m2,1,1771455020297,1771455020298,tbt,trial,3,,1,735,735,735,top,apple,0,0,0,0,29] [exception: stream_socket_client failed, errstr: Unable to find the socket transport "unix" - did you forget to enable it when you configured PHP?]
26.02.18 22:50:21 sendStatusDoc [warn] [sendEvent [8.19] [cntr] [admin] [trialResult] [admin,1,2,24m2,1,1771455020297,1771455020298,tbt,trial,3,,1,735,735,735,top,apple,0,0,0,0,29] [exception: stream_socket_client failed, errstr: Unable to find the socket transport "unix" - did you forget to enable it when you configured PHP?]]
26.02.18 22:50:26 sendEvent [8.19] [cntr] [admin] [trialResult] [admin,1,2,24m2,1,1771455026017,1771455026018,tbt,trial,4,,1,607,607,607,top,elephant4,0,0,0,0,28] [exception: stream_socket_client failed, errstr: Unable to find the socket transport "unix" - did you forget to enable it when you configured PHP?]
26.02.18 22:50:26 sendStatusDoc [warn] [sendEvent [8.19] [cntr] [admin] [trialResult] [admin,1,2,24m2,1,1771455026017,1771455026018,tbt,trial,4,,1,607,607,607,top,elephant4,0,0,0,0,28] [exception: stream_socket_client failed, errstr: Unable to find the socket transport "unix" - did you forget to enable it when you configured PHP?]]
26.02.18 22:50:32 sendEvent [8.19] [cntr] [admin] [trialResult] [admin,1,2,24m2,1,1771455031457,1771455031459,tbt,trial,5,,1,606,606,606,top,elephant4,0,0,0,0,27] [exception: stream_socket_client failed, errstr: Unable to find the socket transport "unix" - did you forget to enable it when you configured PHP?]
26.02.18 22:50:32 sendStatusDoc [warn] [sendEvent [8.19] [cntr] [admin] [trialResult] [admin,1,2,24m2,1,1771455031457,1771455031459,tbt,trial,5,,1,606,606,606,top,elephant4,0,0,0,0,27] [exception: stream_socket_client failed, errstr: Unable to find the socket transport "unix" - did you forget to enable it when you configured PHP?]]
26.02.18 22:50:38 sendEvent [8.19] [cntr] [admin] [trialResult] [admin,1,2,24m2,1,1771455037113,1771455037115,tbt,trial,6,,1,710,710,710,top,elephant2,0,0,0,0,26] [exception: stream_socket_client failed, errstr: Unable to find the socket transport "unix" - did you forget to enable it when you configured PHP?]
26.02.18 22:50:38 sendStatusDoc [warn] [sendEvent [8.19] [cntr] [admin] [trialResult] [admin,1,2,24m2,1,1771455037113,1771455037115,tbt,trial,6,,1,710,710,710,top,elephant2,0,0,0,0,26] [exception: stream_socket_client failed, errstr: Unable to find the socket transport "unix" - did you forget to enable it when you configured PHP?]]
26.02.18 22:50:43 sendEvent [8.19] [cntr] [admin] [trialResult] [admin,1,2,24m2,1,1771455042897,1771455042898,tbt,trial,7,,1,623,623,623,top,owl,0,0,0,0,25] [exception: stream_socket_client failed, errstr: Unable to find the socket transport "unix" - did you forget to enable it when you configured PHP?]
26.02.18 22:50:43 sendStatusDoc [warn] [sendEvent [8.19] [cntr] [admin] [trialResult] [admin,1,2,24m2,1,1771455042897,1771455042898,tbt,trial,7,,1,623,623,623,top,owl,0,0,0,0,25] [exception: stream_socket_client failed, errstr: Unable to find the socket transport "unix" - did you forget to enable it when you configured PHP?]]
26.02.18 22:50:49 sendEvent [8.19] [cntr] [admin] [trialResult] [admin,1,2,24m2,1,1771455048257,1771455048258,tbt,trial,8,,1,790,790,790,top,owl,0,0,0,0,24] [exception: stream_socket_client failed, errstr: Unable to find the socket transport "unix" - did you forget to enable it when you configured PHP?]
26.02.18 22:50:49 sendStatusDoc [warn] [sendEvent [8.19] [cntr] [admin] [trialResult] [admin,1,2,24m2,1,1771455048257,1771455048258,tbt,trial,8,,1,790,790,790,top,owl,0,0,0,0,24] [exception: stream_socket_client failed, errstr: Unable to find the socket transport "unix" - did you forget to enable it when you configured PHP?]]
26.02.18 22:50:54 sendEvent [8.19] [cntr] [admin] [trialResult] [admin,1,2,24m2,1,1771455053681,1771455053682,tbt,trial,9,,1,743,743,743,top,apple,0,0,0,0,23] [exception: stream_socket_client failed, errstr: Unable to find the socket transport "unix" - did you forget to enable it when you configured PHP?]
26.02.18 22:50:54 sendStatusDoc [warn] [sendEvent [8.19] [cntr] [admin] [trialResult] [admin,1,2,24m2,1,1771455053681,1771455053682,tbt,trial,9,,1,743,743,743,top,apple,0,0,0,0,23] [exception: stream_socket_client failed, errstr: Unable to find the socket transport "unix" - did you forget to enable it when you configured PHP?]]
26.02.18 22:51:00 sendEvent [8.19] [cntr] [admin] [trialResult] [admin,1,2,24m2,1,1771455059481,1771455059483,tbt,trial,10,,1,629,629,629,top,elephant2,0,0,0,0,22] [exception: stream_socket_client failed, errstr: Unable to find the socket transport "unix" - did you forget to enable it when you configured PHP?]
26.02.18 22:51:00 sendStatusDoc [warn] [sendEvent [8.19] [cntr] [admin] [trialResult] [admin,1,2,24m2,1,1771455059481,1771455059483,tbt,trial,10,,1,629,629,629,top,elephant2,0,0,0,0,22] [exception: stream_socket_client failed, errstr: Unable to find the socket transport "unix" - did you forget to enable it when you configured PHP?]]
26.02.18 22:52:12 sendEvent [8.19] [resp] [admin] [setReadyMessage] [,,dot,msg_adtReady,,24m2] [exception: stream_socket_client failed, errstr: Unable to find the socket transport "unix" - did you forget to enable it when you configured PHP?]
26.02.18 22:52:12 sendStatusDoc [warn] [sendEvent [8.19] [resp] [admin] [setReadyMessage] [,,dot,msg_adtReady,,24m2] [exception: stream_socket_client failed, errstr: Unable to find the socket transport "unix" - did you forget to enable it when you configured PHP?]]
26.02.18 22:52:12 sendEvent [8.19] [resp] [admin] [startMultiTrials] [24m2,prb,demo,0,1,2,1,1,admin,Santiago_Morales] [exception: stream_socket_client failed, errstr: Unable to find the socket transport "unix" - did you forget to enable it when you configured PHP?]
26.02.18 22:52:12 sendStatusDoc [warn] [sendEvent [8.19] [resp] [admin] [startMultiTrials] [24m2,prb,demo,0,1,2,1,1,admin,Santiago_Morales] [exception: stream_socket_client failed, errstr: Unable to find the socket transport "unix" - did you forget to enable it when you configured PHP?]]
26.02.18 22:52:25 sendEvent [8.19] [cntr] [admin] [trialResult] [admin,1,2,24m2,1,1771455144444,1771455144446,prb,demo,1,,1,547,547,547,mdl,bus,0,0,0,0,0] [exception: stream_socket_client failed, errstr: Unable to find the socket transport "unix" - did you forget to enable it when you configured PHP?]
26.02.18 22:52:25 sendStatusDoc [warn] [sendEvent [8.19] [cntr] [admin] [trialResult] [admin,1,2,24m2,1,1771455144444,1771455144446,prb,demo,1,,1,547,547,547,mdl,bus,0,0,0,0,0] [exception: stream_socket_client failed, errstr: Unable to find the socket transport "unix" - did you forget to enable it when you configured PHP?]]
26.02.18 22:52:30 sendEvent [8.19] [cntr] [admin] [trialEnded] [] [exception: stream_socket_client failed, errstr: Unable to find the socket transport "unix" - did you forget to enable it when you configured PHP?]
26.02.18 22:52:30 sendStatusDoc [warn] [sendEvent [8.19] [cntr] [admin] [trialEnded] [] [exception: stream_socket_client failed, errstr: Unable to find the socket transport "unix" - did you forget to enable it when you configured PHP?]]
26.02.18 22:52:53 sendEvent [8.19] [resp] [admin] [setReadyMessage] [,,dot,msg_adtReady,,24m2] [exception: stream_socket_client failed, errstr: Unable to find the socket transport "unix" - did you forget to enable it when you configured PHP?]
26.02.18 22:52:53 sendStatusDoc [warn] [sendEvent [8.19] [resp] [admin] [setReadyMessage] [,,dot,msg_adtReady,,24m2] [exception: stream_socket_client failed, errstr: Unable to find the socket transport "unix" - did you forget to enable it when you configured PHP?]]
26.02.18 22:52:53 sendEvent [8.19] [resp] [admin] [startMultiTrials] [24m2,prb,trial,0,1,2,1,3,admin,Santiago_Morales] [exception: stream_socket_client failed, errstr: Unable to find the socket transport "unix" - did you forget to enable it when you configured PHP?]
26.02.18 22:52:53 sendStatusDoc [warn] [sendEvent [8.19] [resp] [admin] [startMultiTrials] [24m2,prb,trial,0,1,2,1,3,admin,Santiago_Morales] [exception: stream_socket_client failed, errstr: Unable to find the socket transport "unix" - did you forget to enable it when you configured PHP?]]
26.02.18 22:53:05 sendEvent [8.19] [resp] [admin] [cancelTrial] [] [exception: stream_socket_client failed, errstr: Unable to find the socket transport "unix" - did you forget to enable it when you configured PHP?]
26.02.18 22:53:05 sendStatusDoc [warn] [sendEvent [8.19] [resp] [admin] [cancelTrial] [] [exception: stream_socket_client failed, errstr: Unable to find the socket transport "unix" - did you forget to enable it when you configured PHP?]]
26.02.18 22:53:06 sendEvent [8.19] [cntr] [admin] [trialCancelled] [] [exception: stream_socket_client failed, errstr: Unable to find the socket transport "unix" - did you forget to enable it when you configured PHP?]
26.02.18 22:53:06 sendStatusDoc [warn] [sendEvent [8.19] [cntr] [admin] [trialCancelled] [] [exception: stream_socket_client failed, errstr: Unable to find the socket transport "unix" - did you forget to enable it when you configured PHP?]]
26.02.18 22:53:07 sendEvent [8.19] [resp] [admin] [setReadyMessage] [,,dot,msg_adtReady,,24m2] [exception: stream_socket_client failed, errstr: Unable to find the socket transport "unix" - did you forget to enable it when you configured PHP?]
26.02.18 22:53:07 sendStatusDoc [warn] [sendEvent [8.19] [resp] [admin] [setReadyMessage] [,,dot,msg_adtReady,,24m2] [exception: stream_socket_client failed, errstr: Unable to find the socket transport "unix" - did you forget to enable it when you configured PHP?]]
26.02.18 22:53:07 sendEvent [8.19] [resp] [admin] [startMultiTrials] [24m2,prb,trial,0,1,2,1,3,admin,Santiago_Morales] [exception: stream_socket_client failed, errstr: Unable to find the socket transport "unix" - did you forget to enable it when you configured PHP?]
26.02.18 22:53:07 sendStatusDoc [warn] [sendEvent [8.19] [resp] [admin] [startMultiTrials] [24m2,prb,trial,0,1,2,1,3,admin,Santiago_Morales] [exception: stream_socket_client failed, errstr: Unable to find the socket transport "unix" - did you forget to enable it when you configured PHP?]]
26.02.18 22:53:09 sendEvent [8.19] [resp] [admin] [cancelTrial] [] [exception: stream_socket_client failed, errstr: Unable to find the socket transport "unix" - did you forget to enable it when you configured PHP?]
26.02.18 22:53:09 sendStatusDoc [warn] [sendEvent [8.19] [resp] [admin] [cancelTrial] [] [exception: stream_socket_client failed, errstr: Unable to find the socket transport "unix" - did you forget to enable it when you configured PHP?]]
26.02.18 22:53:09 sendEvent [8.19] [resp] [admin] [cancelTrial] [] [exception: stream_socket_client failed, errstr: Unable to find the socket transport "unix" - did you forget to enable it when you configured PHP?]
26.02.18 22:53:09 sendStatusDoc [warn] [sendEvent [8.19] [resp] [admin] [cancelTrial] [] [exception: stream_socket_client failed, errstr: Unable to find the socket transport "unix" - did you forget to enable it when you configured PHP?]]
26.02.18 22:53:10 sendEvent [8.19] [resp] [admin] [cancelTrial] [] [exception: stream_socket_client failed, errstr: Unable to find the socket transport "unix" - did you forget to enable it when you configured PHP?]
26.02.18 22:53:10 sendStatusDoc [warn] [sendEvent [8.19] [resp] [admin] [cancelTrial] [] [exception: stream_socket_client failed, errstr: Unable to find the socket transport "unix" - did you forget to enable it when you configured PHP?]]
26.02.18 22:53:11 sendEvent [8.19] [resp] [admin] [endTrials] [24m2,tspb] [exception: stream_socket_client failed, errstr: Unable to find the socket transport "unix" - did you forget to enable it when you configured PHP?]
26.02.18 22:53:11 sendStatusDoc [warn] [sendEvent [8.19] [resp] [admin] [endTrials] [24m2,tspb] [exception: stream_socket_client failed, errstr: Unable to find the socket transport "unix" - did you forget to enable it when you configured PHP?]]
26.02.18 22:53:11 sendEvent [8.19] [resp] [admin] [endTrials] [24m2,tspb] [exception: stream_socket_client failed, errstr: Unable to find the socket transport "unix" - did you forget to enable it when you configured PHP?]
26.02.18 22:53:11 sendStatusDoc [warn] [sendEvent [8.19] [resp] [admin] [endTrials] [24m2,tspb] [exception: stream_socket_client failed, errstr: Unable to find the socket transport "unix" - did you forget to enable it when you configured PHP?]]
26.02.18 22:53:12 sendEvent [8.19] [resp] [admin] [endTrials] [24m2,tspb] [exception: stream_socket_client failed, errstr: Unable to find the socket transport "unix" - did you forget to enable it when you configured PHP?]
26.02.18 22:53:12 sendStatusDoc [warn] [sendEvent [8.19] [resp] [admin] [endTrials] [24m2,tspb] [exception: stream_socket_client failed, errstr: Unable to find the socket transport "unix" - did you forget to enable it when you configured PHP?]]
26.02.18 22:53:13 sendEvent [8.19] [resp] [admin] [cancelTrial] [] [exception: stream_socket_client failed, errstr: Unable to find the socket transport "unix" - did you forget to enable it when you configured PHP?]
26.02.18 22:53:13 sendStatusDoc [warn] [sendEvent [8.19] [resp] [admin] [cancelTrial] [] [exception: stream_socket_client failed, errstr: Unable to find the socket transport "unix" - did you forget to enable it when you configured PHP?]]
26.02.18 22:53:13 sendEvent [8.19] [resp] [admin] [endTrials] [24m2,tspb] [exception: stream_socket_client failed, errstr: Unable to find the socket transport "unix" - did you forget to enable it when you configured PHP?]
26.02.18 22:53:13 sendStatusDoc [warn] [sendEvent [8.19] [resp] [admin] [endTrials] [24m2,tspb] [exception: stream_socket_client failed, errstr: Unable to find the socket transport "unix" - did you forget to enable it when you configured PHP?]]
26.02.18 22:53:13 sendEvent [8.19] [resp] [admin] [cancelTrial] [] [exception: stream_socket_client failed, errstr: Unable to find the socket transport "unix" - did you forget to enable it when you configured PHP?]
26.02.18 22:53:13 sendStatusDoc [warn] [sendEvent [8.19] [resp] [admin] [cancelTrial] [] [exception: stream_socket_client failed, errstr: Unable to find the socket transport "unix" - did you forget to enable it when you configured PHP?]]
26.02.18 22:53:14 sendEvent [8.19] [cntr] [admin] [goodbye] [] [exception: stream_socket_client failed, errstr: Unable to find the socket transport "unix" - did you forget to enable it when you configured PHP?]
26.02.18 22:53:14 sendStatusDoc [warn] [sendEvent [8.19] [cntr] [admin] [goodbye] [] [exception: stream_socket_client failed, errstr: Unable to find the socket transport "unix" - did you forget to enable it when you configured PHP?]]
26.02.18 22:53:42 sendEvent [8.19] [resp] [admin] [setReadyMessage] [,,dot,msg_adtReady,,24m2] [exception: stream_socket_client failed, errstr: Unable to find the socket transport "unix" - did you forget to enable it when you configured PHP?]
26.02.18 22:53:42 sendStatusDoc [warn] [sendEvent [8.19] [resp] [admin] [setReadyMessage] [,,dot,msg_adtReady,,24m2] [exception: stream_socket_client failed, errstr: Unable to find the socket transport "unix" - did you forget to enable it when you configured PHP?]]
26.02.18 22:53:42 sendEvent [8.19] [resp] [admin] [startMultiTrials] [24m2,prb,trial,0,1,2,1,3,admin,Santiago_Morales] [exception: stream_socket_client failed, errstr: Unable to find the socket transport "unix" - did you forget to enable it when you configured PHP?]
26.02.18 22:53:42 sendStatusDoc [warn] [sendEvent [8.19] [resp] [admin] [startMultiTrials] [24m2,prb,trial,0,1,2,1,3,admin,Santiago_Morales] [exception: stream_socket_client failed, errstr: Unable to find the socket transport "unix" - did you forget to enable it when you configured PHP?]]
26.02.18 22:54:04 sendEvent [8.19] [resp] [admin] [setReadyMessage] [,,dot,msg_adtReady,,24m2] [exception: stream_socket_client failed, errstr: Unable to find the socket transport "unix" - did you forget to enable it when you configured PHP?]
26.02.18 22:54:04 sendStatusDoc [warn] [sendEvent [8.19] [resp] [admin] [setReadyMessage] [,,dot,msg_adtReady,,24m2] [exception: stream_socket_client failed, errstr: Unable to find the socket transport "unix" - did you forget to enable it when you configured PHP?]]
26.02.18 22:54:04 sendEvent [8.19] [resp] [admin] [startMultiTrials] [24m2,prb,trial,0,1,2,1,3,admin,Santiago_Morales] [exception: stream_socket_client failed, errstr: Unable to find the socket transport "unix" - did you forget to enable it when you configured PHP?]
26.02.18 22:54:04 sendStatusDoc [warn] [sendEvent [8.19] [resp] [admin] [startMultiTrials] [24m2,prb,trial,0,1,2,1,3,admin,Santiago_Morales] [exception: stream_socket_client failed, errstr: Unable to find the socket transport "unix" - did you forget to enable it when you configured PHP?]]
26.02.18 22:54:17 sendEvent [8.19] [cntr] [admin] [trialResult] [admin,1,2,24m2,1,1771455256694,1771455256696,prb,trial,1,,1,528,528,528,mdl,elephant2,0,0,0,0,2] [exception: stream_socket_client failed, errstr: Unable to find the socket transport "unix" - did you forget to enable it when you configured PHP?]
26.02.18 22:54:17 sendStatusDoc [warn] [sendEvent [8.19] [cntr] [admin] [trialResult] [admin,1,2,24m2,1,1771455256694,1771455256696,prb,trial,1,,1,528,528,528,mdl,elephant2,0,0,0,0,2] [exception: stream_socket_client failed, errstr: Unable to find the socket transport "unix" - did you forget to enable it when you configured PHP?]]
26.02.18 22:54:23 sendEvent [8.19] [cntr] [admin] [trialResult] [admin,1,2,24m2,1,1771455262353,1771455262354,prb,trial,2,,1,583,583,583,mdl,elephant4,0,0,0,0,1] [exception: stream_socket_client failed, errstr: Unable to find the socket transport "unix" - did you forget to enable it when you configured PHP?]
26.02.18 22:54:23 sendStatusDoc [warn] [sendEvent [8.19] [cntr] [admin] [trialResult] [admin,1,2,24m2,1,1771455262353,1771455262354,prb,trial,2,,1,583,583,583,mdl,elephant4,0,0,0,0,1] [exception: stream_socket_client failed, errstr: Unable to find the socket transport "unix" - did you forget to enable it when you configured PHP?]]
26.02.18 22:54:28 sendEvent [8.19] [cntr] [admin] [trialResult] [admin,1,2,24m2,1,1771455267817,1771455267818,prb,trial,3,,1,423,423,423,mdl,elephant2,0,0,0,0,0] [exception: stream_socket_client failed, errstr: Unable to find the socket transport "unix" - did you forget to enable it when you configured PHP?]
26.02.18 22:54:28 sendStatusDoc [warn] [sendEvent [8.19] [cntr] [admin] [trialResult] [admin,1,2,24m2,1,1771455267817,1771455267818,prb,trial,3,,1,423,423,423,mdl,elephant2,0,0,0,0,0] [exception: stream_socket_client failed, errstr: Unable to find the socket transport "unix" - did you forget to enable it when you configured PHP?]]
26.02.18 22:54:33 sendEvent [8.19] [cntr] [admin] [trialEnded] [] [exception: stream_socket_client failed, errstr: Unable to find the socket transport "unix" - did you forget to enable it when you configured PHP?]
26.02.18 22:54:33 sendStatusDoc [warn] [sendEvent [8.19] [cntr] [admin] [trialEnded] [] [exception: stream_socket_client failed, errstr: Unable to find the socket transport "unix" - did you forget to enable it when you configured PHP?]]
26.02.18 22:55:22 sendEvent [8.19] [resp] [admin] [setReadyMessage] [,,dot,msg_adtReady,,24m2] [exception: stream_socket_client failed, errstr: Unable to find the socket transport "unix" - did you forget to enable it when you configured PHP?]
26.02.18 22:55:22 sendStatusDoc [warn] [sendEvent [8.19] [resp] [admin] [setReadyMessage] [,,dot,msg_adtReady,,24m2] [exception: stream_socket_client failed, errstr: Unable to find the socket transport "unix" - did you forget to enable it when you configured PHP?]]
26.02.18 22:55:22 sendEvent [8.19] [resp] [admin] [startMultiTrials] [24m2,tpb,trial,0,1,2,1,32,admin,Santiago_Morales] [exception: stream_socket_client failed, errstr: Unable to find the socket transport "unix" - did you forget to enable it when you configured PHP?]
26.02.18 22:55:22 sendStatusDoc [warn] [sendEvent [8.19] [resp] [admin] [startMultiTrials] [24m2,tpb,trial,0,1,2,1,32,admin,Santiago_Morales] [exception: stream_socket_client failed, errstr: Unable to find the socket transport "unix" - did you forget to enable it when you configured PHP?]]
26.02.18 22:55:34 sendEvent [8.19] [cntr] [admin] [trialResult] [admin,1,2,24m2,1,1771455333221,1771455333222,tpb,trial,1,prpt,1,803,803,803,btm,owl,0,0,0,0,31] [exception: stream_socket_client failed, errstr: Unable to find the socket transport "unix" - did you forget to enable it when you configured PHP?]
26.02.18 22:55:34 sendStatusDoc [warn] [sendEvent [8.19] [cntr] [admin] [trialResult] [admin,1,2,24m2,1,1771455333221,1771455333222,tpb,trial,1,prpt,1,803,803,803,btm,owl,0,0,0,0,31] [exception: stream_socket_client failed, errstr: Unable to find the socket transport "unix" - did you forget to enable it when you configured PHP?]]
26.02.18 22:55:39 sendEvent [8.19] [cntr] [admin] [trialResult] [admin,1,2,24m2,1,1771455338801,1771455338802,tpb,trial,2,prpt,1,679,679,679,btm,elephant4,0,0,0,0,30] [exception: stream_socket_client failed, errstr: Unable to find the socket transport "unix" - did you forget to enable it when you configured PHP?]
26.02.18 22:55:39 sendStatusDoc [warn] [sendEvent [8.19] [cntr] [admin] [trialResult] [admin,1,2,24m2,1,1771455338801,1771455338802,tpb,trial,2,prpt,1,679,679,679,btm,elephant4,0,0,0,0,30] [exception: stream_socket_client failed, errstr: Unable to find the socket transport "unix" - did you forget to enable it when you configured PHP?]]
26.02.18 22:55:45 sendEvent [8.19] [cntr] [admin] [trialResult] [admin,1,2,24m2,1,1771455344673,1771455344674,tpb,trial,3,prpt,1,670,670,670,btm,flower,0,0,0,0,29] [exception: stream_socket_client failed, errstr: Unable to find the socket transport "unix" - did you forget to enable it when you configured PHP?]
26.02.18 22:55:45 sendStatusDoc [warn] [sendEvent [8.19] [cntr] [admin] [trialResult] [admin,1,2,24m2,1,1771455344673,1771455344674,tpb,trial,3,prpt,1,670,670,670,btm,flower,0,0,0,0,29] [exception: stream_socket_client failed, errstr: Unable to find the socket transport "unix" - did you forget to enable it when you configured PHP?]]
26.02.18 22:55:52 sendEvent [8.19] [cntr] [admin] [trialResult] [admin,1,2,24m2,1,1771455350857,1771455350858,tpb,trial,4,inhb,1,959,959,959,top,elephant2,0,0,0,0,28] [exception: stream_socket_client failed, errstr: Unable to find the socket transport "unix" - did you forget to enable it when you configured PHP?]
26.02.18 22:55:52 sendStatusDoc [warn] [sendEvent [8.19] [cntr] [admin] [trialResult] [admin,1,2,24m2,1,1771455350857,1771455350858,tpb,trial,4,inhb,1,959,959,959,top,elephant2,0,0,0,0,28] [exception: stream_socket_client failed, errstr: Unable to find the socket transport "unix" - did you forget to enable it when you configured PHP?]]
26.02.18 22:55:57 sendEvent [8.19] [cntr] [admin] [trialResult] [admin,1,2,24m2,1,1771455356609,1771455356610,tpb,trial,5,prpt,1,767,767,767,btm,flower,0,0,0,0,27] [exception: stream_socket_client failed, errstr: Unable to find the socket transport "unix" - did you forget to enable it when you configured PHP?]
26.02.18 22:55:57 sendStatusDoc [warn] [sendEvent [8.19] [cntr] [admin] [trialResult] [admin,1,2,24m2,1,1771455356609,1771455356610,tpb,trial,5,prpt,1,767,767,767,btm,flower,0,0,0,0,27] [exception: stream_socket_client failed, errstr: Unable to find the socket transport "unix" - did you forget to enable it when you configured PHP?]]
26.02.18 22:56:03 sendEvent [8.19] [cntr] [admin] [trialResult] [admin,1,2,24m2,1,1771455362417,1771455362418,tpb,trial,6,prpt,1,655,655,655,btm,apple,0,0,0,0,26] [exception: stream_socket_client failed, errstr: Unable to find the socket transport "unix" - did you forget to enable it when you configured PHP?]
26.02.18 22:56:03 sendStatusDoc [warn] [sendEvent [8.19] [cntr] [admin] [trialResult] [admin,1,2,24m2,1,1771455362417,1771455362418,tpb,trial,6,prpt,1,655,655,655,btm,apple,0,0,0,0,26] [exception: stream_socket_client failed, errstr: Unable to find the socket transport "unix" - did you forget to enable it when you configured PHP?]]
26.02.18 22:56:09 sendEvent [8.19] [cntr] [admin] [trialResult] [admin,1,2,24m2,1,1771455368233,1771455368234,tpb,trial,7,prpt,1,679,679,679,btm,flower,0,0,0,0,25] [exception: stream_socket_client failed, errstr: Unable to find the socket transport "unix" - did you forget to enable it when you configured PHP?]
26.02.18 22:56:09 sendStatusDoc [warn] [sendEvent [8.19] [cntr] [admin] [trialResult] [admin,1,2,24m2,1,1771455368233,1771455368234,tpb,trial,7,prpt,1,679,679,679,btm,flower,0,0,0,0,25] [exception: stream_socket_client failed, errstr: Unable to find the socket transport "unix" - did you forget to enable it when you configured PHP?]]
26.02.18 22:56:15 sendEvent [8.19] [cntr] [admin] [trialResult] [admin,1,2,24m2,1,1771455374089,1771455374090,tpb,trial,8,prpt,1,735,735,735,btm,elephant,0,0,0,0,24] [exception: stream_socket_client failed, errstr: Unable to find the socket transport "unix" - did you forget to enable it when you configured PHP?]
26.02.18 22:56:15 sendStatusDoc [warn] [sendEvent [8.19] [cntr] [admin] [trialResult] [admin,1,2,24m2,1,1771455374089,1771455374090,tpb,trial,8,prpt,1,735,735,735,btm,elephant,0,0,0,0,24] [exception: stream_socket_client failed, errstr: Unable to find the socket transport "unix" - did you forget to enable it when you configured PHP?]]
26.02.18 22:56:20 sendEvent [8.19] [cntr] [admin] [trialResult] [admin,1,2,24m2,1,1771455379785,1771455379787,tpb,trial,9,inhb,1,895,895,895,top,elephant2,0,0,0,0,23] [exception: stream_socket_client failed, errstr: Unable to find the socket transport "unix" - did you forget to enable it when you configured PHP?]
26.02.18 22:56:20 sendStatusDoc [warn] [sendEvent [8.19] [cntr] [admin] [trialResult] [admin,1,2,24m2,1,1771455379785,1771455379787,tpb,trial,9,inhb,1,895,895,895,top,elephant2,0,0,0,0,23] [exception: stream_socket_client failed, errstr: Unable to find the socket transport "unix" - did you forget to enable it when you configured PHP?]]
26.02.18 22:56:28 sendEvent [8.19] [cntr] [admin] [trialResult] [admin,1,2,24m2,1,1771455387803,1771455387805,tpb,trial,10,prpt,1,892,892,892,btm,elephant,0,0,0,0,22] [exception: stream_socket_client failed, errstr: Unable to find the socket transport "unix" - did you forget to enable it when you configured PHP?]
26.02.18 22:56:28 sendStatusDoc [warn] [sendEvent [8.19] [cntr] [admin] [trialResult] [admin,1,2,24m2,1,1771455387803,1771455387805,tpb,trial,10,prpt,1,892,892,892,btm,elephant,0,0,0,0,22] [exception: stream_socket_client failed, errstr: Unable to find the socket transport "unix" - did you forget to enable it when you configured PHP?]]
26.02.18 22:57:34 sendEvent [8.19] [resp] [admin] [setReadyMessage] [,,dot,msg_adtReady,,24m2] [exception: stream_socket_client failed, errstr: Unable to find the socket transport "unix" - did you forget to enable it when you configured PHP?]
26.02.18 22:57:34 sendStatusDoc [warn] [sendEvent [8.19] [resp] [admin] [setReadyMessage] [,,dot,msg_adtReady,,24m2] [exception: stream_socket_client failed, errstr: Unable to find the socket transport "unix" - did you forget to enable it when you configured PHP?]]
26.02.18 22:57:34 sendEvent [8.19] [resp] [admin] [startMultiTrials] [24m2,tbb,trial,0,1,2,1,32,admin,Santiago_Morales] [exception: stream_socket_client failed, errstr: Unable to find the socket transport "unix" - did you forget to enable it when you configured PHP?]
26.02.18 22:57:34 sendStatusDoc [warn] [sendEvent [8.19] [resp] [admin] [startMultiTrials] [24m2,tbb,trial,0,1,2,1,32,admin,Santiago_Morales] [exception: stream_socket_client failed, errstr: Unable to find the socket transport "unix" - did you forget to enable it when you configured PHP?]]
26.02.18 22:57:48 sendEvent [8.19] [cntr] [admin] [trialResult] [admin,1,2,24m2,1,1771455466756,1771455466758,tbb,trial,1,,1,1115,1115,1115,btm,elephant,0,0,0,0,31] [exception: stream_socket_client failed, errstr: Unable to find the socket transport "unix" - did you forget to enable it when you configured PHP?]
26.02.18 22:57:48 sendStatusDoc [warn] [sendEvent [8.19] [cntr] [admin] [trialResult] [admin,1,2,24m2,1,1771455466756,1771455466758,tbb,trial,1,,1,1115,1115,1115,btm,elephant,0,0,0,0,31] [exception: stream_socket_client failed, errstr: Unable to find the socket transport "unix" - did you forget to enable it when you configured PHP?]]
26.02.18 22:57:53 sendEvent [8.19] [cntr] [admin] [trialResult] [admin,1,2,24m2,1,1771455472889,1771455472890,tbb,trial,2,,1,712,712,712,btm,elephant4,0,0,0,0,30] [exception: stream_socket_client failed, errstr: Unable to find the socket transport "unix" - did you forget to enable it when you configured PHP?]
26.02.18 22:57:53 sendStatusDoc [warn] [sendEvent [8.19] [cntr] [admin] [trialResult] [admin,1,2,24m2,1,1771455472889,1771455472890,tbb,trial,2,,1,712,712,712,btm,elephant4,0,0,0,0,30] [exception: stream_socket_client failed, errstr: Unable to find the socket transport "unix" - did you forget to enable it when you configured PHP?]]
26.02.18 22:57:59 sendEvent [8.19] [cntr] [admin] [trialResult] [admin,1,2,24m2,1,1771455478649,1771455478650,tbb,trial,3,,1,807,807,807,btm,flower,0,0,0,0,29] [exception: stream_socket_client failed, errstr: Unable to find the socket transport "unix" - did you forget to enable it when you configured PHP?]
26.02.18 22:57:59 sendStatusDoc [warn] [sendEvent [8.19] [cntr] [admin] [trialResult] [admin,1,2,24m2,1,1771455478649,1771455478650,tbb,trial,3,,1,807,807,807,btm,flower,0,0,0,0,29] [exception: stream_socket_client failed, errstr: Unable to find the socket transport "unix" - did you forget to enable it when you configured PHP?]]
26.02.18 22:58:05 sendEvent [8.19] [cntr] [admin] [trialResult] [admin,1,2,24m2,1,1771455484577,1771455484578,tbb,trial,4,,1,543,543,543,btm,flower,0,0,0,0,28] [exception: stream_socket_client failed, errstr: Unable to find the socket transport "unix" - did you forget to enable it when you configured PHP?]
26.02.18 22:58:05 sendStatusDoc [warn] [sendEvent [8.19] [cntr] [admin] [trialResult] [admin,1,2,24m2,1,1771455484577,1771455484578,tbb,trial,4,,1,543,543,543,btm,flower,0,0,0,0,28] [exception: stream_socket_client failed, errstr: Unable to find the socket transport "unix" - did you forget to enable it when you configured PHP?]]
26.02.18 22:58:11 sendEvent [8.19] [cntr] [admin] [trialResult] [admin,1,2,24m2,1,1771455490641,1771455490642,tbb,trial,5,,1,679,679,679,btm,elephant2,0,0,0,0,27] [exception: stream_socket_client failed, errstr: Unable to find the socket transport "unix" - did you forget to enable it when you configured PHP?]
26.02.18 22:58:11 sendStatusDoc [warn] [sendEvent [8.19] [cntr] [admin] [trialResult] [admin,1,2,24m2,1,1771455490641,1771455490642,tbb,trial,5,,1,679,679,679,btm,elephant2,0,0,0,0,27] [exception: stream_socket_client failed, errstr: Unable to find the socket transport "unix" - did you forget to enable it when you configured PHP?]]
26.02.18 22:58:18 sendEvent [8.19] [cntr] [admin] [trialResult] [admin,1,2,24m2,1,1771455497694,1771455497695,tbb,trial,6,,1,834,834,834,btm,flower,0,0,0,0,26] [exception: stream_socket_client failed, errstr: Unable to find the socket transport "unix" - did you forget to enable it when you configured PHP?]
26.02.18 22:58:18 sendStatusDoc [warn] [sendEvent [8.19] [cntr] [admin] [trialResult] [admin,1,2,24m2,1,1771455497694,1771455497695,tbb,trial,6,,1,834,834,834,btm,flower,0,0,0,0,26] [exception: stream_socket_client failed, errstr: Unable to find the socket transport "unix" - did you forget to enable it when you configured PHP?]]
26.02.18 22:58:25 sendEvent [8.19] [cntr] [admin] [trialResult] [admin,1,2,24m2,1,1771455504233,1771455504234,tbb,trial,7,,1,711,711,711,btm,apple,0,0,0,0,25] [exception: stream_socket_client failed, errstr: Unable to find the socket transport "unix" - did you forget to enable it when you configured PHP?]
26.02.18 22:58:25 sendStatusDoc [warn] [sendEvent [8.19] [cntr] [admin] [trialResult] [admin,1,2,24m2,1,1771455504233,1771455504234,tbb,trial,7,,1,711,711,711,btm,apple,0,0,0,0,25] [exception: stream_socket_client failed, errstr: Unable to find the socket transport "unix" - did you forget to enable it when you configured PHP?]]
26.02.18 22:58:31 sendEvent [8.19] [cntr] [admin] [trialResult] [admin,1,2,24m2,1,1771455510177,1771455510178,tbb,trial,8,,1,679,679,679,btm,apple,0,0,0,0,24] [exception: stream_socket_client failed, errstr: Unable to find the socket transport "unix" - did you forget to enable it when you configured PHP?]
26.02.18 22:58:31 sendStatusDoc [warn] [sendEvent [8.19] [cntr] [admin] [trialResult] [admin,1,2,24m2,1,1771455510177,1771455510178,tbb,trial,8,,1,679,679,679,btm,apple,0,0,0,0,24] [exception: stream_socket_client failed, errstr: Unable to find the socket transport "unix" - did you forget to enable it when you configured PHP?]]
26.02.18 22:58:36 sendEvent [8.19] [cntr] [admin] [trialResult] [admin,1,2,24m2,1,1771455515761,1771455515763,tbb,trial,9,,1,614,614,614,btm,bus,0,0,0,0,23] [exception: stream_socket_client failed, errstr: Unable to find the socket transport "unix" - did you forget to enable it when you configured PHP?]
26.02.18 22:58:36 sendStatusDoc [warn] [sendEvent [8.19] [cntr] [admin] [trialResult] [admin,1,2,24m2,1,1771455515761,1771455515763,tbb,trial,9,,1,614,614,614,btm,bus,0,0,0,0,23] [exception: stream_socket_client failed, errstr: Unable to find the socket transport "unix" - did you forget to enable it when you configured PHP?]]
26.02.18 22:58:42 sendEvent [8.19] [cntr] [admin] [trialResult] [admin,1,2,24m2,1,1771455521329,1771455521330,tbb,trial,10,,1,695,695,695,btm,apple,0,0,0,0,22] [exception: stream_socket_client failed, errstr: Unable to find the socket transport "unix" - did you forget to enable it when you configured PHP?]
26.02.18 22:58:42 sendStatusDoc [warn] [sendEvent [8.19] [cntr] [admin] [trialResult] [admin,1,2,24m2,1,1771455521329,1771455521330,tbb,trial,10,,1,695,695,695,btm,apple,0,0,0,0,22] [exception: stream_socket_client failed, errstr: Unable to find the socket transport "unix" - did you forget to enable it when you configured PHP?]]
26.02.18 23:12:22 sendEvent [8.19] [resp] [admin] [setReadyMessage] [,,dot,msg_adtReady,,24m2h] [exception: stream_socket_client failed, errstr: Unable to find the socket transport "unix" - did you forget to enable it when you configured PHP?]
26.02.18 23:12:22 sendStatusDoc [warn] [sendEvent [8.19] [resp] [admin] [setReadyMessage] [,,dot,msg_adtReady,,24m2h] [exception: stream_socket_client failed, errstr: Unable to find the socket transport "unix" - did you forget to enable it when you configured PHP?]]
26.02.18 23:12:22 sendEvent [8.19] [resp] [admin] [startMultiTrials] [24m2h,prl,demo,0,1,2,1,1,admin,Santiago_Morales] [exception: stream_socket_client failed, errstr: Unable to find the socket transport "unix" - did you forget to enable it when you configured PHP?]
26.02.18 23:12:22 sendStatusDoc [warn] [sendEvent [8.19] [resp] [admin] [startMultiTrials] [24m2h,prl,demo,0,1,2,1,1,admin,Santiago_Morales] [exception: stream_socket_client failed, errstr: Unable to find the socket transport "unix" - did you forget to enable it when you configured PHP?]]
26.02.18 23:12:36 sendEvent [8.19] [cntr] [admin] [trialResult] [admin,1,2,24m2h,1,1771456354926,1771456354928,prl,demo,1,,1,1257,1257,1257,ctr,apple,0,0,0,0,0] [exception: stream_socket_client failed, errstr: Unable to find the socket transport "unix" - did you forget to enable it when you configured PHP?]
26.02.18 23:12:36 sendStatusDoc [warn] [sendEvent [8.19] [cntr] [admin] [trialResult] [admin,1,2,24m2h,1,1771456354926,1771456354928,prl,demo,1,,1,1257,1257,1257,ctr,apple,0,0,0,0,0] [exception: stream_socket_client failed, errstr: Unable to find the socket transport "unix" - did you forget to enable it when you configured PHP?]]
26.02.18 23:12:41 sendEvent [8.19] [cntr] [admin] [trialEnded] [] [exception: stream_socket_client failed, errstr: Unable to find the socket transport "unix" - did you forget to enable it when you configured PHP?]
26.02.18 23:12:41 sendStatusDoc [warn] [sendEvent [8.19] [cntr] [admin] [trialEnded] [] [exception: stream_socket_client failed, errstr: Unable to find the socket transport "unix" - did you forget to enable it when you configured PHP?]]
26.02.18 23:13:22 sendEvent [8.19] [resp] [admin] [setReadyMessage] [,,dot,msg_adtReady,,24m2h] [exception: stream_socket_client failed, errstr: Unable to find the socket transport "unix" - did you forget to enable it when you configured PHP?]
26.02.18 23:13:22 sendStatusDoc [warn] [sendEvent [8.19] [resp] [admin] [setReadyMessage] [,,dot,msg_adtReady,,24m2h] [exception: stream_socket_client failed, errstr: Unable to find the socket transport "unix" - did you forget to enable it when you configured PHP?]]
26.02.18 23:13:22 sendEvent [8.19] [resp] [admin] [startMultiTrials] [24m2h,prl,trial,0,1,2,1,32,admin,Santiago_Morales] [exception: stream_socket_client failed, errstr: Unable to find the socket transport "unix" - did you forget to enable it when you configured PHP?]
26.02.18 23:13:22 sendStatusDoc [warn] [sendEvent [8.19] [resp] [admin] [startMultiTrials] [24m2h,prl,trial,0,1,2,1,32,admin,Santiago_Morales] [exception: stream_socket_client failed, errstr: Unable to find the socket transport "unix" - did you forget to enable it when you configured PHP?]]
26.02.18 23:13:38 sendEvent [8.19] [cntr] [admin] [trialResult] [admin,1,2,24m2h,1,1771456417189,1771456417190,prl,trial,1,,1,963,963,963,ctr,bus,0,0,0,0,31] [exception: stream_socket_client failed, errstr: Unable to find the socket transport "unix" - did you forget to enable it when you configured PHP?]
26.02.18 23:13:38 sendStatusDoc [warn] [sendEvent [8.19] [cntr] [admin] [trialResult] [admin,1,2,24m2h,1,1771456417189,1771456417190,prl,trial,1,,1,963,963,963,ctr,bus,0,0,0,0,31] [exception: stream_socket_client failed, errstr: Unable to find the socket transport "unix" - did you forget to enable it when you configured PHP?]]
26.02.18 23:13:44 sendEvent [8.19] [cntr] [admin] [trialResult] [admin,1,2,24m2h,1,1771456423425,1771456423426,prl,trial,2,,1,1168,1168,1168,ctr,apple,0,0,0,0,30] [exception: stream_socket_client failed, errstr: Unable to find the socket transport "unix" - did you forget to enable it when you configured PHP?]
26.02.18 23:13:44 sendStatusDoc [warn] [sendEvent [8.19] [cntr] [admin] [trialResult] [admin,1,2,24m2h,1,1771456423425,1771456423426,prl,trial,2,,1,1168,1168,1168,ctr,apple,0,0,0,0,30] [exception: stream_socket_client failed, errstr: Unable to find the socket transport "unix" - did you forget to enable it when you configured PHP?]]
26.02.18 23:13:50 sendEvent [8.19] [cntr] [admin] [trialResult] [admin,1,2,24m2h,1,1771456429794,1771456429795,prl,trial,3,,1,791,791,791,ctr,owl,0,0,0,0,29] [exception: stream_socket_client failed, errstr: Unable to find the socket transport "unix" - did you forget to enable it when you configured PHP?]
26.02.18 23:13:50 sendStatusDoc [warn] [sendEvent [8.19] [cntr] [admin] [trialResult] [admin,1,2,24m2h,1,1771456429794,1771456429795,prl,trial,3,,1,791,791,791,ctr,owl,0,0,0,0,29] [exception: stream_socket_client failed, errstr: Unable to find the socket transport "unix" - did you forget to enable it when you configured PHP?]]
26.02.18 23:13:58 sendEvent [8.19] [cntr] [admin] [trialResult] [admin,1,2,24m2h,1,1771456437954,1771456437955,prl,trial,4,,1,638,638,638,ctr,apple,0,0,0,0,28] [exception: stream_socket_client failed, errstr: Unable to find the socket transport "unix" - did you forget to enable it when you configured PHP?]
26.02.18 23:13:58 sendStatusDoc [warn] [sendEvent [8.19] [cntr] [admin] [trialResult] [admin,1,2,24m2h,1,1771456437954,1771456437955,prl,trial,4,,1,638,638,638,ctr,apple,0,0,0,0,28] [exception: stream_socket_client failed, errstr: Unable to find the socket transport "unix" - did you forget to enable it when you configured PHP?]]
26.02.18 23:14:07 sendEvent [8.19] [cntr] [admin] [trialResult] [admin,1,2,24m2h,1,1771456446353,1771456446355,prl,trial,5,,1,1142,1142,1142,ctr,flower,0,0,0,0,27] [exception: stream_socket_client failed, errstr: Unable to find the socket transport "unix" - did you forget to enable it when you configured PHP?]
26.02.18 23:14:07 sendStatusDoc [warn] [sendEvent [8.19] [cntr] [admin] [trialResult] [admin,1,2,24m2h,1,1771456446353,1771456446355,prl,trial,5,,1,1142,1142,1142,ctr,flower,0,0,0,0,27] [exception: stream_socket_client failed, errstr: Unable to find the socket transport "unix" - did you forget to enable it when you configured PHP?]]
26.02.18 23:14:13 sendEvent [8.19] [cntr] [admin] [trialResult] [admin,1,2,24m2h,1,1771456452649,1771456452650,prl,trial,6,,1,415,415,415,ctr,apple,0,0,0,0,26] [exception: stream_socket_client failed, errstr: Unable to find the socket transport "unix" - did you forget to enable it when you configured PHP?]
26.02.18 23:14:13 sendStatusDoc [warn] [sendEvent [8.19] [cntr] [admin] [trialResult] [admin,1,2,24m2h,1,1771456452649,1771456452650,prl,trial,6,,1,415,415,415,ctr,apple,0,0,0,0,26] [exception: stream_socket_client failed, errstr: Unable to find the socket transport "unix" - did you forget to enable it when you configured PHP?]]
26.02.18 23:14:58 sendEvent [8.19] [resp] [admin] [setReadyMessage] [,,dot,msg_adtReady,,24m2h] [exception: stream_socket_client failed, errstr: Unable to find the socket transport "unix" - did you forget to enable it when you configured PHP?]
26.02.18 23:14:58 sendStatusDoc [warn] [sendEvent [8.19] [resp] [admin] [setReadyMessage] [,,dot,msg_adtReady,,24m2h] [exception: stream_socket_client failed, errstr: Unable to find the socket transport "unix" - did you forget to enable it when you configured PHP?]]
26.02.18 23:14:58 sendEvent [8.19] [resp] [admin] [startMultiTrials] [24m2h,tpl,trial,0,1,2,1,32,admin,Santiago_Morales] [exception: stream_socket_client failed, errstr: Unable to find the socket transport "unix" - did you forget to enable it when you configured PHP?]
26.02.18 23:14:58 sendStatusDoc [warn] [sendEvent [8.19] [resp] [admin] [startMultiTrials] [24m2h,tpl,trial,0,1,2,1,32,admin,Santiago_Morales] [exception: stream_socket_client failed, errstr: Unable to find the socket transport "unix" - did you forget to enable it when you configured PHP?]]
26.02.18 23:15:11 sendEvent [8.19] [cntr] [admin] [trialResult] [admin,1,2,24m2h,1,1771456510519,1771456510520,tpl,trial,1,prpt,1,937,937,937,lft,owl,0,0,0,0,31] [exception: stream_socket_client failed, errstr: Unable to find the socket transport "unix" - did you forget to enable it when you configured PHP?]
26.02.18 23:15:11 sendStatusDoc [warn] [sendEvent [8.19] [cntr] [admin] [trialResult] [admin,1,2,24m2h,1,1771456510519,1771456510520,tpl,trial,1,prpt,1,937,937,937,lft,owl,0,0,0,0,31] [exception: stream_socket_client failed, errstr: Unable to find the socket transport "unix" - did you forget to enable it when you configured PHP?]]
26.02.18 23:15:16 sendEvent [8.19] [cntr] [admin] [trialResult] [admin,1,2,24m2h,1,1771456516353,1771456516355,tpl,trial,2,prpt,1,574,574,574,lft,owl,0,0,0,0,30] [exception: stream_socket_client failed, errstr: Unable to find the socket transport "unix" - did you forget to enable it when you configured PHP?]
26.02.18 23:15:16 sendStatusDoc [warn] [sendEvent [8.19] [cntr] [admin] [trialResult] [admin,1,2,24m2h,1,1771456516353,1771456516355,tpl,trial,2,prpt,1,574,574,574,lft,owl,0,0,0,0,30] [exception: stream_socket_client failed, errstr: Unable to find the socket transport "unix" - did you forget to enable it when you configured PHP?]]
26.02.18 23:15:22 sendEvent [8.19] [cntr] [admin] [trialResult] [admin,1,2,24m2h,1,1771456521873,1771456521874,tpl,trial,3,prpt,1,575,575,575,lft,elephant,0,0,0,0,29] [exception: stream_socket_client failed, errstr: Unable to find the socket transport "unix" - did you forget to enable it when you configured PHP?]
26.02.18 23:15:22 sendStatusDoc [warn] [sendEvent [8.19] [cntr] [admin] [trialResult] [admin,1,2,24m2h,1,1771456521873,1771456521874,tpl,trial,3,prpt,1,575,575,575,lft,elephant,0,0,0,0,29] [exception: stream_socket_client failed, errstr: Unable to find the socket transport "unix" - did you forget to enable it when you configured PHP?]]
26.02.18 23:15:28 sendEvent [8.19] [cntr] [admin] [trialResult] [admin,1,2,24m2h,1,1771456527354,1771456527355,tpl,trial,4,prpt,1,551,551,551,lft,apple,0,0,0,0,28] [exception: stream_socket_client failed, errstr: Unable to find the socket transport "unix" - did you forget to enable it when you configured PHP?]
26.02.18 23:15:28 sendStatusDoc [warn] [sendEvent [8.19] [cntr] [admin] [trialResult] [admin,1,2,24m2h,1,1771456527354,1771456527355,tpl,trial,4,prpt,1,551,551,551,lft,apple,0,0,0,0,28] [exception: stream_socket_client failed, errstr: Unable to find the socket transport "unix" - did you forget to enable it when you configured PHP?]]
26.02.18 23:15:34 sendEvent [8.19] [cntr] [admin] [trialResult] [admin,1,2,24m2h,1,1771456533153,1771456533154,tpl,trial,5,prpt,1,568,568,568,lft,elephant2,0,0,0,0,27] [exception: stream_socket_client failed, errstr: Unable to find the socket transport "unix" - did you forget to enable it when you configured PHP?]
26.02.18 23:15:34 sendStatusDoc [warn] [sendEvent [8.19] [cntr] [admin] [trialResult] [admin,1,2,24m2h,1,1771456533153,1771456533154,tpl,trial,5,prpt,1,568,568,568,lft,elephant2,0,0,0,0,27] [exception: stream_socket_client failed, errstr: Unable to find the socket transport "unix" - did you forget to enable it when you configured PHP?]]
26.02.18 23:15:40 sendEvent [8.19] [cntr] [admin] [trialResult] [admin,1,2,24m2h,1,1771456538913,1771456538914,tpl,trial,6,inhb,1,799,799,799,rgt,elephant4,0,0,0,0,26] [exception: stream_socket_client failed, errstr: Unable to find the socket transport "unix" - did you forget to enable it when you configured PHP?]
26.02.18 23:15:40 sendStatusDoc [warn] [sendEvent [8.19] [cntr] [admin] [trialResult] [admin,1,2,24m2h,1,1771456538913,1771456538914,tpl,trial,6,inhb,1,799,799,799,rgt,elephant4,0,0,0,0,26] [exception: stream_socket_client failed, errstr: Unable to find the socket transport "unix" - did you forget to enable it when you configured PHP?]]
26.02.18 23:15:46 sendEvent [8.19] [cntr] [admin] [trialResult] [admin,1,2,24m2h,1,1771456545681,1771456545682,tpl,trial,7,prpt,1,887,887,887,lft,apple,0,0,0,0,25] [exception: stream_socket_client failed, errstr: Unable to find the socket transport "unix" - did you forget to enable it when you configured PHP?]
26.02.18 23:15:46 sendStatusDoc [warn] [sendEvent [8.19] [cntr] [admin] [trialResult] [admin,1,2,24m2h,1,1771456545681,1771456545682,tpl,trial,7,prpt,1,887,887,887,lft,apple,0,0,0,0,25] [exception: stream_socket_client failed, errstr: Unable to find the socket transport "unix" - did you forget to enable it when you configured PHP?]]
26.02.18 23:15:53 sendEvent [8.19] [cntr] [admin] [trialResult] [admin,1,2,24m2h,1,1771456552018,1771456552019,tpl,trial,8,prpt,1,750,750,750,lft,owl,0,0,0,0,24] [exception: stream_socket_client failed, errstr: Unable to find the socket transport "unix" - did you forget to enable it when you configured PHP?]
26.02.18 23:15:53 sendStatusDoc [warn] [sendEvent [8.19] [cntr] [admin] [trialResult] [admin,1,2,24m2h,1,1771456552018,1771456552019,tpl,trial,8,prpt,1,750,750,750,lft,owl,0,0,0,0,24] [exception: stream_socket_client failed, errstr: Unable to find the socket transport "unix" - did you forget to enable it when you configured PHP?]]
26.02.18 23:15:58 sendEvent [8.19] [cntr] [admin] [trialResult] [admin,1,2,24m2h,1,1771456557481,1771456557482,tpl,trial,9,prpt,0,1135,1135,1135,rgt,owl,0,0,0,0,23] [exception: stream_socket_client failed, errstr: Unable to find the socket transport "unix" - did you forget to enable it when you configured PHP?]
26.02.18 23:15:58 sendStatusDoc [warn] [sendEvent [8.19] [cntr] [admin] [trialResult] [admin,1,2,24m2h,1,1771456557481,1771456557482,tpl,trial,9,prpt,0,1135,1135,1135,rgt,owl,0,0,0,0,23] [exception: stream_socket_client failed, errstr: Unable to find the socket transport "unix" - did you forget to enable it when you configured PHP?]]
26.02.18 23:16:07 sendEvent [8.19] [cntr] [admin] [trialResult] [admin,1,2,24m2h,1,1771456565545,1771456565546,tpl,trial,10,prpt,1,1183,1183,1183,lft,bus,0,0,0,0,22] [exception: stream_socket_client failed, errstr: Unable to find the socket transport "unix" - did you forget to enable it when you configured PHP?]
26.02.18 23:16:07 sendStatusDoc [warn] [sendEvent [8.19] [cntr] [admin] [trialResult] [admin,1,2,24m2h,1,1771456565545,1771456565546,tpl,trial,10,prpt,1,1183,1183,1183,lft,bus,0,0,0,0,22] [exception: stream_socket_client failed, errstr: Unable to find the socket transport "unix" - did you forget to enable it when you configured PHP?]]
26.02.18 23:16:47 sendEvent [8.19] [resp] [admin] [setReadyMessage] [,,dot,msg_adtReady,,24m2h] [exception: stream_socket_client failed, errstr: Unable to find the socket transport "unix" - did you forget to enable it when you configured PHP?]
26.02.18 23:16:47 sendStatusDoc [warn] [sendEvent [8.19] [resp] [admin] [setReadyMessage] [,,dot,msg_adtReady,,24m2h] [exception: stream_socket_client failed, errstr: Unable to find the socket transport "unix" - did you forget to enable it when you configured PHP?]]
26.02.18 23:16:48 sendEvent [8.19] [resp] [admin] [startMultiTrials] [24m2h,tbl,trial,0,1,2,1,32,admin,Santiago_Morales] [exception: stream_socket_client failed, errstr: Unable to find the socket transport "unix" - did you forget to enable it when you configured PHP?]
26.02.18 23:16:48 sendStatusDoc [warn] [sendEvent [8.19] [resp] [admin] [startMultiTrials] [24m2h,tbl,trial,0,1,2,1,32,admin,Santiago_Morales] [exception: stream_socket_client failed, errstr: Unable to find the socket transport "unix" - did you forget to enable it when you configured PHP?]]
26.02.18 23:17:03 sendEvent [8.19] [cntr] [admin] [trialResult] [admin,1,2,24m2h,1,1771456622373,1771456622374,tbl,trial,1,,1,915,915,915,lft,apple,0,0,0,0,31] [exception: stream_socket_client failed, errstr: Unable to find the socket transport "unix" - did you forget to enable it when you configured PHP?]
26.02.18 23:17:03 sendStatusDoc [warn] [sendEvent [8.19] [cntr] [admin] [trialResult] [admin,1,2,24m2h,1,1771456622373,1771456622374,tbl,trial,1,,1,915,915,915,lft,apple,0,0,0,0,31] [exception: stream_socket_client failed, errstr: Unable to find the socket transport "unix" - did you forget to enable it when you configured PHP?]]
26.02.18 23:17:09 sendEvent [8.19] [cntr] [admin] [trialResult] [admin,1,2,24m2h,1,1771456628681,1771456628682,tbl,trial,2,,1,775,775,775,lft,apple,0,0,0,0,30] [exception: stream_socket_client failed, errstr: Unable to find the socket transport "unix" - did you forget to enable it when you configured PHP?]
26.02.18 23:17:09 sendStatusDoc [warn] [sendEvent [8.19] [cntr] [admin] [trialResult] [admin,1,2,24m2h,1,1771456628681,1771456628682,tbl,trial,2,,1,775,775,775,lft,apple,0,0,0,0,30] [exception: stream_socket_client failed, errstr: Unable to find the socket transport "unix" - did you forget to enable it when you configured PHP?]]
26.02.18 23:17:15 sendEvent [8.19] [cntr] [admin] [trialResult] [admin,1,2,24m2h,1,1771456634649,1771456634650,tbl,trial,3,,1,719,719,719,lft,elephant4,0,0,0,0,29] [exception: stream_socket_client failed, errstr: Unable to find the socket transport "unix" - did you forget to enable it when you configured PHP?]
26.02.18 23:17:15 sendStatusDoc [warn] [sendEvent [8.19] [cntr] [admin] [trialResult] [admin,1,2,24m2h,1,1771456634649,1771456634650,tbl,trial,3,,1,719,719,719,lft,elephant4,0,0,0,0,29] [exception: stream_socket_client failed, errstr: Unable to find the socket transport "unix" - did you forget to enable it when you configured PHP?]]
26.02.18 23:17:21 sendEvent [8.19] [cntr] [admin] [trialResult] [admin,1,2,24m2h,1,1771456640418,1771456640419,tbl,trial,4,,1,646,646,646,lft,elephant4,0,0,0,0,28] [exception: stream_socket_client failed, errstr: Unable to find the socket transport "unix" - did you forget to enable it when you configured PHP?]
26.02.18 23:17:21 sendStatusDoc [warn] [sendEvent [8.19] [cntr] [admin] [trialResult] [admin,1,2,24m2h,1,1771456640418,1771456640419,tbl,trial,4,,1,646,646,646,lft,elephant4,0,0,0,0,28] [exception: stream_socket_client failed, errstr: Unable to find the socket transport "unix" - did you forget to enable it when you configured PHP?]]
26.02.18 23:17:26 sendEvent [8.19] [cntr] [admin] [trialResult] [admin,1,2,24m2h,1,1771456645961,1771456645962,tbl,trial,5,,1,711,711,711,lft,elephant,0,0,0,0,27] [exception: stream_socket_client failed, errstr: Unable to find the socket transport "unix" - did you forget to enable it when you configured PHP?]
26.02.18 23:17:26 sendStatusDoc [warn] [sendEvent [8.19] [cntr] [admin] [trialResult] [admin,1,2,24m2h,1,1771456645961,1771456645962,tbl,trial,5,,1,711,711,711,lft,elephant,0,0,0,0,27] [exception: stream_socket_client failed, errstr: Unable to find the socket transport "unix" - did you forget to enable it when you configured PHP?]]
26.02.18 23:17:34 sendEvent [8.19] [cntr] [admin] [trialResult] [admin,1,2,24m2h,1,1771456653449,1771456653450,tbl,trial,6,,1,695,695,695,lft,elephant,0,0,0,0,26] [exception: stream_socket_client failed, errstr: Unable to find the socket transport "unix" - did you forget to enable it when you configured PHP?]
26.02.18 23:17:34 sendStatusDoc [warn] [sendEvent [8.19] [cntr] [admin] [trialResult] [admin,1,2,24m2h,1,1771456653449,1771456653450,tbl,trial,6,,1,695,695,695,lft,elephant,0,0,0,0,26] [exception: stream_socket_client failed, errstr: Unable to find the socket transport "unix" - did you forget to enable it when you configured PHP?]]
26.02.18 23:17:40 sendEvent [8.19] [cntr] [admin] [trialResult] [admin,1,2,24m2h,1,1771456659386,1771456659387,tbl,trial,7,,1,870,870,870,lft,apple,0,0,0,0,25] [exception: stream_socket_client failed, errstr: Unable to find the socket transport "unix" - did you forget to enable it when you configured PHP?]
26.02.18 23:17:40 sendStatusDoc [warn] [sendEvent [8.19] [cntr] [admin] [trialResult] [admin,1,2,24m2h,1,1771456659386,1771456659387,tbl,trial,7,,1,870,870,870,lft,apple,0,0,0,0,25] [exception: stream_socket_client failed, errstr: Unable to find the socket transport "unix" - did you forget to enable it when you configured PHP?]]
26.02.18 23:17:46 sendEvent [8.19] [cntr] [admin] [trialResult] [admin,1,2,24m2h,1,1771456665585,1771456665586,tbl,trial,8,,1,751,751,751,lft,elephant,0,0,0,0,24] [exception: stream_socket_client failed, errstr: Unable to find the socket transport "unix" - did you forget to enable it when you configured PHP?]
26.02.18 23:17:46 sendStatusDoc [warn] [sendEvent [8.19] [cntr] [admin] [trialResult] [admin,1,2,24m2h,1,1771456665585,1771456665586,tbl,trial,8,,1,751,751,751,lft,elephant,0,0,0,0,24] [exception: stream_socket_client failed, errstr: Unable to find the socket transport "unix" - did you forget to enable it when you configured PHP?]]
26.02.18 23:17:52 sendEvent [8.19] [cntr] [admin] [trialResult] [admin,1,2,24m2h,1,1771456671353,1771456671354,tbl,trial,9,,1,775,775,775,lft,bus,0,0,0,0,23] [exception: stream_socket_client failed, errstr: Unable to find the socket transport "unix" - did you forget to enable it when you configured PHP?]
26.02.18 23:17:52 sendStatusDoc [warn] [sendEvent [8.19] [cntr] [admin] [trialResult] [admin,1,2,24m2h,1,1771456671353,1771456671354,tbl,trial,9,,1,775,775,775,lft,bus,0,0,0,0,23] [exception: stream_socket_client failed, errstr: Unable to find the socket transport "unix" - did you forget to enable it when you configured PHP?]]
26.02.18 23:17:57 sendEvent [8.19] [cntr] [admin] [trialResult] [admin,1,2,24m2h,1,1771456676906,1771456676907,tbl,trial,10,,1,718,718,718,lft,elephant2,0,0,0,0,22] [exception: stream_socket_client failed, errstr: Unable to find the socket transport "unix" - did you forget to enable it when you configured PHP?]
26.02.18 23:17:57 sendStatusDoc [warn] [sendEvent [8.19] [cntr] [admin] [trialResult] [admin,1,2,24m2h,1,1771456676906,1771456676907,tbl,trial,10,,1,718,718,718,lft,elephant2,0,0,0,0,22] [exception: stream_socket_client failed, errstr: Unable to find the socket transport "unix" - did you forget to enable it when you configured PHP?]]
26.02.18 23:24:49 sendEvent [8.19] [resp] [admin] [goodbye] [] [exception: stream_socket_client failed, errstr: Unable to find the socket transport "unix" - did you forget to enable it when you configured PHP?]
26.02.18 23:24:49 sendStatusDoc [warn] [sendEvent [8.19] [resp] [admin] [goodbye] [] [exception: stream_socket_client failed, errstr: Unable to find the socket transport "unix" - did you forget to enable it when you configured PHP?]]
26.02.18 23:25:11 sendEvent [8.19] [resp] [admin] [setReadyMessage] [,,dot,msg_adtReady,,24m2h] [exception: stream_socket_client failed, errstr: Unable to find the socket transport "unix" - did you forget to enable it when you configured PHP?]
26.02.18 23:25:11 sendStatusDoc [warn] [sendEvent [8.19] [resp] [admin] [setReadyMessage] [,,dot,msg_adtReady,,24m2h] [exception: stream_socket_client failed, errstr: Unable to find the socket transport "unix" - did you forget to enable it when you configured PHP?]]
26.02.18 23:25:11 sendEvent [8.19] [resp] [admin] [startMultiTrials] [24m2h,prr,demo,0,1,2,1,1,admin,Santiago_Morales] [exception: stream_socket_client failed, errstr: Unable to find the socket transport "unix" - did you forget to enable it when you configured PHP?]
26.02.18 23:25:11 sendStatusDoc [warn] [sendEvent [8.19] [resp] [admin] [startMultiTrials] [24m2h,prr,demo,0,1,2,1,1,admin,Santiago_Morales] [exception: stream_socket_client failed, errstr: Unable to find the socket transport "unix" - did you forget to enable it when you configured PHP?]]
26.02.18 23:25:24 sendEvent [8.19] [cntr] [admin] [trialResult] [admin,1,2,24m2h,1,1771457123566,1771457123568,prr,demo,1,,1,657,657,657,ctr,owl,0,0,0,0,0] [exception: stream_socket_client failed, errstr: Unable to find the socket transport "unix" - did you forget to enable it when you configured PHP?]
26.02.18 23:25:24 sendStatusDoc [warn] [sendEvent [8.19] [cntr] [admin] [trialResult] [admin,1,2,24m2h,1,1771457123566,1771457123568,prr,demo,1,,1,657,657,657,ctr,owl,0,0,0,0,0] [exception: stream_socket_client failed, errstr: Unable to find the socket transport "unix" - did you forget to enable it when you configured PHP?]]
26.02.18 23:25:28 sendEvent [8.19] [cntr] [admin] [trialEnded] [] [exception: stream_socket_client failed, errstr: Unable to find the socket transport "unix" - did you forget to enable it when you configured PHP?]
26.02.18 23:25:28 sendStatusDoc [warn] [sendEvent [8.19] [cntr] [admin] [trialEnded] [] [exception: stream_socket_client failed, errstr: Unable to find the socket transport "unix" - did you forget to enable it when you configured PHP?]]
26.02.18 23:26:01 sendEvent [8.19] [resp] [admin] [setReadyMessage] [,,dot,msg_adtReady,,24m2h] [exception: stream_socket_client failed, errstr: Unable to find the socket transport "unix" - did you forget to enable it when you configured PHP?]
26.02.18 23:26:01 sendStatusDoc [warn] [sendEvent [8.19] [resp] [admin] [setReadyMessage] [,,dot,msg_adtReady,,24m2h] [exception: stream_socket_client failed, errstr: Unable to find the socket transport "unix" - did you forget to enable it when you configured PHP?]]
26.02.18 23:26:01 sendEvent [8.19] [resp] [admin] [startMultiTrials] [24m2h,prr,trial,0,1,2,1,32,admin,Santiago_Morales] [exception: stream_socket_client failed, errstr: Unable to find the socket transport "unix" - did you forget to enable it when you configured PHP?]
26.02.18 23:26:01 sendStatusDoc [warn] [sendEvent [8.19] [resp] [admin] [startMultiTrials] [24m2h,prr,trial,0,1,2,1,32,admin,Santiago_Morales] [exception: stream_socket_client failed, errstr: Unable to find the socket transport "unix" - did you forget to enable it when you configured PHP?]]
26.02.18 23:26:28 sendEvent [8.19] [resp] [admin] [setReadyMessage] [,,dot,msg_adtReady,,24m2h] [exception: stream_socket_client failed, errstr: Unable to find the socket transport "unix" - did you forget to enable it when you configured PHP?]
26.02.18 23:26:28 sendStatusDoc [warn] [sendEvent [8.19] [resp] [admin] [setReadyMessage] [,,dot,msg_adtReady,,24m2h] [exception: stream_socket_client failed, errstr: Unable to find the socket transport "unix" - did you forget to enable it when you configured PHP?]]
26.02.18 23:26:28 sendEvent [8.19] [resp] [admin] [startMultiTrials] [24m2h,prr,trial,0,1,2,1,32,admin,Santiago_Morales] [exception: stream_socket_client failed, errstr: Unable to find the socket transport "unix" - did you forget to enable it when you configured PHP?]
26.02.18 23:26:28 sendStatusDoc [warn] [sendEvent [8.19] [resp] [admin] [startMultiTrials] [24m2h,prr,trial,0,1,2,1,32,admin,Santiago_Morales] [exception: stream_socket_client failed, errstr: Unable to find the socket transport "unix" - did you forget to enable it when you configured PHP?]]
26.02.18 23:26:42 sendEvent [8.19] [cntr] [admin] [trialResult] [admin,1,2,24m2h,1,1771457201821,1771457201823,prr,trial,1,,1,643,643,643,ctr,apple,0,0,0,0,31] [exception: stream_socket_client failed, errstr: Unable to find the socket transport "unix" - did you forget to enable it when you configured PHP?]
26.02.18 23:26:42 sendStatusDoc [warn] [sendEvent [8.19] [cntr] [admin] [trialResult] [admin,1,2,24m2h,1,1771457201821,1771457201823,prr,trial,1,,1,643,643,643,ctr,apple,0,0,0,0,31] [exception: stream_socket_client failed, errstr: Unable to find the socket transport "unix" - did you forget to enable it when you configured PHP?]]
26.02.18 23:26:51 sendEvent [8.19] [cntr] [admin] [trialResult] [admin,1,2,24m2h,1,1771457207545,1771457207546,prr,trial,2,,1,3455,3455,3455,ctr,owl,0,0,0,0,30] [exception: stream_socket_client failed, errstr: Unable to find the socket transport "unix" - did you forget to enable it when you configured PHP?]
26.02.18 23:26:51 sendStatusDoc [warn] [sendEvent [8.19] [cntr] [admin] [trialResult] [admin,1,2,24m2h,1,1771457207545,1771457207546,prr,trial,2,,1,3455,3455,3455,ctr,owl,0,0,0,0,30] [exception: stream_socket_client failed, errstr: Unable to find the socket transport "unix" - did you forget to enable it when you configured PHP?]]
26.02.18 23:26:57 sendEvent [8.19] [cntr] [admin] [trialResult] [admin,1,2,24m2h,1,1771457215998,1771457215999,prr,trial,3,,1,1012,1012,1012,ctr,apple,0,0,0,0,29] [exception: stream_socket_client failed, errstr: Unable to find the socket transport "unix" - did you forget to enable it when you configured PHP?]
26.02.18 23:26:57 sendStatusDoc [warn] [sendEvent [8.19] [cntr] [admin] [trialResult] [admin,1,2,24m2h,1,1771457215998,1771457215999,prr,trial,3,,1,1012,1012,1012,ctr,apple,0,0,0,0,29] [exception: stream_socket_client failed, errstr: Unable to find the socket transport "unix" - did you forget to enable it when you configured PHP?]]
26.02.18 23:27:03 sendEvent [8.19] [cntr] [admin] [trialResult] [admin,1,2,24m2h,1,1771457222035,1771457222036,prr,trial,4,,1,813,813,813,ctr,elephant,0,0,0,0,28] [exception: stream_socket_client failed, errstr: Unable to find the socket transport "unix" - did you forget to enable it when you configured PHP?]
26.02.18 23:27:03 sendStatusDoc [warn] [sendEvent [8.19] [cntr] [admin] [trialResult] [admin,1,2,24m2h,1,1771457222035,1771457222036,prr,trial,4,,1,813,813,813,ctr,elephant,0,0,0,0,28] [exception: stream_socket_client failed, errstr: Unable to find the socket transport "unix" - did you forget to enable it when you configured PHP?]]
26.02.18 23:27:08 sendEvent [8.19] [cntr] [admin] [trialResult] [admin,1,2,24m2h,1,1771457227846,1771457227846,prr,trial,5,,1,540,540,540,ctr,bus,0,0,0,0,27] [exception: stream_socket_client failed, errstr: Unable to find the socket transport "unix" - did you forget to enable it when you configured PHP?]
26.02.18 23:27:08 sendStatusDoc [warn] [sendEvent [8.19] [cntr] [admin] [trialResult] [admin,1,2,24m2h,1,1771457227846,1771457227846,prr,trial,5,,1,540,540,540,ctr,bus,0,0,0,0,27] [exception: stream_socket_client failed, errstr: Unable to find the socket transport "unix" - did you forget to enable it when you configured PHP?]]
26.02.18 23:27:14 sendEvent [8.19] [cntr] [admin] [trialResult] [admin,1,2,24m2h,1,1771457233465,1771457233466,prr,trial,6,,1,526,526,526,ctr,elephant4,0,0,0,0,26] [exception: stream_socket_client failed, errstr: Unable to find the socket transport "unix" - did you forget to enable it when you configured PHP?]
26.02.18 23:27:14 sendStatusDoc [warn] [sendEvent [8.19] [cntr] [admin] [trialResult] [admin,1,2,24m2h,1,1771457233465,1771457233466,prr,trial,6,,1,526,526,526,ctr,elephant4,0,0,0,0,26] [exception: stream_socket_client failed, errstr: Unable to find the socket transport "unix" - did you forget to enable it when you configured PHP?]]
26.02.18 23:27:19 sendEvent [8.19] [cntr] [admin] [trialResult] [admin,1,2,24m2h,1,1771457239086,1771457239087,prr,trial,7,,1,504,504,504,ctr,elephant4,0,0,0,0,25] [exception: stream_socket_client failed, errstr: Unable to find the socket transport "unix" - did you forget to enable it when you configured PHP?]
26.02.18 23:27:19 sendStatusDoc [warn] [sendEvent [8.19] [cntr] [admin] [trialResult] [admin,1,2,24m2h,1,1771457239086,1771457239087,prr,trial,7,,1,504,504,504,ctr,elephant4,0,0,0,0,25] [exception: stream_socket_client failed, errstr: Unable to find the socket transport "unix" - did you forget to enable it when you configured PHP?]]
26.02.18 23:27:25 sendEvent [8.19] [cntr] [admin] [trialResult] [admin,1,2,24m2h,1,1771457244752,1771457244753,prr,trial,8,,1,800,800,800,ctr,elephant2,0,0,0,0,24] [exception: stream_socket_client failed, errstr: Unable to find the socket transport "unix" - did you forget to enable it when you configured PHP?]
26.02.18 23:27:25 sendStatusDoc [warn] [sendEvent [8.19] [cntr] [admin] [trialResult] [admin,1,2,24m2h,1,1771457244752,1771457244753,prr,trial,8,,1,800,800,800,ctr,elephant2,0,0,0,0,24] [exception: stream_socket_client failed, errstr: Unable to find the socket transport "unix" - did you forget to enable it when you configured PHP?]]
26.02.18 23:27:32 sendEvent [8.19] [cntr] [admin] [trialResult] [admin,1,2,24m2h,1,1771457250776,1771457250777,prr,trial,9,,1,964,964,964,ctr,elephant4,0,0,0,0,23] [exception: stream_socket_client failed, errstr: Unable to find the socket transport "unix" - did you forget to enable it when you configured PHP?]
26.02.18 23:27:32 sendStatusDoc [warn] [sendEvent [8.19] [cntr] [admin] [trialResult] [admin,1,2,24m2h,1,1771457250776,1771457250777,prr,trial,9,,1,964,964,964,ctr,elephant4,0,0,0,0,23] [exception: stream_socket_client failed, errstr: Unable to find the socket transport "unix" - did you forget to enable it when you configured PHP?]]
26.02.18 23:27:38 sendEvent [8.19] [cntr] [admin] [trialResult] [admin,1,2,24m2h,1,1771457257332,1771457257333,prr,trial,10,,1,612,612,612,ctr,owl,0,0,0,0,22] [exception: stream_socket_client failed, errstr: Unable to find the socket transport "unix" - did you forget to enable it when you configured PHP?]
26.02.18 23:27:38 sendStatusDoc [warn] [sendEvent [8.19] [cntr] [admin] [trialResult] [admin,1,2,24m2h,1,1771457257332,1771457257333,prr,trial,10,,1,612,612,612,ctr,owl,0,0,0,0,22] [exception: stream_socket_client failed, errstr: Unable to find the socket transport "unix" - did you forget to enable it when you configured PHP?]]
26.02.18 23:28:13 sendEvent [8.19] [resp] [admin] [setReadyMessage] [,,dot,msg_adtReady,,24m2h] [exception: stream_socket_client failed, errstr: Unable to find the socket transport "unix" - did you forget to enable it when you configured PHP?]
26.02.18 23:28:13 sendStatusDoc [warn] [sendEvent [8.19] [resp] [admin] [setReadyMessage] [,,dot,msg_adtReady,,24m2h] [exception: stream_socket_client failed, errstr: Unable to find the socket transport "unix" - did you forget to enable it when you configured PHP?]]
26.02.18 23:28:13 sendEvent [8.19] [resp] [admin] [startMultiTrials] [24m2h,tpr,trial,0,1,2,1,32,admin,Santiago_Morales] [exception: stream_socket_client failed, errstr: Unable to find the socket transport "unix" - did you forget to enable it when you configured PHP?]
26.02.18 23:28:13 sendStatusDoc [warn] [sendEvent [8.19] [resp] [admin] [startMultiTrials] [24m2h,tpr,trial,0,1,2,1,32,admin,Santiago_Morales] [exception: stream_socket_client failed, errstr: Unable to find the socket transport "unix" - did you forget to enable it when you configured PHP?]]
26.02.18 23:28:31 sendEvent [8.19] [cntr] [admin] [trialResult] [admin,1,2,24m2h,1,1771457309828,1771457309831,tpr,trial,1,prpt,1,922,922,922,rgt,elephant,0,0,0,0,31] [exception: stream_socket_client failed, errstr: Unable to find the socket transport "unix" - did you forget to enable it when you configured PHP?]
26.02.18 23:28:31 sendStatusDoc [warn] [sendEvent [8.19] [cntr] [admin] [trialResult] [admin,1,2,24m2h,1,1771457309828,1771457309831,tpr,trial,1,prpt,1,922,922,922,rgt,elephant,0,0,0,0,31] [exception: stream_socket_client failed, errstr: Unable to find the socket transport "unix" - did you forget to enable it when you configured PHP?]]
26.02.18 23:28:37 sendEvent [8.19] [cntr] [admin] [trialResult] [admin,1,2,24m2h,1,1771457316097,1771457316098,tpr,trial,2,prpt,1,640,640,640,rgt,owl,0,0,0,0,30] [exception: stream_socket_client failed, errstr: Unable to find the socket transport "unix" - did you forget to enable it when you configured PHP?]
26.02.18 23:28:37 sendStatusDoc [warn] [sendEvent [8.19] [cntr] [admin] [trialResult] [admin,1,2,24m2h,1,1771457316097,1771457316098,tpr,trial,2,prpt,1,640,640,640,rgt,owl,0,0,0,0,30] [exception: stream_socket_client failed, errstr: Unable to find the socket transport "unix" - did you forget to enable it when you configured PHP?]]
26.02.18 23:28:42 sendEvent [8.19] [cntr] [admin] [trialResult] [admin,1,2,24m2h,1,1771457321761,1771457321763,tpr,trial,3,prpt,1,734,734,734,rgt,flower,0,0,0,0,29] [exception: stream_socket_client failed, errstr: Unable to find the socket transport "unix" - did you forget to enable it when you configured PHP?]
26.02.18 23:28:42 sendStatusDoc [warn] [sendEvent [8.19] [cntr] [admin] [trialResult] [admin,1,2,24m2h,1,1771457321761,1771457321763,tpr,trial,3,prpt,1,734,734,734,rgt,flower,0,0,0,0,29] [exception: stream_socket_client failed, errstr: Unable to find the socket transport "unix" - did you forget to enable it when you configured PHP?]]
26.02.18 23:28:49 sendEvent [8.19] [cntr] [admin] [trialResult] [admin,1,2,24m2h,1,1771457327953,1771457327954,tpr,trial,4,prpt,1,1527,1527,1527,rgt,elephant2,0,0,0,0,28] [exception: stream_socket_client failed, errstr: Unable to find the socket transport "unix" - did you forget to enable it when you configured PHP?]
26.02.18 23:28:49 sendStatusDoc [warn] [sendEvent [8.19] [cntr] [admin] [trialResult] [admin,1,2,24m2h,1,1771457327953,1771457327954,tpr,trial,4,prpt,1,1527,1527,1527,rgt,elephant2,0,0,0,0,28] [exception: stream_socket_client failed, errstr: Unable to find the socket transport "unix" - did you forget to enable it when you configured PHP?]]
26.02.18 23:29:05 sendEvent [8.19] [cntr] [admin] [trialResult] [admin,1,2,24m2h,1,1771457335178,1771457335179,tpr,trial,5,prpt,1,9838,9838,9838,rgt,elephant4,0,0,0,0,27] [exception: stream_socket_client failed, errstr: Unable to find the socket transport "unix" - did you forget to enable it when you configured PHP?]
26.02.18 23:29:05 sendStatusDoc [warn] [sendEvent [8.19] [cntr] [admin] [trialResult] [admin,1,2,24m2h,1,1771457335178,1771457335179,tpr,trial,5,prpt,1,9838,9838,9838,rgt,elephant4,0,0,0,0,27] [exception: stream_socket_client failed, errstr: Unable to find the socket transport "unix" - did you forget to enable it when you configured PHP?]]
26.02.18 23:29:11 sendEvent [8.19] [cntr] [admin] [trialResult] [admin,1,2,24m2h,1,1771457350402,1771457350402,tpr,trial,6,inhb,1,1135,1135,1135,lft,flower,0,0,0,0,26] [exception: stream_socket_client failed, errstr: Unable to find the socket transport "unix" - did you forget to enable it when you configured PHP?]
26.02.18 23:29:11 sendStatusDoc [warn] [sendEvent [8.19] [cntr] [admin] [trialResult] [admin,1,2,24m2h,1,1771457350402,1771457350402,tpr,trial,6,inhb,1,1135,1135,1135,lft,flower,0,0,0,0,26] [exception: stream_socket_client failed, errstr: Unable to find the socket transport "unix" - did you forget to enable it when you configured PHP?]]
26.02.18 23:29:17 sendEvent [8.19] [cntr] [admin] [trialResult] [admin,1,2,24m2h,1,1771457356793,1771457356794,tpr,trial,7,prpt,1,639,639,639,rgt,owl,0,0,0,0,25] [exception: stream_socket_client failed, errstr: Unable to find the socket transport "unix" - did you forget to enable it when you configured PHP?]
26.02.18 23:29:17 sendStatusDoc [warn] [sendEvent [8.19] [cntr] [admin] [trialResult] [admin,1,2,24m2h,1,1771457356793,1771457356794,tpr,trial,7,prpt,1,639,639,639,rgt,owl,0,0,0,0,25] [exception: stream_socket_client failed, errstr: Unable to find the socket transport "unix" - did you forget to enable it when you configured PHP?]]
26.02.18 23:29:23 sendEvent [8.19] [cntr] [admin] [trialResult] [admin,1,2,24m2h,1,1771457362535,1771457362536,tpr,trial,8,prpt,1,889,889,889,rgt,flower,0,0,0,0,24] [exception: stream_socket_client failed, errstr: Unable to find the socket transport "unix" - did you forget to enable it when you configured PHP?]
26.02.18 23:29:23 sendStatusDoc [warn] [sendEvent [8.19] [cntr] [admin] [trialResult] [admin,1,2,24m2h,1,1771457362535,1771457362536,tpr,trial,8,prpt,1,889,889,889,rgt,flower,0,0,0,0,24] [exception: stream_socket_client failed, errstr: Unable to find the socket transport "unix" - did you forget to enable it when you configured PHP?]]
26.02.18 23:29:30 sendEvent [8.19] [cntr] [admin] [trialResult] [admin,1,2,24m2h,1,1771457368737,1771457368739,tpr,trial,9,prpt,1,1006,1006,1006,rgt,bus,0,0,0,0,23] [exception: stream_socket_client failed, errstr: Unable to find the socket transport "unix" - did you forget to enable it when you configured PHP?]
26.02.18 23:29:30 sendStatusDoc [warn] [sendEvent [8.19] [cntr] [admin] [trialResult] [admin,1,2,24m2h,1,1771457368737,1771457368739,tpr,trial,9,prpt,1,1006,1006,1006,rgt,bus,0,0,0,0,23] [exception: stream_socket_client failed, errstr: Unable to find the socket transport "unix" - did you forget to enable it when you configured PHP?]]
26.02.18 23:29:35 sendEvent [8.19] [cntr] [admin] [trialResult] [admin,1,2,24m2h,1,1771457374657,1771457374659,tpr,trial,10,inhb,1,982,982,982,lft,elephant4,0,0,0,0,22] [exception: stream_socket_client failed, errstr: Unable to find the socket transport "unix" - did you forget to enable it when you configured PHP?]
26.02.18 23:29:35 sendStatusDoc [warn] [sendEvent [8.19] [cntr] [admin] [trialResult] [admin,1,2,24m2h,1,1771457374657,1771457374659,tpr,trial,10,inhb,1,982,982,982,lft,elephant4,0,0,0,0,22] [exception: stream_socket_client failed, errstr: Unable to find the socket transport "unix" - did you forget to enable it when you configured PHP?]]
26.02.18 23:29:42 sendEvent [8.19] [cntr] [admin] [trialResult] [admin,1,2,24m2h,1,1771457381345,1771457381346,tpr,trial,11,inhb,0,800,800,800,rgt,elephant,0,0,0,0,21] [exception: stream_socket_client failed, errstr: Unable to find the socket transport "unix" - did you forget to enable it when you configured PHP?]
26.02.18 23:29:42 sendStatusDoc [warn] [sendEvent [8.19] [cntr] [admin] [trialResult] [admin,1,2,24m2h,1,1771457381345,1771457381346,tpr,trial,11,inhb,0,800,800,800,rgt,elephant,0,0,0,0,21] [exception: stream_socket_client failed, errstr: Unable to find the socket transport "unix" - did you forget to enable it when you configured PHP?]]
26.02.18 23:32:12 sendEvent [8.19] [resp] [admin] [setReadyMessage] [,,dot,msg_adtReady,,24m2h] [exception: stream_socket_client failed, errstr: Unable to find the socket transport "unix" - did you forget to enable it when you configured PHP?]
26.02.18 23:32:12 sendStatusDoc [warn] [sendEvent [8.19] [resp] [admin] [setReadyMessage] [,,dot,msg_adtReady,,24m2h] [exception: stream_socket_client failed, errstr: Unable to find the socket transport "unix" - did you forget to enable it when you configured PHP?]]
26.02.18 23:32:12 sendEvent [8.19] [resp] [admin] [startMultiTrials] [24m2h,tbr,trial,0,1,2,1,32,admin,Santiago_Morales] [exception: stream_socket_client failed, errstr: Unable to find the socket transport "unix" - did you forget to enable it when you configured PHP?]
26.02.18 23:32:12 sendStatusDoc [warn] [sendEvent [8.19] [resp] [admin] [startMultiTrials] [24m2h,tbr,trial,0,1,2,1,32,admin,Santiago_Morales] [exception: stream_socket_client failed, errstr: Unable to find the socket transport "unix" - did you forget to enable it when you configured PHP?]]
26.02.18 23:32:26 sendEvent [8.19] [cntr] [admin] [trialResult] [admin,1,2,24m2h,1,1771457544981,1771457544983,tbr,trial,1,,1,858,858,858,rgt,flower,0,0,0,0,31] [exception: stream_socket_client failed, errstr: Unable to find the socket transport "unix" - did you forget to enable it when you configured PHP?]
26.02.18 23:32:26 sendStatusDoc [warn] [sendEvent [8.19] [cntr] [admin] [trialResult] [admin,1,2,24m2h,1,1771457544981,1771457544983,tbr,trial,1,,1,858,858,858,rgt,flower,0,0,0,0,31] [exception: stream_socket_client failed, errstr: Unable to find the socket transport "unix" - did you forget to enable it when you configured PHP?]]
26.02.18 23:32:32 sendEvent [8.19] [cntr] [admin] [trialResult] [admin,1,2,24m2h,1,1771457551097,1771457551099,tbr,trial,2,,1,862,862,862,rgt,elephant,0,0,0,0,30] [exception: stream_socket_client failed, errstr: Unable to find the socket transport "unix" - did you forget to enable it when you configured PHP?]
26.02.18 23:32:32 sendStatusDoc [warn] [sendEvent [8.19] [cntr] [admin] [trialResult] [admin,1,2,24m2h,1,1771457551097,1771457551099,tbr,trial,2,,1,862,862,862,rgt,elephant,0,0,0,0,30] [exception: stream_socket_client failed, errstr: Unable to find the socket transport "unix" - did you forget to enable it when you configured PHP?]]
26.02.18 23:32:38 sendEvent [8.19] [cntr] [admin] [trialResult] [admin,1,2,24m2h,1,1771457557082,1771457557084,tbr,trial,3,,1,646,646,646,rgt,apple,0,0,0,0,29] [exception: stream_socket_client failed, errstr: Unable to find the socket transport "unix" - did you forget to enable it when you configured PHP?]
26.02.18 23:32:38 sendStatusDoc [warn] [sendEvent [8.19] [cntr] [admin] [trialResult] [admin,1,2,24m2h,1,1771457557082,1771457557084,tbr,trial,3,,1,646,646,646,rgt,apple,0,0,0,0,29] [exception: stream_socket_client failed, errstr: Unable to find the socket transport "unix" - did you forget to enable it when you configured PHP?]]
26.02.18 23:32:43 sendEvent [8.19] [cntr] [admin] [trialResult] [admin,1,2,24m2h,1,1771457563097,1771457563098,tbr,trial,4,,1,583,583,583,rgt,elephant2,0,0,0,0,28] [exception: stream_socket_client failed, errstr: Unable to find the socket transport "unix" - did you forget to enable it when you configured PHP?]
26.02.18 23:32:43 sendStatusDoc [warn] [sendEvent [8.19] [cntr] [admin] [trialResult] [admin,1,2,24m2h,1,1771457563097,1771457563098,tbr,trial,4,,1,583,583,583,rgt,elephant2,0,0,0,0,28] [exception: stream_socket_client failed, errstr: Unable to find the socket transport "unix" - did you forget to enable it when you configured PHP?]]
26.02.18 23:32:49 sendEvent [8.19] [cntr] [admin] [trialResult] [admin,1,2,24m2h,1,1771457569001,1771457569002,tbr,trial,5,,1,591,591,591,rgt,flower,0,0,0,0,27] [exception: stream_socket_client failed, errstr: Unable to find the socket transport "unix" - did you forget to enable it when you configured PHP?]
26.02.18 23:32:49 sendStatusDoc [warn] [sendEvent [8.19] [cntr] [admin] [trialResult] [admin,1,2,24m2h,1,1771457569001,1771457569002,tbr,trial,5,,1,591,591,591,rgt,flower,0,0,0,0,27] [exception: stream_socket_client failed, errstr: Unable to find the socket transport "unix" - did you forget to enable it when you configured PHP?]]
26.02.18 23:32:56 sendEvent [8.19] [cntr] [admin] [trialResult] [admin,1,2,24m2h,1,1771457575282,1771457575283,tbr,trial,6,,1,734,734,734,rgt,apple,0,0,0,0,26] [exception: stream_socket_client failed, errstr: Unable to find the socket transport "unix" - did you forget to enable it when you configured PHP?]
26.02.18 23:32:56 sendStatusDoc [warn] [sendEvent [8.19] [cntr] [admin] [trialResult] [admin,1,2,24m2h,1,1771457575282,1771457575283,tbr,trial,6,,1,734,734,734,rgt,apple,0,0,0,0,26] [exception: stream_socket_client failed, errstr: Unable to find the socket transport "unix" - did you forget to enable it when you configured PHP?]]
26.02.18 23:33:02 sendEvent [8.19] [cntr] [admin] [trialResult] [admin,1,2,24m2h,1,1771457581617,1771457581618,tbr,trial,7,,1,591,591,591,rgt,elephant,0,0,0,0,25] [exception: stream_socket_client failed, errstr: Unable to find the socket transport "unix" - did you forget to enable it when you configured PHP?]
26.02.18 23:33:02 sendStatusDoc [warn] [sendEvent [8.19] [cntr] [admin] [trialResult] [admin,1,2,24m2h,1,1771457581617,1771457581618,tbr,trial,7,,1,591,591,591,rgt,elephant,0,0,0,0,25] [exception: stream_socket_client failed, errstr: Unable to find the socket transport "unix" - did you forget to enable it when you configured PHP?]]
26.02.18 23:33:08 sendEvent [8.19] [cntr] [admin] [trialResult] [admin,1,2,24m2h,1,1771457587634,1771457587635,tbr,trial,8,,1,430,430,430,rgt,elephant2,0,0,0,0,24] [exception: stream_socket_client failed, errstr: Unable to find the socket transport "unix" - did you forget to enable it when you configured PHP?]
26.02.18 23:33:08 sendStatusDoc [warn] [sendEvent [8.19] [cntr] [admin] [trialResult] [admin,1,2,24m2h,1,1771457587634,1771457587635,tbr,trial,8,,1,430,430,430,rgt,elephant2,0,0,0,0,24] [exception: stream_socket_client failed, errstr: Unable to find the socket transport "unix" - did you forget to enable it when you configured PHP?]]
26.02.18 23:33:14 sendEvent [8.19] [cntr] [admin] [trialResult] [admin,1,2,24m2h,1,1771457593322,1771457593323,tbr,trial,9,,1,614,614,614,rgt,elephant2,0,0,0,0,23] [exception: stream_socket_client failed, errstr: Unable to find the socket transport "unix" - did you forget to enable it when you configured PHP?]
26.02.18 23:33:14 sendStatusDoc [warn] [sendEvent [8.19] [cntr] [admin] [trialResult] [admin,1,2,24m2h,1,1771457593322,1771457593323,tbr,trial,9,,1,614,614,614,rgt,elephant2,0,0,0,0,23] [exception: stream_socket_client failed, errstr: Unable to find the socket transport "unix" - did you forget to enable it when you configured PHP?]]
26.02.18 23:33:20 sendEvent [8.19] [cntr] [admin] [trialResult] [admin,1,2,24m2h,1,1771457599473,1771457599475,tbr,trial,10,,1,942,942,942,rgt,elephant4,0,0,0,0,22] [exception: stream_socket_client failed, errstr: Unable to find the socket transport "unix" - did you forget to enable it when you configured PHP?]
26.02.18 23:33:20 sendStatusDoc [warn] [sendEvent [8.19] [cntr] [admin] [trialResult] [admin,1,2,24m2h,1,1771457599473,1771457599475,tbr,trial,10,,1,942,942,942,rgt,elephant4,0,0,0,0,22] [exception: stream_socket_client failed, errstr: Unable to find the socket transport "unix" - did you forget to enable it when you configured PHP?]]
26.02.18 23:37:09 sendEvent [8.19] [resp] [admin] [endTest] [] [exception: stream_socket_client failed, errstr: Unable to find the socket transport "unix" - did you forget to enable it when you configured PHP?]
26.02.18 23:37:09 sendStatusDoc [warn] [sendEvent [8.19] [resp] [admin] [endTest] [] [exception: stream_socket_client failed, errstr: Unable to find the socket transport "unix" - did you forget to enable it when you configured PHP?]]
26.02.18 23:39:17 sendEvent [8.19] [cntr] [admin] [testEnded] [] [exception: stream_socket_client failed, errstr: Unable to find the socket transport "unix" - did you forget to enable it when you configured PHP?]
26.02.18 23:39:17 sendStatusDoc [warn] [sendEvent [8.19] [cntr] [admin] [testEnded] [] [exception: stream_socket_client failed, errstr: Unable to find the socket transport "unix" - did you forget to enable it when you configured PHP?]]
26.02.18 23:39:18 sendEvent [8.19] [resp] [admin] [setReadyMessage] [,,dot,msg_adtReady,,48m] [exception: stream_socket_client failed, errstr: Unable to find the socket transport "unix" - did you forget to enable it when you configured PHP?]
26.02.18 23:39:18 sendStatusDoc [warn] [sendEvent [8.19] [resp] [admin] [setReadyMessage] [,,dot,msg_adtReady,,48m] [exception: stream_socket_client failed, errstr: Unable to find the socket transport "unix" - did you forget to enable it when you configured PHP?]]
26.02.18 23:39:18 sendEvent [8.19] [resp] [admin] [startMultiTrials] [48m,prl,demo,0,1,2,1,1,admin,Santiago_Morales] [exception: stream_socket_client failed, errstr: Unable to find the socket transport "unix" - did you forget to enable it when you configured PHP?]
26.02.18 23:39:18 sendStatusDoc [warn] [sendEvent [8.19] [resp] [admin] [startMultiTrials] [48m,prl,demo,0,1,2,1,1,admin,Santiago_Morales] [exception: stream_socket_client failed, errstr: Unable to find the socket transport "unix" - did you forget to enable it when you configured PHP?]]
26.02.18 23:39:31 sendEvent [8.19] [cntr] [admin] [trialResult] [admin,1,2,48m,1,1771457970692,1771457970693,prl,demo,1,,1,620,620,620,ctr,busSh,0,0,0,0,0] [exception: stream_socket_client failed, errstr: Unable to find the socket transport "unix" - did you forget to enable it when you configured PHP?]
26.02.18 23:39:31 sendStatusDoc [warn] [sendEvent [8.19] [cntr] [admin] [trialResult] [admin,1,2,48m,1,1771457970692,1771457970693,prl,demo,1,,1,620,620,620,ctr,busSh,0,0,0,0,0] [exception: stream_socket_client failed, errstr: Unable to find the socket transport "unix" - did you forget to enable it when you configured PHP?]]
26.02.18 23:39:33 sendEvent [8.19] [cntr] [admin] [trialEnded] [] [exception: stream_socket_client failed, errstr: Unable to find the socket transport "unix" - did you forget to enable it when you configured PHP?]
26.02.18 23:39:33 sendStatusDoc [warn] [sendEvent [8.19] [cntr] [admin] [trialEnded] [] [exception: stream_socket_client failed, errstr: Unable to find the socket transport "unix" - did you forget to enable it when you configured PHP?]]
26.02.18 23:42:57 sendEvent [8.19] [resp] [admin] [setReadyMessage] [,,dot,msg_adtReady,,48m] [exception: stream_socket_client failed, errstr: Unable to find the socket transport "unix" - did you forget to enable it when you configured PHP?]
26.02.18 23:42:57 sendStatusDoc [warn] [sendEvent [8.19] [resp] [admin] [setReadyMessage] [,,dot,msg_adtReady,,48m] [exception: stream_socket_client failed, errstr: Unable to find the socket transport "unix" - did you forget to enable it when you configured PHP?]]
26.02.18 23:42:57 sendEvent [8.19] [resp] [admin] [startMultiTrials] [48m,prl,trial,0,1,2,1,32,admin,Santiago_Morales] [exception: stream_socket_client failed, errstr: Unable to find the socket transport "unix" - did you forget to enable it when you configured PHP?]
26.02.18 23:42:57 sendStatusDoc [warn] [sendEvent [8.19] [resp] [admin] [startMultiTrials] [48m,prl,trial,0,1,2,1,32,admin,Santiago_Morales] [exception: stream_socket_client failed, errstr: Unable to find the socket transport "unix" - did you forget to enable it when you configured PHP?]]
26.02.18 23:43:22 sendEvent [8.19] [resp] [admin] [setReadyMessage] [,,dot,msg_adtReady,,48m] [exception: stream_socket_client failed, errstr: Unable to find the socket transport "unix" - did you forget to enable it when you configured PHP?]
26.02.18 23:43:22 sendStatusDoc [warn] [sendEvent [8.19] [resp] [admin] [setReadyMessage] [,,dot,msg_adtReady,,48m] [exception: stream_socket_client failed, errstr: Unable to find the socket transport "unix" - did you forget to enable it when you configured PHP?]]
26.02.18 23:43:23 sendEvent [8.19] [resp] [admin] [startMultiTrials] [48m,prl,trial,0,1,2,1,32,admin,Santiago_Morales] [exception: stream_socket_client failed, errstr: Unable to find the socket transport "unix" - did you forget to enable it when you configured PHP?]
26.02.18 23:43:23 sendStatusDoc [warn] [sendEvent [8.19] [resp] [admin] [startMultiTrials] [48m,prl,trial,0,1,2,1,32,admin,Santiago_Morales] [exception: stream_socket_client failed, errstr: Unable to find the socket transport "unix" - did you forget to enable it when you configured PHP?]]
26.02.18 23:43:36 sendEvent [8.19] [cntr] [admin] [trialResult] [admin,1,2,48m,1,1771458215301,1771458215303,prl,trial,1,,1,1042,1042,1042,ctr,elephant4Sh,0,0,0,0,31] [exception: stream_socket_client failed, errstr: Unable to find the socket transport "unix" - did you forget to enable it when you configured PHP?]
26.02.18 23:43:36 sendStatusDoc [warn] [sendEvent [8.19] [cntr] [admin] [trialResult] [admin,1,2,48m,1,1771458215301,1771458215303,prl,trial,1,,1,1042,1042,1042,ctr,elephant4Sh,0,0,0,0,31] [exception: stream_socket_client failed, errstr: Unable to find the socket transport "unix" - did you forget to enable it when you configured PHP?]]
26.02.18 23:43:40 sendEvent [8.19] [cntr] [admin] [trialResult] [admin,1,2,48m,1,1771458219569,1771458219572,prl,trial,2,,1,832,832,832,ctr,flowerSh,0,0,0,0,30] [exception: stream_socket_client failed, errstr: Unable to find the socket transport "unix" - did you forget to enable it when you configured PHP?]
26.02.18 23:43:40 sendStatusDoc [warn] [sendEvent [8.19] [cntr] [admin] [trialResult] [admin,1,2,48m,1,1771458219569,1771458219572,prl,trial,2,,1,832,832,832,ctr,flowerSh,0,0,0,0,30] [exception: stream_socket_client failed, errstr: Unable to find the socket transport "unix" - did you forget to enable it when you configured PHP?]]
26.02.18 23:43:45 sendEvent [8.19] [cntr] [admin] [trialResult] [admin,1,2,48m,1,1771458222612,1771458222613,prl,trial,3,,1,2300,2300,2300,ctr,elephantSh,0,0,0,0,29] [exception: stream_socket_client failed, errstr: Unable to find the socket transport "unix" - did you forget to enable it when you configured PHP?]
26.02.18 23:43:45 sendStatusDoc [warn] [sendEvent [8.19] [cntr] [admin] [trialResult] [admin,1,2,48m,1,1771458222612,1771458222613,prl,trial,3,,1,2300,2300,2300,ctr,elephantSh,0,0,0,0,29] [exception: stream_socket_client failed, errstr: Unable to find the socket transport "unix" - did you forget to enable it when you configured PHP?]]
26.02.18 23:43:47 sendEvent [8.19] [cntr] [admin] [trialResult] [admin,1,2,48m,1,1771458226650,1771458226651,prl,trial,4,,1,974,974,974,ctr,owlSh,0,0,0,0,28] [exception: stream_socket_client failed, errstr: Unable to find the socket transport "unix" - did you forget to enable it when you configured PHP?]
26.02.18 23:43:47 sendStatusDoc [warn] [sendEvent [8.19] [cntr] [admin] [trialResult] [admin,1,2,48m,1,1771458226650,1771458226651,prl,trial,4,,1,974,974,974,ctr,owlSh,0,0,0,0,28] [exception: stream_socket_client failed, errstr: Unable to find the socket transport "unix" - did you forget to enable it when you configured PHP?]]
26.02.18 23:43:50 sendEvent [8.19] [cntr] [admin] [trialResult] [admin,1,2,48m,1,1771458229577,1771458229578,prl,trial,5,,1,679,679,679,ctr,elephantSh,0,0,0,0,27] [exception: stream_socket_client failed, errstr: Unable to find the socket transport "unix" - did you forget to enable it when you configured PHP?]
26.02.18 23:43:50 sendStatusDoc [warn] [sendEvent [8.19] [cntr] [admin] [trialResult] [admin,1,2,48m,1,1771458229577,1771458229578,prl,trial,5,,1,679,679,679,ctr,elephantSh,0,0,0,0,27] [exception: stream_socket_client failed, errstr: Unable to find the socket transport "unix" - did you forget to enable it when you configured PHP?]]
26.02.18 23:43:52 sendEvent [8.19] [cntr] [admin] [trialResult] [admin,1,2,48m,1,1771458231881,1771458231883,prl,trial,6,,1,462,462,462,ctr,elephant2Sh,0,0,0,0,26] [exception: stream_socket_client failed, errstr: Unable to find the socket transport "unix" - did you forget to enable it when you configured PHP?]
26.02.18 23:43:52 sendStatusDoc [warn] [sendEvent [8.19] [cntr] [admin] [trialResult] [admin,1,2,48m,1,1771458231881,1771458231883,prl,trial,6,,1,462,462,462,ctr,elephant2Sh,0,0,0,0,26] [exception: stream_socket_client failed, errstr: Unable to find the socket transport "unix" - did you forget to enable it when you configured PHP?]]
26.02.18 23:43:54 sendEvent [8.19] [cntr] [admin] [trialResult] [admin,1,2,48m,1,1771458233813,1771458233814,prl,trial,7,,1,387,387,387,ctr,elephant4Sh,0,0,0,0,25] [exception: stream_socket_client failed, errstr: Unable to find the socket transport "unix" - did you forget to enable it when you configured PHP?]
26.02.18 23:43:54 sendStatusDoc [warn] [sendEvent [8.19] [cntr] [admin] [trialResult] [admin,1,2,48m,1,1771458233813,1771458233814,prl,trial,7,,1,387,387,387,ctr,elephant4Sh,0,0,0,0,25] [exception: stream_socket_client failed, errstr: Unable to find the socket transport "unix" - did you forget to enable it when you configured PHP?]]
26.02.18 23:43:56 sendEvent [8.19] [cntr] [admin] [trialResult] [admin,1,2,48m,1,1771458235666,1771458235667,prl,trial,8,,1,422,422,422,ctr,elephantSh,0,0,0,0,24] [exception: stream_socket_client failed, errstr: Unable to find the socket transport "unix" - did you forget to enable it when you configured PHP?]
26.02.18 23:43:56 sendStatusDoc [warn] [sendEvent [8.19] [cntr] [admin] [trialResult] [admin,1,2,48m,1,1771458235666,1771458235667,prl,trial,8,,1,422,422,422,ctr,elephantSh,0,0,0,0,24] [exception: stream_socket_client failed, errstr: Unable to find the socket transport "unix" - did you forget to enable it when you configured PHP?]]
26.02.18 23:43:58 sendEvent [8.19] [cntr] [admin] [trialResult] [admin,1,2,48m,1,1771458237434,1771458237435,prl,trial,9,,1,446,446,446,ctr,elephant2Sh,0,0,0,0,23] [exception: stream_socket_client failed, errstr: Unable to find the socket transport "unix" - did you forget to enable it when you configured PHP?]
26.02.18 23:43:58 sendStatusDoc [warn] [sendEvent [8.19] [cntr] [admin] [trialResult] [admin,1,2,48m,1,1771458237434,1771458237435,prl,trial,9,,1,446,446,446,ctr,elephant2Sh,0,0,0,0,23] [exception: stream_socket_client failed, errstr: Unable to find the socket transport "unix" - did you forget to enable it when you configured PHP?]]
26.02.18 23:44:00 sendEvent [8.19] [cntr] [admin] [trialResult] [admin,1,2,48m,1,1771458239369,1771458239370,prl,trial,10,,1,479,479,479,ctr,flowerSh,0,0,0,0,22] [exception: stream_socket_client failed, errstr: Unable to find the socket transport "unix" - did you forget to enable it when you configured PHP?]
26.02.18 23:44:00 sendStatusDoc [warn] [sendEvent [8.19] [cntr] [admin] [trialResult] [admin,1,2,48m,1,1771458239369,1771458239370,prl,trial,10,,1,479,479,479,ctr,flowerSh,0,0,0,0,22] [exception: stream_socket_client failed, errstr: Unable to find the socket transport "unix" - did you forget to enable it when you configured PHP?]]
26.02.18 23:45:02 sendEvent [8.19] [resp] [admin] [setReadyMessage] [,,dot,msg_adtReady,,48m] [exception: stream_socket_client failed, errstr: Unable to find the socket transport "unix" - did you forget to enable it when you configured PHP?]
26.02.18 23:45:02 sendStatusDoc [warn] [sendEvent [8.19] [resp] [admin] [setReadyMessage] [,,dot,msg_adtReady,,48m] [exception: stream_socket_client failed, errstr: Unable to find the socket transport "unix" - did you forget to enable it when you configured PHP?]]
26.02.18 23:45:02 sendEvent [8.19] [resp] [admin] [startMultiTrials] [48m,tpl,trial,0,1,2,1,32,admin,Santiago_Morales] [exception: stream_socket_client failed, errstr: Unable to find the socket transport "unix" - did you forget to enable it when you configured PHP?]
26.02.18 23:45:02 sendStatusDoc [warn] [sendEvent [8.19] [resp] [admin] [startMultiTrials] [48m,tpl,trial,0,1,2,1,32,admin,Santiago_Morales] [exception: stream_socket_client failed, errstr: Unable to find the socket transport "unix" - did you forget to enable it when you configured PHP?]]
26.02.18 23:45:14 sendEvent [8.19] [cntr] [admin] [trialResult] [admin,1,2,48m,1,1771458313020,1771458313022,tpl,trial,1,prpt,1,851,851,851,lft,flowerSh,0,0,0,0,31] [exception: stream_socket_client failed, errstr: Unable to find the socket transport "unix" - did you forget to enable it when you configured PHP?]
26.02.18 23:45:14 sendStatusDoc [warn] [sendEvent [8.19] [cntr] [admin] [trialResult] [admin,1,2,48m,1,1771458313020,1771458313022,tpl,trial,1,prpt,1,851,851,851,lft,flowerSh,0,0,0,0,31] [exception: stream_socket_client failed, errstr: Unable to find the socket transport "unix" - did you forget to enable it when you configured PHP?]]
26.02.18 23:45:18 sendEvent [8.19] [cntr] [admin] [trialResult] [admin,1,2,48m,1,1771458316549,1771458316550,tpl,trial,2,prpt,1,2118,2118,2118,lft,elephantSh,0,0,0,0,30] [exception: stream_socket_client failed, errstr: Unable to find the socket transport "unix" - did you forget to enable it when you configured PHP?]
26.02.18 23:45:18 sendStatusDoc [warn] [sendEvent [8.19] [cntr] [admin] [trialResult] [admin,1,2,48m,1,1771458316549,1771458316550,tpl,trial,2,prpt,1,2118,2118,2118,lft,elephantSh,0,0,0,0,30] [exception: stream_socket_client failed, errstr: Unable to find the socket transport "unix" - did you forget to enable it when you configured PHP?]]
26.02.18 23:45:21 sendEvent [8.19] [cntr] [admin] [trialResult] [admin,1,2,48m,1,1771458320570,1771458320571,tpl,trial,3,prpt,1,638,638,638,lft,elephant2Sh,0,0,0,0,29] [exception: stream_socket_client failed, errstr: Unable to find the socket transport "unix" - did you forget to enable it when you configured PHP?]
26.02.18 23:45:21 sendStatusDoc [warn] [sendEvent [8.19] [cntr] [admin] [trialResult] [admin,1,2,48m,1,1771458320570,1771458320571,tpl,trial,3,prpt,1,638,638,638,lft,elephant2Sh,0,0,0,0,29] [exception: stream_socket_client failed, errstr: Unable to find the socket transport "unix" - did you forget to enable it when you configured PHP?]]
26.02.18 23:45:24 sendEvent [8.19] [cntr] [admin] [trialResult] [admin,1,2,48m,1,1771458322946,1771458322946,tpl,trial,4,inhb,1,967,967,967,rgt,owlSh,0,0,0,0,28] [exception: stream_socket_client failed, errstr: Unable to find the socket transport "unix" - did you forget to enable it when you configured PHP?]
26.02.18 23:45:24 sendStatusDoc [warn] [sendEvent [8.19] [cntr] [admin] [trialResult] [admin,1,2,48m,1,1771458322946,1771458322946,tpl,trial,4,inhb,1,967,967,967,rgt,owlSh,0,0,0,0,28] [exception: stream_socket_client failed, errstr: Unable to find the socket transport "unix" - did you forget to enable it when you configured PHP?]]
26.02.18 23:45:26 sendEvent [8.19] [cntr] [admin] [trialResult] [admin,1,2,48m,1,1771458325649,1771458325650,tpl,trial,5,prpt,1,871,871,871,lft,elephantSh,0,0,0,0,27] [exception: stream_socket_client failed, errstr: Unable to find the socket transport "unix" - did you forget to enable it when you configured PHP?]
26.02.18 23:45:26 sendStatusDoc [warn] [sendEvent [8.19] [cntr] [admin] [trialResult] [admin,1,2,48m,1,1771458325649,1771458325650,tpl,trial,5,prpt,1,871,871,871,lft,elephantSh,0,0,0,0,27] [exception: stream_socket_client failed, errstr: Unable to find the socket transport "unix" - did you forget to enable it when you configured PHP?]]
26.02.18 23:45:29 sendEvent [8.19] [cntr] [admin] [trialResult] [admin,1,2,48m,1,1771458328242,1771458328242,tpl,trial,6,prpt,1,767,767,767,lft,busSh,0,0,0,0,26] [exception: stream_socket_client failed, errstr: Unable to find the socket transport "unix" - did you forget to enable it when you configured PHP?]
26.02.18 23:45:29 sendStatusDoc [warn] [sendEvent [8.19] [cntr] [admin] [trialResult] [admin,1,2,48m,1,1771458328242,1771458328242,tpl,trial,6,prpt,1,767,767,767,lft,busSh,0,0,0,0,26] [exception: stream_socket_client failed, errstr: Unable to find the socket transport "unix" - did you forget to enable it when you configured PHP?]]
26.02.18 23:45:32 sendEvent [8.19] [cntr] [admin] [trialResult] [admin,1,2,48m,1,1771458330714,1771458330715,tpl,trial,7,inhb,0,1262,1262,1262,lft,elephantSh,0,0,0,0,25] [exception: stream_socket_client failed, errstr: Unable to find the socket transport "unix" - did you forget to enable it when you configured PHP?]
26.02.18 23:45:32 sendStatusDoc [warn] [sendEvent [8.19] [cntr] [admin] [trialResult] [admin,1,2,48m,1,1771458330714,1771458330715,tpl,trial,7,inhb,0,1262,1262,1262,lft,elephantSh,0,0,0,0,25] [exception: stream_socket_client failed, errstr: Unable to find the socket transport "unix" - did you forget to enable it when you configured PHP?]]
26.02.18 23:45:37 sendEvent [8.19] [cntr] [admin] [trialResult] [admin,1,2,48m,1,1771458336593,1771458336595,tpl,trial,8,prpt,1,734,734,734,lft,owlSh,0,0,0,0,24] [exception: stream_socket_client failed, errstr: Unable to find the socket transport "unix" - did you forget to enable it when you configured PHP?]
26.02.18 23:45:37 sendStatusDoc [warn] [sendEvent [8.19] [cntr] [admin] [trialResult] [admin,1,2,48m,1,1771458336593,1771458336595,tpl,trial,8,prpt,1,734,734,734,lft,owlSh,0,0,0,0,24] [exception: stream_socket_client failed, errstr: Unable to find the socket transport "unix" - did you forget to enable it when you configured PHP?]]
26.02.18 23:45:39 sendEvent [8.19] [cntr] [admin] [trialResult] [admin,1,2,48m,1,1771458338937,1771458338938,tpl,trial,9,prpt,1,671,671,671,lft,flowerSh,0,0,0,0,23] [exception: stream_socket_client failed, errstr: Unable to find the socket transport "unix" - did you forget to enable it when you configured PHP?]
26.02.18 23:45:39 sendStatusDoc [warn] [sendEvent [8.19] [cntr] [admin] [trialResult] [admin,1,2,48m,1,1771458338937,1771458338938,tpl,trial,9,prpt,1,671,671,671,lft,flowerSh,0,0,0,0,23] [exception: stream_socket_client failed, errstr: Unable to find the socket transport "unix" - did you forget to enable it when you configured PHP?]]
26.02.18 23:45:42 sendEvent [8.19] [cntr] [admin] [trialResult] [admin,1,2,48m,1,1771458341129,1771458341130,tpl,trial,10,prpt,1,695,695,695,lft,owlSh,0,0,0,0,22] [exception: stream_socket_client failed, errstr: Unable to find the socket transport "unix" - did you forget to enable it when you configured PHP?]
26.02.18 23:45:42 sendStatusDoc [warn] [sendEvent [8.19] [cntr] [admin] [trialResult] [admin,1,2,48m,1,1771458341129,1771458341130,tpl,trial,10,prpt,1,695,695,695,lft,owlSh,0,0,0,0,22] [exception: stream_socket_client failed, errstr: Unable to find the socket transport "unix" - did you forget to enable it when you configured PHP?]]
26.02.18 23:46:33 sendEvent [8.19] [resp] [admin] [setReadyMessage] [,,dot,msg_adtReady,,48m] [exception: stream_socket_client failed, errstr: Unable to find the socket transport "unix" - did you forget to enable it when you configured PHP?]
26.02.18 23:46:33 sendStatusDoc [warn] [sendEvent [8.19] [resp] [admin] [setReadyMessage] [,,dot,msg_adtReady,,48m] [exception: stream_socket_client failed, errstr: Unable to find the socket transport "unix" - did you forget to enable it when you configured PHP?]]
26.02.18 23:46:33 sendEvent [8.19] [resp] [admin] [startMultiTrials] [48m,tbl,trial,0,1,2,1,32,admin,Santiago_Morales] [exception: stream_socket_client failed, errstr: Unable to find the socket transport "unix" - did you forget to enable it when you configured PHP?]
26.02.18 23:46:33 sendStatusDoc [warn] [sendEvent [8.19] [resp] [admin] [startMultiTrials] [48m,tbl,trial,0,1,2,1,32,admin,Santiago_Morales] [exception: stream_socket_client failed, errstr: Unable to find the socket transport "unix" - did you forget to enable it when you configured PHP?]]
26.02.18 23:46:36 sendEvent [8.19] [cntr] [admin] [trialResult] [admin,1,2,48m,1,1771458395264,1771458395265,tbl,trial,1,,1,744,744,744,lft,owlSh,0,0,0,0,31] [exception: stream_socket_client failed, errstr: Unable to find the socket transport "unix" - did you forget to enable it when you configured PHP?]
26.02.18 23:46:36 sendStatusDoc [warn] [sendEvent [8.19] [cntr] [admin] [trialResult] [admin,1,2,48m,1,1771458395264,1771458395265,tbl,trial,1,,1,744,744,744,lft,owlSh,0,0,0,0,31] [exception: stream_socket_client failed, errstr: Unable to find the socket transport "unix" - did you forget to enable it when you configured PHP?]]
26.02.18 23:46:38 sendEvent [8.19] [cntr] [admin] [trialResult] [admin,1,2,48m,1,1771458397737,1771458397738,tbl,trial,2,,1,839,839,839,lft,busSh,0,0,0,0,30] [exception: stream_socket_client failed, errstr: Unable to find the socket transport "unix" - did you forget to enable it when you configured PHP?]
26.02.18 23:46:38 sendStatusDoc [warn] [sendEvent [8.19] [cntr] [admin] [trialResult] [admin,1,2,48m,1,1771458397737,1771458397738,tbl,trial,2,,1,839,839,839,lft,busSh,0,0,0,0,30] [exception: stream_socket_client failed, errstr: Unable to find the socket transport "unix" - did you forget to enable it when you configured PHP?]]
26.02.18 23:46:41 sendEvent [8.19] [cntr] [admin] [trialResult] [admin,1,2,48m,1,1771458400282,1771458400282,tbl,trial,3,,1,559,559,559,lft,appleSh,0,0,0,0,29] [exception: stream_socket_client failed, errstr: Unable to find the socket transport "unix" - did you forget to enable it when you configured PHP?]
26.02.18 23:46:41 sendStatusDoc [warn] [sendEvent [8.19] [cntr] [admin] [trialResult] [admin,1,2,48m,1,1771458400282,1771458400282,tbl,trial,3,,1,559,559,559,lft,appleSh,0,0,0,0,29] [exception: stream_socket_client failed, errstr: Unable to find the socket transport "unix" - did you forget to enable it when you configured PHP?]]
26.02.18 23:46:43 sendEvent [8.19] [cntr] [admin] [trialResult] [admin,1,2,48m,1,1771458402370,1771458402371,tbl,trial,4,,1,558,558,558,lft,owlSh,0,0,0,0,28] [exception: stream_socket_client failed, errstr: Unable to find the socket transport "unix" - did you forget to enable it when you configured PHP?]
26.02.18 23:46:43 sendStatusDoc [warn] [sendEvent [8.19] [cntr] [admin] [trialResult] [admin,1,2,48m,1,1771458402370,1771458402371,tbl,trial,4,,1,558,558,558,lft,owlSh,0,0,0,0,28] [exception: stream_socket_client failed, errstr: Unable to find the socket transport "unix" - did you forget to enable it when you configured PHP?]]
26.02.18 23:46:45 sendEvent [8.19] [cntr] [admin] [trialResult] [admin,1,2,48m,1,1771458404354,1771458404356,tbl,trial,5,,1,557,557,557,lft,busSh,0,0,0,0,27] [exception: stream_socket_client failed, errstr: Unable to find the socket transport "unix" - did you forget to enable it when you configured PHP?]
26.02.18 23:46:45 sendStatusDoc [warn] [sendEvent [8.19] [cntr] [admin] [trialResult] [admin,1,2,48m,1,1771458404354,1771458404356,tbl,trial,5,,1,557,557,557,lft,busSh,0,0,0,0,27] [exception: stream_socket_client failed, errstr: Unable to find the socket transport "unix" - did you forget to enable it when you configured PHP?]]
26.02.18 23:46:47 sendEvent [8.19] [cntr] [admin] [trialResult] [admin,1,2,48m,1,1771458406346,1771458406347,tbl,trial,6,,1,534,534,534,lft,elephantSh,0,0,0,0,26] [exception: stream_socket_client failed, errstr: Unable to find the socket transport "unix" - did you forget to enable it when you configured PHP?]
26.02.18 23:46:47 sendStatusDoc [warn] [sendEvent [8.19] [cntr] [admin] [trialResult] [admin,1,2,48m,1,1771458406346,1771458406347,tbl,trial,6,,1,534,534,534,lft,elephantSh,0,0,0,0,26] [exception: stream_socket_client failed, errstr: Unable to find the socket transport "unix" - did you forget to enable it when you configured PHP?]]
26.02.18 23:46:49 sendEvent [8.19] [cntr] [admin] [trialResult] [admin,1,2,48m,1,1771458408369,1771458408370,tbl,trial,7,,1,583,583,583,lft,elephantSh,0,0,0,0,25] [exception: stream_socket_client failed, errstr: Unable to find the socket transport "unix" - did you forget to enable it when you configured PHP?]
26.02.18 23:46:49 sendStatusDoc [warn] [sendEvent [8.19] [cntr] [admin] [trialResult] [admin,1,2,48m,1,1771458408369,1771458408370,tbl,trial,7,,1,583,583,583,lft,elephantSh,0,0,0,0,25] [exception: stream_socket_client failed, errstr: Unable to find the socket transport "unix" - did you forget to enable it when you configured PHP?]]
26.02.18 23:46:51 sendEvent [8.19] [cntr] [admin] [trialResult] [admin,1,2,48m,1,1771458410321,1771458410323,tbl,trial,8,,1,598,598,598,lft,owlSh,0,0,0,0,24] [exception: stream_socket_client failed, errstr: Unable to find the socket transport "unix" - did you forget to enable it when you configured PHP?]
26.02.18 23:46:51 sendStatusDoc [warn] [sendEvent [8.19] [cntr] [admin] [trialResult] [admin,1,2,48m,1,1771458410321,1771458410323,tbl,trial,8,,1,598,598,598,lft,owlSh,0,0,0,0,24] [exception: stream_socket_client failed, errstr: Unable to find the socket transport "unix" - did you forget to enable it when you configured PHP?]]
26.02.18 23:46:53 sendEvent [8.19] [cntr] [admin] [trialResult] [admin,1,2,48m,1,1771458412377,1771458412378,tbl,trial,9,,1,511,511,511,lft,owlSh,0,0,0,0,23] [exception: stream_socket_client failed, errstr: Unable to find the socket transport "unix" - did you forget to enable it when you configured PHP?]
26.02.18 23:46:53 sendStatusDoc [warn] [sendEvent [8.19] [cntr] [admin] [trialResult] [admin,1,2,48m,1,1771458412377,1771458412378,tbl,trial,9,,1,511,511,511,lft,owlSh,0,0,0,0,23] [exception: stream_socket_client failed, errstr: Unable to find the socket transport "unix" - did you forget to enable it when you configured PHP?]]
26.02.18 23:46:55 sendEvent [8.19] [cntr] [admin] [trialResult] [admin,1,2,48m,1,1771458414417,1771458414418,tbl,trial,10,,1,103,639,639,lft,elephantSh,0,0,0,0,22] [exception: stream_socket_client failed, errstr: Unable to find the socket transport "unix" - did you forget to enable it when you configured PHP?]
26.02.18 23:46:55 sendStatusDoc [warn] [sendEvent [8.19] [cntr] [admin] [trialResult] [admin,1,2,48m,1,1771458414417,1771458414418,tbl,trial,10,,1,103,639,639,lft,elephantSh,0,0,0,0,22] [exception: stream_socket_client failed, errstr: Unable to find the socket transport "unix" - did you forget to enable it when you configured PHP?]]
26.02.18 23:48:42 sendEvent [8.19] [resp] [admin] [endTrials] [48m,tspl] [exception: stream_socket_client failed, errstr: Unable to find the socket transport "unix" - did you forget to enable it when you configured PHP?]
26.02.18 23:48:42 sendStatusDoc [warn] [sendEvent [8.19] [resp] [admin] [endTrials] [48m,tspl] [exception: stream_socket_client failed, errstr: Unable to find the socket transport "unix" - did you forget to enable it when you configured PHP?]]
26.02.18 23:48:42 sendEvent [8.19] [resp] [admin] [endTrials] [48m,tspl] [exception: stream_socket_client failed, errstr: Unable to find the socket transport "unix" - did you forget to enable it when you configured PHP?]
26.02.18 23:48:42 sendStatusDoc [warn] [sendEvent [8.19] [resp] [admin] [endTrials] [48m,tspl] [exception: stream_socket_client failed, errstr: Unable to find the socket transport "unix" - did you forget to enable it when you configured PHP?]]
26.02.18 23:48:42 sendEvent [8.19] [cntr] [admin] [trialsEnded] [] [exception: stream_socket_client failed, errstr: Unable to find the socket transport "unix" - did you forget to enable it when you configured PHP?]
26.02.18 23:48:42 sendStatusDoc [warn] [sendEvent [8.19] [cntr] [admin] [trialsEnded] [] [exception: stream_socket_client failed, errstr: Unable to find the socket transport "unix" - did you forget to enable it when you configured PHP?]]
26.02.18 23:48:43 sendEvent [8.19] [cntr] [admin] [trialsEnded] [] [exception: stream_socket_client failed, errstr: Unable to find the socket transport "unix" - did you forget to enable it when you configured PHP?]
26.02.18 23:48:43 sendStatusDoc [warn] [sendEvent [8.19] [cntr] [admin] [trialsEnded] [] [exception: stream_socket_client failed, errstr: Unable to find the socket transport "unix" - did you forget to enable it when you configured PHP?]]
26.02.18 23:50:58 sendEvent [8.19] [resp] [admin] [setReadyMessage] [,,dot,msg_adtReady,,48m] [exception: stream_socket_client failed, errstr: Unable to find the socket transport "unix" - did you forget to enable it when you configured PHP?]
26.02.18 23:50:58 sendStatusDoc [warn] [sendEvent [8.19] [resp] [admin] [setReadyMessage] [,,dot,msg_adtReady,,48m] [exception: stream_socket_client failed, errstr: Unable to find the socket transport "unix" - did you forget to enable it when you configured PHP?]]
26.02.18 23:50:58 sendEvent [8.19] [resp] [admin] [startMultiTrials] [48m,prr,demo,0,1,2,1,1,admin,Santiago_Morales] [exception: stream_socket_client failed, errstr: Unable to find the socket transport "unix" - did you forget to enable it when you configured PHP?]
26.02.18 23:50:58 sendStatusDoc [warn] [sendEvent [8.19] [resp] [admin] [startMultiTrials] [48m,prr,demo,0,1,2,1,1,admin,Santiago_Morales] [exception: stream_socket_client failed, errstr: Unable to find the socket transport "unix" - did you forget to enable it when you configured PHP?]]
26.02.18 23:51:10 sendEvent [8.19] [cntr] [admin] [trialResult] [admin,1,2,48m,1,1771458669047,1771458669049,prr,demo,1,,1,664,664,664,ctr,owlSh,0,0,0,0,0] [exception: stream_socket_client failed, errstr: Unable to find the socket transport "unix" - did you forget to enable it when you configured PHP?]
26.02.18 23:51:10 sendStatusDoc [warn] [sendEvent [8.19] [cntr] [admin] [trialResult] [admin,1,2,48m,1,1771458669047,1771458669049,prr,demo,1,,1,664,664,664,ctr,owlSh,0,0,0,0,0] [exception: stream_socket_client failed, errstr: Unable to find the socket transport "unix" - did you forget to enable it when you configured PHP?]]
26.02.18 23:51:11 sendEvent [8.19] [cntr] [admin] [trialEnded] [] [exception: stream_socket_client failed, errstr: Unable to find the socket transport "unix" - did you forget to enable it when you configured PHP?]
26.02.18 23:51:11 sendStatusDoc [warn] [sendEvent [8.19] [cntr] [admin] [trialEnded] [] [exception: stream_socket_client failed, errstr: Unable to find the socket transport "unix" - did you forget to enable it when you configured PHP?]]
26.02.18 23:51:48 sendEvent [8.19] [resp] [admin] [setReadyMessage] [,,dot,msg_adtReady,,48m] [exception: stream_socket_client failed, errstr: Unable to find the socket transport "unix" - did you forget to enable it when you configured PHP?]
26.02.18 23:51:48 sendStatusDoc [warn] [sendEvent [8.19] [resp] [admin] [setReadyMessage] [,,dot,msg_adtReady,,48m] [exception: stream_socket_client failed, errstr: Unable to find the socket transport "unix" - did you forget to enable it when you configured PHP?]]
26.02.18 23:51:48 sendEvent [8.19] [resp] [admin] [startMultiTrials] [48m,prr,trial,0,1,2,1,32,admin,Santiago_Morales] [exception: stream_socket_client failed, errstr: Unable to find the socket transport "unix" - did you forget to enable it when you configured PHP?]
26.02.18 23:51:48 sendStatusDoc [warn] [sendEvent [8.19] [resp] [admin] [startMultiTrials] [48m,prr,trial,0,1,2,1,32,admin,Santiago_Morales] [exception: stream_socket_client failed, errstr: Unable to find the socket transport "unix" - did you forget to enable it when you configured PHP?]]
26.02.18 23:52:06 sendEvent [8.19] [resp] [admin] [goodbye] [] [exception: stream_socket_client failed, errstr: Unable to find the socket transport "unix" - did you forget to enable it when you configured PHP?]
26.02.18 23:52:06 sendStatusDoc [warn] [sendEvent [8.19] [resp] [admin] [goodbye] [] [exception: stream_socket_client failed, errstr: Unable to find the socket transport "unix" - did you forget to enable it when you configured PHP?]]
26.02.18 23:52:44 sendEvent [8.19] [resp] [admin] [setReadyMessage] [,,dot,msg_adtReady,,48m] [exception: stream_socket_client failed, errstr: Unable to find the socket transport "unix" - did you forget to enable it when you configured PHP?]
26.02.18 23:52:44 sendStatusDoc [warn] [sendEvent [8.19] [resp] [admin] [setReadyMessage] [,,dot,msg_adtReady,,48m] [exception: stream_socket_client failed, errstr: Unable to find the socket transport "unix" - did you forget to enable it when you configured PHP?]]
26.02.18 23:52:44 sendEvent [8.19] [resp] [admin] [startMultiTrials] [48m,prr,trial,0,1,2,1,32,admin,Santiago_Morales] [exception: stream_socket_client failed, errstr: Unable to find the socket transport "unix" - did you forget to enable it when you configured PHP?]
26.02.18 23:52:44 sendStatusDoc [warn] [sendEvent [8.19] [resp] [admin] [startMultiTrials] [48m,prr,trial,0,1,2,1,32,admin,Santiago_Morales] [exception: stream_socket_client failed, errstr: Unable to find the socket transport "unix" - did you forget to enable it when you configured PHP?]]
26.02.18 23:52:56 sendEvent [8.19] [cntr] [admin] [trialResult] [admin,1,2,48m,1,1771458775731,1771458775733,prr,trial,1,,1,525,525,525,ctr,elephant4Sh,0,0,0,0,31] [exception: stream_socket_client failed, errstr: Unable to find the socket transport "unix" - did you forget to enable it when you configured PHP?]
26.02.18 23:52:56 sendStatusDoc [warn] [sendEvent [8.19] [cntr] [admin] [trialResult] [admin,1,2,48m,1,1771458775731,1771458775733,prr,trial,1,,1,525,525,525,ctr,elephant4Sh,0,0,0,0,31] [exception: stream_socket_client failed, errstr: Unable to find the socket transport "unix" - did you forget to enable it when you configured PHP?]]
26.02.18 23:53:01 sendEvent [8.19] [cntr] [admin] [trialResult] [admin,1,2,48m,1,1771458778202,1771458778203,prr,trial,2,,1,2999,2999,2999,ctr,appleSh,0,0,0,0,30] [exception: stream_socket_client failed, errstr: Unable to find the socket transport "unix" - did you forget to enable it when you configured PHP?]
26.02.18 23:53:01 sendStatusDoc [warn] [sendEvent [8.19] [cntr] [admin] [trialResult] [admin,1,2,48m,1,1771458778202,1771458778203,prr,trial,2,,1,2999,2999,2999,ctr,appleSh,0,0,0,0,30] [exception: stream_socket_client failed, errstr: Unable to find the socket transport "unix" - did you forget to enable it when you configured PHP?]]
26.02.18 23:53:04 sendEvent [8.19] [cntr] [admin] [trialResult] [admin,1,2,48m,1,1771458783314,1771458783315,prr,trial,3,,1,470,470,470,ctr,appleSh,0,0,0,0,29] [exception: stream_socket_client failed, errstr: Unable to find the socket transport "unix" - did you forget to enable it when you configured PHP?]
26.02.18 23:53:04 sendStatusDoc [warn] [sendEvent [8.19] [cntr] [admin] [trialResult] [admin,1,2,48m,1,1771458783314,1771458783315,prr,trial,3,,1,470,470,470,ctr,appleSh,0,0,0,0,29] [exception: stream_socket_client failed, errstr: Unable to find the socket transport "unix" - did you forget to enable it when you configured PHP?]]
26.02.18 23:53:05 sendEvent [8.19] [cntr] [admin] [trialResult] [admin,1,2,48m,1,1771458785177,1771458785178,prr,trial,4,,1,407,407,407,ctr,elephantSh,0,0,0,0,28] [exception: stream_socket_client failed, errstr: Unable to find the socket transport "unix" - did you forget to enable it when you configured PHP?]
26.02.18 23:53:05 sendStatusDoc [warn] [sendEvent [8.19] [cntr] [admin] [trialResult] [admin,1,2,48m,1,1771458785177,1771458785178,prr,trial,4,,1,407,407,407,ctr,elephantSh,0,0,0,0,28] [exception: stream_socket_client failed, errstr: Unable to find the socket transport "unix" - did you forget to enable it when you configured PHP?]]
26.02.18 23:53:07 sendEvent [8.19] [cntr] [admin] [trialResult] [admin,1,2,48m,1,1771458786833,1771458786834,prr,trial,5,,1,344,344,344,ctr,appleSh,0,0,0,0,27] [exception: stream_socket_client failed, errstr: Unable to find the socket transport "unix" - did you forget to enable it when you configured PHP?]
26.02.18 23:53:07 sendStatusDoc [warn] [sendEvent [8.19] [cntr] [admin] [trialResult] [admin,1,2,48m,1,1771458786833,1771458786834,prr,trial,5,,1,344,344,344,ctr,appleSh,0,0,0,0,27] [exception: stream_socket_client failed, errstr: Unable to find the socket transport "unix" - did you forget to enable it when you configured PHP?]]
26.02.18 23:53:09 sendEvent [8.19] [cntr] [admin] [trialResult] [admin,1,2,48m,1,1771458788546,1771458788547,prr,trial,6,,1,262,262,262,ctr,elephant2Sh,0,0,0,0,26] [exception: stream_socket_client failed, errstr: Unable to find the socket transport "unix" - did you forget to enable it when you configured PHP?]
26.02.18 23:53:09 sendStatusDoc [warn] [sendEvent [8.19] [cntr] [admin] [trialResult] [admin,1,2,48m,1,1771458788546,1771458788547,prr,trial,6,,1,262,262,262,ctr,elephant2Sh,0,0,0,0,26] [exception: stream_socket_client failed, errstr: Unable to find the socket transport "unix" - did you forget to enable it when you configured PHP?]]
26.02.18 23:53:10 sendEvent [8.19] [cntr] [admin] [trialResult] [admin,1,2,48m,1,1771458790129,1771458790131,prr,trial,7,,1,350,350,350,ctr,flowerSh,0,0,0,0,25] [exception: stream_socket_client failed, errstr: Unable to find the socket transport "unix" - did you forget to enable it when you configured PHP?]
26.02.18 23:53:10 sendStatusDoc [warn] [sendEvent [8.19] [cntr] [admin] [trialResult] [admin,1,2,48m,1,1771458790129,1771458790131,prr,trial,7,,1,350,350,350,ctr,flowerSh,0,0,0,0,25] [exception: stream_socket_client failed, errstr: Unable to find the socket transport "unix" - did you forget to enable it when you configured PHP?]]
26.02.18 23:53:12 sendEvent [8.19] [cntr] [admin] [trialResult] [admin,1,2,48m,1,1771458792002,1771458792002,prr,trial,8,,1,392,392,392,ctr,elephant4Sh,0,0,0,0,24] [exception: stream_socket_client failed, errstr: Unable to find the socket transport "unix" - did you forget to enable it when you configured PHP?]
26.02.18 23:53:12 sendStatusDoc [warn] [sendEvent [8.19] [cntr] [admin] [trialResult] [admin,1,2,48m,1,1771458792002,1771458792002,prr,trial,8,,1,392,392,392,ctr,elephant4Sh,0,0,0,0,24] [exception: stream_socket_client failed, errstr: Unable to find the socket transport "unix" - did you forget to enable it when you configured PHP?]]
26.02.18 23:53:14 sendEvent [8.19] [cntr] [admin] [trialResult] [admin,1,2,48m,1,1771458793594,1771458793595,prr,trial,9,,1,398,398,398,ctr,owlSh,0,0,0,0,23] [exception: stream_socket_client failed, errstr: Unable to find the socket transport "unix" - did you forget to enable it when you configured PHP?]
26.02.18 23:53:14 sendStatusDoc [warn] [sendEvent [8.19] [cntr] [admin] [trialResult] [admin,1,2,48m,1,1771458793594,1771458793595,prr,trial,9,,1,398,398,398,ctr,owlSh,0,0,0,0,23] [exception: stream_socket_client failed, errstr: Unable to find the socket transport "unix" - did you forget to enable it when you configured PHP?]]
26.02.18 23:53:16 sendEvent [8.19] [cntr] [admin] [trialResult] [admin,1,2,48m,1,1771458795529,1771458795531,prr,trial,10,,1,382,382,382,ctr,elephant4Sh,0,0,0,0,22] [exception: stream_socket_client failed, errstr: Unable to find the socket transport "unix" - did you forget to enable it when you configured PHP?]
26.02.18 23:53:16 sendStatusDoc [warn] [sendEvent [8.19] [cntr] [admin] [trialResult] [admin,1,2,48m,1,1771458795529,1771458795531,prr,trial,10,,1,382,382,382,ctr,elephant4Sh,0,0,0,0,22] [exception: stream_socket_client failed, errstr: Unable to find the socket transport "unix" - did you forget to enable it when you configured PHP?]]
26.02.18 23:54:08 sendEvent [8.19] [resp] [admin] [setReadyMessage] [,,dot,msg_adtReady,,48m] [exception: stream_socket_client failed, errstr: Unable to find the socket transport "unix" - did you forget to enable it when you configured PHP?]
26.02.18 23:54:08 sendStatusDoc [warn] [sendEvent [8.19] [resp] [admin] [setReadyMessage] [,,dot,msg_adtReady,,48m] [exception: stream_socket_client failed, errstr: Unable to find the socket transport "unix" - did you forget to enable it when you configured PHP?]]
26.02.18 23:54:08 sendEvent [8.19] [resp] [admin] [startMultiTrials] [48m,tpr,trial,0,1,2,1,32,admin,Santiago_Morales] [exception: stream_socket_client failed, errstr: Unable to find the socket transport "unix" - did you forget to enable it when you configured PHP?]
26.02.18 23:54:08 sendStatusDoc [warn] [sendEvent [8.19] [resp] [admin] [startMultiTrials] [48m,tpr,trial,0,1,2,1,32,admin,Santiago_Morales] [exception: stream_socket_client failed, errstr: Unable to find the socket transport "unix" - did you forget to enable it when you configured PHP?]]
26.02.18 23:54:23 sendEvent [8.19] [cntr] [admin] [trialResult] [admin,1,2,48m,1,1771458862083,1771458862085,tpr,trial,1,prpt,1,764,764,764,rgt,busSh,0,0,0,0,31] [exception: stream_socket_client failed, errstr: Unable to find the socket transport "unix" - did you forget to enable it when you configured PHP?]
26.02.18 23:54:23 sendStatusDoc [warn] [sendEvent [8.19] [cntr] [admin] [trialResult] [admin,1,2,48m,1,1771458862083,1771458862085,tpr,trial,1,prpt,1,764,764,764,rgt,busSh,0,0,0,0,31] [exception: stream_socket_client failed, errstr: Unable to find the socket transport "unix" - did you forget to enable it when you configured PHP?]]
26.02.18 23:54:25 sendEvent [8.19] [cntr] [admin] [trialResult] [admin,1,2,48m,1,1771458864786,1771458864787,tpr,trial,2,prpt,1,558,558,558,rgt,elephant2Sh,0,0,0,0,30] [exception: stream_socket_client failed, errstr: Unable to find the socket transport "unix" - did you forget to enable it when you configured PHP?]
26.02.18 23:54:25 sendStatusDoc [warn] [sendEvent [8.19] [cntr] [admin] [trialResult] [admin,1,2,48m,1,1771458864786,1771458864787,tpr,trial,2,prpt,1,558,558,558,rgt,elephant2Sh,0,0,0,0,30] [exception: stream_socket_client failed, errstr: Unable to find the socket transport "unix" - did you forget to enable it when you configured PHP?]]
26.02.18 23:54:27 sendEvent [8.19] [cntr] [admin] [trialResult] [admin,1,2,48m,1,1771458867010,1771458867011,tpr,trial,3,prpt,1,662,662,662,rgt,flowerSh,0,0,0,0,29] [exception: stream_socket_client failed, errstr: Unable to find the socket transport "unix" - did you forget to enable it when you configured PHP?]
26.02.18 23:54:27 sendStatusDoc [warn] [sendEvent [8.19] [cntr] [admin] [trialResult] [admin,1,2,48m,1,1771458867010,1771458867011,tpr,trial,3,prpt,1,662,662,662,rgt,flowerSh,0,0,0,0,29] [exception: stream_socket_client failed, errstr: Unable to find the socket transport "unix" - did you forget to enable it when you configured PHP?]]
26.02.18 23:54:30 sendEvent [8.19] [cntr] [admin] [trialResult] [admin,1,2,48m,1,1771458869409,1771458869410,tpr,trial,4,inhb,1,927,927,927,lft,flowerSh,0,0,0,0,28] [exception: stream_socket_client failed, errstr: Unable to find the socket transport "unix" - did you forget to enable it when you configured PHP?]
26.02.18 23:54:30 sendStatusDoc [warn] [sendEvent [8.19] [cntr] [admin] [trialResult] [admin,1,2,48m,1,1771458869409,1771458869410,tpr,trial,4,inhb,1,927,927,927,lft,flowerSh,0,0,0,0,28] [exception: stream_socket_client failed, errstr: Unable to find the socket transport "unix" - did you forget to enable it when you configured PHP?]]
26.02.18 23:54:33 sendEvent [8.19] [cntr] [admin] [trialResult] [admin,1,2,48m,1,1771458872097,1771458872098,tpr,trial,5,prpt,1,687,687,687,rgt,appleSh,0,0,0,0,27] [exception: stream_socket_client failed, errstr: Unable to find the socket transport "unix" - did you forget to enable it when you configured PHP?]
26.02.18 23:54:33 sendStatusDoc [warn] [sendEvent [8.19] [cntr] [admin] [trialResult] [admin,1,2,48m,1,1771458872097,1771458872098,tpr,trial,5,prpt,1,687,687,687,rgt,appleSh,0,0,0,0,27] [exception: stream_socket_client failed, errstr: Unable to find the socket transport "unix" - did you forget to enable it when you configured PHP?]]
26.02.18 23:54:35 sendEvent [8.19] [cntr] [admin] [trialResult] [admin,1,2,48m,1,1771458874305,1771458874307,tpr,trial,6,prpt,1,750,750,750,rgt,flowerSh,0,0,0,0,26] [exception: stream_socket_client failed, errstr: Unable to find the socket transport "unix" - did you forget to enable it when you configured PHP?]
26.02.18 23:54:35 sendStatusDoc [warn] [sendEvent [8.19] [cntr] [admin] [trialResult] [admin,1,2,48m,1,1771458874305,1771458874307,tpr,trial,6,prpt,1,750,750,750,rgt,flowerSh,0,0,0,0,26] [exception: stream_socket_client failed, errstr: Unable to find the socket transport "unix" - did you forget to enable it when you configured PHP?]]
26.02.18 23:54:38 sendEvent [8.19] [cntr] [admin] [trialResult] [admin,1,2,48m,1,1771458876977,1771458876978,tpr,trial,7,inhb,1,912,912,912,lft,elephantSh,0,0,0,0,25] [exception: stream_socket_client failed, errstr: Unable to find the socket transport "unix" - did you forget to enable it when you configured PHP?]
26.02.18 23:54:38 sendStatusDoc [warn] [sendEvent [8.19] [cntr] [admin] [trialResult] [admin,1,2,48m,1,1771458876977,1771458876978,tpr,trial,7,inhb,1,912,912,912,lft,elephantSh,0,0,0,0,25] [exception: stream_socket_client failed, errstr: Unable to find the socket transport "unix" - did you forget to enable it when you configured PHP?]]
26.02.18 23:54:40 sendEvent [8.19] [cntr] [admin] [trialResult] [admin,1,2,48m,1,1771458879537,1771458879538,tpr,trial,8,prpt,1,1063,1063,1063,rgt,flowerSh,0,0,0,0,24] [exception: stream_socket_client failed, errstr: Unable to find the socket transport "unix" - did you forget to enable it when you configured PHP?]
26.02.18 23:54:40 sendStatusDoc [warn] [sendEvent [8.19] [cntr] [admin] [trialResult] [admin,1,2,48m,1,1771458879537,1771458879538,tpr,trial,8,prpt,1,1063,1063,1063,rgt,flowerSh,0,0,0,0,24] [exception: stream_socket_client failed, errstr: Unable to find the socket transport "unix" - did you forget to enable it when you configured PHP?]]
26.02.18 23:54:43 sendEvent [8.19] [cntr] [admin] [trialResult] [admin,1,2,48m,1,1771458882410,1771458882411,tpr,trial,9,inhb,1,1126,1126,1126,lft,busSh,0,0,0,0,23] [exception: stream_socket_client failed, errstr: Unable to find the socket transport "unix" - did you forget to enable it when you configured PHP?]
26.02.18 23:54:43 sendStatusDoc [warn] [sendEvent [8.19] [cntr] [admin] [trialResult] [admin,1,2,48m,1,1771458882410,1771458882411,tpr,trial,9,inhb,1,1126,1126,1126,lft,busSh,0,0,0,0,23] [exception: stream_socket_client failed, errstr: Unable to find the socket transport "unix" - did you forget to enable it when you configured PHP?]]
26.02.18 23:54:46 sendEvent [8.19] [cntr] [admin] [trialResult] [admin,1,2,48m,1,1771458885761,1771458885763,tpr,trial,10,prpt,1,750,750,750,rgt,elephantSh,0,0,0,0,22] [exception: stream_socket_client failed, errstr: Unable to find the socket transport "unix" - did you forget to enable it when you configured PHP?]
26.02.18 23:54:46 sendStatusDoc [warn] [sendEvent [8.19] [cntr] [admin] [trialResult] [admin,1,2,48m,1,1771458885761,1771458885763,tpr,trial,10,prpt,1,750,750,750,rgt,elephantSh,0,0,0,0,22] [exception: stream_socket_client failed, errstr: Unable to find the socket transport "unix" - did you forget to enable it when you configured PHP?]]
26.02.18 23:54:49 sendEvent [8.19] [cntr] [admin] [trialResult] [admin,1,2,48m,1,1771458888545,1771458888546,tpr,trial,11,prpt,1,967,967,967,rgt,elephant4Sh,0,0,0,0,21] [exception: stream_socket_client failed, errstr: Unable to find the socket transport "unix" - did you forget to enable it when you configured PHP?]
26.02.18 23:54:49 sendStatusDoc [warn] [sendEvent [8.19] [cntr] [admin] [trialResult] [admin,1,2,48m,1,1771458888545,1771458888546,tpr,trial,11,prpt,1,967,967,967,rgt,elephant4Sh,0,0,0,0,21] [exception: stream_socket_client failed, errstr: Unable to find the socket transport "unix" - did you forget to enable it when you configured PHP?]]
26.02.18 23:54:52 sendEvent [8.19] [cntr] [admin] [trialResult] [admin,1,2,48m,1,1771458891393,1771458891394,tpr,trial,12,prpt,1,695,695,695,rgt,owlSh,0,0,0,0,20] [exception: stream_socket_client failed, errstr: Unable to find the socket transport "unix" - did you forget to enable it when you configured PHP?]
26.02.18 23:54:52 sendStatusDoc [warn] [sendEvent [8.19] [cntr] [admin] [trialResult] [admin,1,2,48m,1,1771458891393,1771458891394,tpr,trial,12,prpt,1,695,695,695,rgt,owlSh,0,0,0,0,20] [exception: stream_socket_client failed, errstr: Unable to find the socket transport "unix" - did you forget to enable it when you configured PHP?]]
26.02.18 23:55:28 sendEvent [8.19] [resp] [admin] [setReadyMessage] [,,dot,msg_adtReady,,48m] [exception: stream_socket_client failed, errstr: Unable to find the socket transport "unix" - did you forget to enable it when you configured PHP?]
26.02.18 23:55:28 sendStatusDoc [warn] [sendEvent [8.19] [resp] [admin] [setReadyMessage] [,,dot,msg_adtReady,,48m] [exception: stream_socket_client failed, errstr: Unable to find the socket transport "unix" - did you forget to enable it when you configured PHP?]]
26.02.18 23:55:28 sendEvent [8.19] [resp] [admin] [startMultiTrials] [48m,tbr,trial,0,1,2,1,32,admin,Santiago_Morales] [exception: stream_socket_client failed, errstr: Unable to find the socket transport "unix" - did you forget to enable it when you configured PHP?]
26.02.18 23:55:28 sendStatusDoc [warn] [sendEvent [8.19] [resp] [admin] [startMultiTrials] [48m,tbr,trial,0,1,2,1,32,admin,Santiago_Morales] [exception: stream_socket_client failed, errstr: Unable to find the socket transport "unix" - did you forget to enable it when you configured PHP?]]
26.02.18 23:55:41 sendEvent [8.19] [cntr] [admin] [trialResult] [admin,1,2,48m,1,1771458940138,1771458940140,tbr,trial,1,,1,781,781,781,rgt,owlSh,0,0,0,0,31] [exception: stream_socket_client failed, errstr: Unable to find the socket transport "unix" - did you forget to enable it when you configured PHP?]
26.02.18 23:55:41 sendStatusDoc [warn] [sendEvent [8.19] [cntr] [admin] [trialResult] [admin,1,2,48m,1,1771458940138,1771458940140,tbr,trial,1,,1,781,781,781,rgt,owlSh,0,0,0,0,31] [exception: stream_socket_client failed, errstr: Unable to find the socket transport "unix" - did you forget to enable it when you configured PHP?]]
26.02.18 23:55:43 sendEvent [8.19] [cntr] [admin] [trialResult] [admin,1,2,48m,1,1771458942785,1771458942786,tbr,trial,2,,1,599,599,599,rgt,owlSh,0,0,0,0,30] [exception: stream_socket_client failed, errstr: Unable to find the socket transport "unix" - did you forget to enable it when you configured PHP?]
26.02.18 23:55:43 sendStatusDoc [warn] [sendEvent [8.19] [cntr] [admin] [trialResult] [admin,1,2,48m,1,1771458942785,1771458942786,tbr,trial,2,,1,599,599,599,rgt,owlSh,0,0,0,0,30] [exception: stream_socket_client failed, errstr: Unable to find the socket transport "unix" - did you forget to enable it when you configured PHP?]]
26.02.18 23:55:45 sendEvent [8.19] [cntr] [admin] [trialResult] [admin,1,2,48m,1,1771458945033,1771458945034,tbr,trial,3,,1,535,535,535,rgt,elephant2Sh,0,0,0,0,29] [exception: stream_socket_client failed, errstr: Unable to find the socket transport "unix" - did you forget to enable it when you configured PHP?]
26.02.18 23:55:45 sendStatusDoc [warn] [sendEvent [8.19] [cntr] [admin] [trialResult] [admin,1,2,48m,1,1771458945033,1771458945034,tbr,trial,3,,1,535,535,535,rgt,elephant2Sh,0,0,0,0,29] [exception: stream_socket_client failed, errstr: Unable to find the socket transport "unix" - did you forget to enable it when you configured PHP?]]
26.02.18 23:55:47 sendEvent [8.19] [cntr] [admin] [trialResult] [admin,1,2,48m,1,1771458947057,1771458947058,tbr,trial,4,,1,616,616,616,rgt,owlSh,0,0,0,0,28] [exception: stream_socket_client failed, errstr: Unable to find the socket transport "unix" - did you forget to enable it when you configured PHP?]
26.02.18 23:55:47 sendStatusDoc [warn] [sendEvent [8.19] [cntr] [admin] [trialResult] [admin,1,2,48m,1,1771458947057,1771458947058,tbr,trial,4,,1,616,616,616,rgt,owlSh,0,0,0,0,28] [exception: stream_socket_client failed, errstr: Unable to find the socket transport "unix" - did you forget to enable it when you configured PHP?]]
26.02.18 23:55:50 sendEvent [8.19] [cntr] [admin] [trialResult] [admin,1,2,48m,1,1771458949257,1771458949258,tbr,trial,5,,1,519,519,519,rgt,flowerSh,0,0,0,0,27] [exception: stream_socket_client failed, errstr: Unable to find the socket transport "unix" - did you forget to enable it when you configured PHP?]
26.02.18 23:55:50 sendStatusDoc [warn] [sendEvent [8.19] [cntr] [admin] [trialResult] [admin,1,2,48m,1,1771458949257,1771458949258,tbr,trial,5,,1,519,519,519,rgt,flowerSh,0,0,0,0,27] [exception: stream_socket_client failed, errstr: Unable to find the socket transport "unix" - did you forget to enable it when you configured PHP?]]
26.02.18 23:55:52 sendEvent [8.19] [cntr] [admin] [trialResult] [admin,1,2,48m,1,1771458951425,1771458951427,tbr,trial,6,,1,502,502,502,rgt,elephant2Sh,0,0,0,0,26] [exception: stream_socket_client failed, errstr: Unable to find the socket transport "unix" - did you forget to enable it when you configured PHP?]
26.02.18 23:55:52 sendStatusDoc [warn] [sendEvent [8.19] [cntr] [admin] [trialResult] [admin,1,2,48m,1,1771458951425,1771458951427,tbr,trial,6,,1,502,502,502,rgt,elephant2Sh,0,0,0,0,26] [exception: stream_socket_client failed, errstr: Unable to find the socket transport "unix" - did you forget to enable it when you configured PHP?]]
26.02.18 23:55:54 sendEvent [8.19] [cntr] [admin] [trialResult] [admin,1,2,48m,1,1771458953410,1771458953411,tbr,trial,7,,1,534,534,534,rgt,elephant4Sh,0,0,0,0,25] [exception: stream_socket_client failed, errstr: Unable to find the socket transport "unix" - did you forget to enable it when you configured PHP?]
26.02.18 23:55:54 sendStatusDoc [warn] [sendEvent [8.19] [cntr] [admin] [trialResult] [admin,1,2,48m,1,1771458953410,1771458953411,tbr,trial,7,,1,534,534,534,rgt,elephant4Sh,0,0,0,0,25] [exception: stream_socket_client failed, errstr: Unable to find the socket transport "unix" - did you forget to enable it when you configured PHP?]]
26.02.18 23:55:56 sendEvent [8.19] [cntr] [admin] [trialResult] [admin,1,2,48m,1,1771458955313,1771458955314,tbr,trial,8,,1,671,671,671,rgt,elephantSh,0,0,0,0,24] [exception: stream_socket_client failed, errstr: Unable to find the socket transport "unix" - did you forget to enable it when you configured PHP?]
26.02.18 23:55:56 sendStatusDoc [warn] [sendEvent [8.19] [cntr] [admin] [trialResult] [admin,1,2,48m,1,1771458955313,1771458955314,tbr,trial,8,,1,671,671,671,rgt,elephantSh,0,0,0,0,24] [exception: stream_socket_client failed, errstr: Unable to find the socket transport "unix" - did you forget to enable it when you configured PHP?]]
26.02.18 23:55:58 sendEvent [8.19] [cntr] [admin] [trialResult] [admin,1,2,48m,1,1771458957393,1771458957395,tbr,trial,9,,1,46,550,550,rgt,elephant4Sh,0,0,0,0,23] [exception: stream_socket_client failed, errstr: Unable to find the socket transport "unix" - did you forget to enable it when you configured PHP?]
26.02.18 23:55:58 sendStatusDoc [warn] [sendEvent [8.19] [cntr] [admin] [trialResult] [admin,1,2,48m,1,1771458957393,1771458957395,tbr,trial,9,,1,46,550,550,rgt,elephant4Sh,0,0,0,0,23] [exception: stream_socket_client failed, errstr: Unable to find the socket transport "unix" - did you forget to enable it when you configured PHP?]]
26.02.18 23:56:00 sendEvent [8.19] [cntr] [admin] [trialResult] [admin,1,2,48m,1,1771458959370,1771458959370,tbr,trial,10,,1,471,471,471,rgt,elephant2Sh,0,0,0,0,22] [exception: stream_socket_client failed, errstr: Unable to find the socket transport "unix" - did you forget to enable it when you configured PHP?]
26.02.18 23:56:00 sendStatusDoc [warn] [sendEvent [8.19] [cntr] [admin] [trialResult] [admin,1,2,48m,1,1771458959370,1771458959370,tbr,trial,10,,1,471,471,471,rgt,elephant2Sh,0,0,0,0,22] [exception: stream_socket_client failed, errstr: Unable to find the socket transport "unix" - did you forget to enable it when you configured PHP?]]
26.02.18 23:58:14 sendEvent [8.19] [resp] [admin] [setReadyMessage] [msg_adtIntro1,msg_adtIntro2,dot,msg_adtReady,,adt] [exception: stream_socket_client failed, errstr: Unable to find the socket transport "unix" - did you forget to enable it when you configured PHP?]
26.02.18 23:58:14 sendStatusDoc [warn] [sendEvent [8.19] [resp] [admin] [setReadyMessage] [msg_adtIntro1,msg_adtIntro2,dot,msg_adtReady,,adt] [exception: stream_socket_client failed, errstr: Unable to find the socket transport "unix" - did you forget to enable it when you configured PHP?]]
26.02.18 23:58:14 sendEvent [8.19] [resp] [admin] [startMultiTrials] [adt,ppt,trial,0,1,2,1,4,admin,Santiago_Morales] [exception: stream_socket_client failed, errstr: Unable to find the socket transport "unix" - did you forget to enable it when you configured PHP?]
26.02.18 23:58:14 sendStatusDoc [warn] [sendEvent [8.19] [resp] [admin] [startMultiTrials] [adt,ppt,trial,0,1,2,1,4,admin,Santiago_Morales] [exception: stream_socket_client failed, errstr: Unable to find the socket transport "unix" - did you forget to enable it when you configured PHP?]]
26.02.18 23:58:33 sendEvent [8.19] [cntr] [admin] [trialResult] [admin,1,2,adt,1,1771459112075,1771459112076,ppt,trial,1,,1,1149,1149,1149,top,,0,0,0,0,3] [exception: stream_socket_client failed, errstr: Unable to find the socket transport "unix" - did you forget to enable it when you configured PHP?]
26.02.18 23:58:33 sendStatusDoc [warn] [sendEvent [8.19] [cntr] [admin] [trialResult] [admin,1,2,adt,1,1771459112075,1771459112076,ppt,trial,1,,1,1149,1149,1149,top,,0,0,0,0,3] [exception: stream_socket_client failed, errstr: Unable to find the socket transport "unix" - did you forget to enable it when you configured PHP?]]
26.02.18 23:58:35 sendEvent [8.19] [cntr] [admin] [trialResult] [admin,1,2,adt,1,1771459114449,1771459114450,ppt,trial,2,,1,927,927,927,top,,0,0,0,0,2] [exception: stream_socket_client failed, errstr: Unable to find the socket transport "unix" - did you forget to enable it when you configured PHP?]
26.02.18 23:58:35 sendStatusDoc [warn] [sendEvent [8.19] [cntr] [admin] [trialResult] [admin,1,2,adt,1,1771459114449,1771459114450,ppt,trial,2,,1,927,927,927,top,,0,0,0,0,2] [exception: stream_socket_client failed, errstr: Unable to find the socket transport "unix" - did you forget to enable it when you configured PHP?]]
26.02.18 23:58:38 sendEvent [8.19] [cntr] [admin] [trialResult] [admin,1,2,adt,1,1771459117793,1771459117795,ppt,trial,3,,1,670,670,670,top,,1,0,0,0,1] [exception: stream_socket_client failed, errstr: Unable to find the socket transport "unix" - did you forget to enable it when you configured PHP?]
26.02.18 23:58:38 sendStatusDoc [warn] [sendEvent [8.19] [cntr] [admin] [trialResult] [admin,1,2,adt,1,1771459117793,1771459117795,ppt,trial,3,,1,670,670,670,top,,1,0,0,0,1] [exception: stream_socket_client failed, errstr: Unable to find the socket transport "unix" - did you forget to enable it when you configured PHP?]]
26.02.18 23:58:41 sendEvent [8.19] [cntr] [admin] [trialResult] [admin,1,2,adt,1,1771459120834,1771459120834,ppt,trial,4,,1,743,743,743,top,,1,0,0,0,0] [exception: stream_socket_client failed, errstr: Unable to find the socket transport "unix" - did you forget to enable it when you configured PHP?]
26.02.18 23:58:41 sendStatusDoc [warn] [sendEvent [8.19] [cntr] [admin] [trialResult] [admin,1,2,adt,1,1771459120834,1771459120834,ppt,trial,4,,1,743,743,743,top,,1,0,0,0,0] [exception: stream_socket_client failed, errstr: Unable to find the socket transport "unix" - did you forget to enable it when you configured PHP?]]
26.02.18 23:58:43 sendEvent [8.19] [cntr] [admin] [trialEnded] [] [exception: stream_socket_client failed, errstr: Unable to find the socket transport "unix" - did you forget to enable it when you configured PHP?]
26.02.18 23:58:43 sendStatusDoc [warn] [sendEvent [8.19] [cntr] [admin] [trialEnded] [] [exception: stream_socket_client failed, errstr: Unable to find the socket transport "unix" - did you forget to enable it when you configured PHP?]]
26.02.18 23:59:56 sendEvent [8.19] [resp] [admin] [setReadyMessage] [msg_adtIntro1,msg_adtIntro2,dot,msg_adtReady,,adt] [exception: stream_socket_client failed, errstr: Unable to find the socket transport "unix" - did you forget to enable it when you configured PHP?]
26.02.18 23:59:56 sendStatusDoc [warn] [sendEvent [8.19] [resp] [admin] [setReadyMessage] [msg_adtIntro1,msg_adtIntro2,dot,msg_adtReady,,adt] [exception: stream_socket_client failed, errstr: Unable to find the socket transport "unix" - did you forget to enable it when you configured PHP?]]
26.02.18 23:59:56 sendEvent [8.19] [resp] [admin] [startMultiTrials] [adt,tpt,trial,0,1,2,1,32,admin,Santiago_Morales] [exception: stream_socket_client failed, errstr: Unable to find the socket transport "unix" - did you forget to enable it when you configured PHP?]
26.02.18 23:59:56 sendStatusDoc [warn] [sendEvent [8.19] [resp] [admin] [startMultiTrials] [adt,tpt,trial,0,1,2,1,32,admin,Santiago_Morales] [exception: stream_socket_client failed, errstr: Unable to find the socket transport "unix" - did you forget to enable it when you configured PHP?]]
26.02.19 00:00:40 sendEvent [8.19] [resp] [admin] [setReadyMessage] [msg_adtIntro1,msg_adtIntro2,dot,msg_adtReady,,adt] [exception: stream_socket_client failed, errstr: Unable to find the socket transport "unix" - did you forget to enable it when you configured PHP?]
26.02.19 00:00:40 sendStatusDoc [warn] [sendEvent [8.19] [resp] [admin] [setReadyMessage] [msg_adtIntro1,msg_adtIntro2,dot,msg_adtReady,,adt] [exception: stream_socket_client failed, errstr: Unable to find the socket transport "unix" - did you forget to enable it when you configured PHP?]]
26.02.19 00:00:40 sendEvent [8.19] [resp] [admin] [startMultiTrials] [adt,tpt,trial,0,1,2,1,32,admin,Santiago_Morales] [exception: stream_socket_client failed, errstr: Unable to find the socket transport "unix" - did you forget to enable it when you configured PHP?]
26.02.19 00:00:40 sendStatusDoc [warn] [sendEvent [8.19] [resp] [admin] [startMultiTrials] [adt,tpt,trial,0,1,2,1,32,admin,Santiago_Morales] [exception: stream_socket_client failed, errstr: Unable to find the socket transport "unix" - did you forget to enable it when you configured PHP?]]
26.02.19 00:00:59 sendEvent [8.19] [cntr] [admin] [trialResult] [admin,1,2,adt,1,1771459258901,1771459258902,tpt,trial,1,prpt,1,675,675,675,top,,0,0,0,0,31] [exception: stream_socket_client failed, errstr: Unable to find the socket transport "unix" - did you forget to enable it when you configured PHP?]
26.02.19 00:00:59 sendStatusDoc [warn] [sendEvent [8.19] [cntr] [admin] [trialResult] [admin,1,2,adt,1,1771459258901,1771459258902,tpt,trial,1,prpt,1,675,675,675,top,,0,0,0,0,31] [exception: stream_socket_client failed, errstr: Unable to find the socket transport "unix" - did you forget to enable it when you configured PHP?]]
26.02.19 00:01:02 sendEvent [8.19] [cntr] [admin] [trialResult] [admin,1,2,adt,1,1771459261897,1771459261898,tpt,trial,2,prpt,1,647,647,647,top,,1,0,0,0,30] [exception: stream_socket_client failed, errstr: Unable to find the socket transport "unix" - did you forget to enable it when you configured PHP?]
26.02.19 00:01:02 sendStatusDoc [warn] [sendEvent [8.19] [cntr] [admin] [trialResult] [admin,1,2,adt,1,1771459261897,1771459261898,tpt,trial,2,prpt,1,647,647,647,top,,1,0,0,0,30] [exception: stream_socket_client failed, errstr: Unable to find the socket transport "unix" - did you forget to enable it when you configured PHP?]]
26.02.19 00:01:04 sendEvent [8.19] [cntr] [admin] [trialResult] [admin,1,2,adt,1,1771459263713,1771459263715,tpt,trial,3,prpt,1,718,718,718,top,,0,0,0,0,29] [exception: stream_socket_client failed, errstr: Unable to find the socket transport "unix" - did you forget to enable it when you configured PHP?]
26.02.19 00:01:04 sendStatusDoc [warn] [sendEvent [8.19] [cntr] [admin] [trialResult] [admin,1,2,adt,1,1771459263713,1771459263715,tpt,trial,3,prpt,1,718,718,718,top,,0,0,0,0,29] [exception: stream_socket_client failed, errstr: Unable to find the socket transport "unix" - did you forget to enable it when you configured PHP?]]
26.02.19 00:01:06 sendEvent [8.19] [cntr] [admin] [trialResult] [admin,1,2,adt,1,1771459265610,1771459265611,tpt,trial,4,prpt,1,622,622,622,top,,0,0,0,0,28] [exception: stream_socket_client failed, errstr: Unable to find the socket transport "unix" - did you forget to enable it when you configured PHP?]
26.02.19 00:01:06 sendStatusDoc [warn] [sendEvent [8.19] [cntr] [admin] [trialResult] [admin,1,2,adt,1,1771459265610,1771459265611,tpt,trial,4,prpt,1,622,622,622,top,,0,0,0,0,28] [exception: stream_socket_client failed, errstr: Unable to find the socket transport "unix" - did you forget to enable it when you configured PHP?]]
26.02.19 00:01:08 sendEvent [8.19] [cntr] [admin] [trialResult] [admin,1,2,adt,1,1771459267826,1771459267827,tpt,trial,5,prpt,1,710,710,710,top,,0,0,0,0,27] [exception: stream_socket_client failed, errstr: Unable to find the socket transport "unix" - did you forget to enable it when you configured PHP?]
26.02.19 00:01:08 sendStatusDoc [warn] [sendEvent [8.19] [cntr] [admin] [trialResult] [admin,1,2,adt,1,1771459267826,1771459267827,tpt,trial,5,prpt,1,710,710,710,top,,0,0,0,0,27] [exception: stream_socket_client failed, errstr: Unable to find the socket transport "unix" - did you forget to enable it when you configured PHP?]]
26.02.19 00:01:11 sendEvent [8.19] [cntr] [admin] [trialResult] [admin,1,2,adt,1,1771459269698,1771459269699,tpt,trial,6,inhb,1,1110,1110,1110,btm,,0,0,0,0,26] [exception: stream_socket_client failed, errstr: Unable to find the socket transport "unix" - did you forget to enable it when you configured PHP?]
26.02.19 00:01:11 sendStatusDoc [warn] [sendEvent [8.19] [cntr] [admin] [trialResult] [admin,1,2,adt,1,1771459269698,1771459269699,tpt,trial,6,inhb,1,1110,1110,1110,btm,,0,0,0,0,26] [exception: stream_socket_client failed, errstr: Unable to find the socket transport "unix" - did you forget to enable it when you configured PHP?]]
26.02.19 00:01:13 sendEvent [8.19] [cntr] [admin] [trialResult] [admin,1,2,adt,1,1771459272425,1771459272427,tpt,trial,7,prpt,1,807,807,807,top,,0,0,0,0,25] [exception: stream_socket_client failed, errstr: Unable to find the socket transport "unix" - did you forget to enable it when you configured PHP?]
26.02.19 00:01:13 sendStatusDoc [warn] [sendEvent [8.19] [cntr] [admin] [trialResult] [admin,1,2,adt,1,1771459272425,1771459272427,tpt,trial,7,prpt,1,807,807,807,top,,0,0,0,0,25] [exception: stream_socket_client failed, errstr: Unable to find the socket transport "unix" - did you forget to enable it when you configured PHP?]]
26.02.19 00:01:15 sendEvent [8.19] [cntr] [admin] [trialResult] [admin,1,2,adt,1,1771459274409,1771459274410,tpt,trial,8,prpt,1,783,783,783,top,,0,0,0,0,24] [exception: stream_socket_client failed, errstr: Unable to find the socket transport "unix" - did you forget to enable it when you configured PHP?]
26.02.19 00:01:15 sendStatusDoc [warn] [sendEvent [8.19] [cntr] [admin] [trialResult] [admin,1,2,adt,1,1771459274409,1771459274410,tpt,trial,8,prpt,1,783,783,783,top,,0,0,0,0,24] [exception: stream_socket_client failed, errstr: Unable to find the socket transport "unix" - did you forget to enable it when you configured PHP?]]
26.02.19 00:01:17 sendEvent [8.19] [cntr] [admin] [trialResult] [admin,1,2,adt,1,1771459276302,1771459276303,tpt,trial,9,prpt,1,722,722,722,top,,0,0,0,0,23] [exception: stream_socket_client failed, errstr: Unable to find the socket transport "unix" - did you forget to enable it when you configured PHP?]
26.02.19 00:01:17 sendStatusDoc [warn] [sendEvent [8.19] [cntr] [admin] [trialResult] [admin,1,2,adt,1,1771459276302,1771459276303,tpt,trial,9,prpt,1,722,722,722,top,,0,0,0,0,23] [exception: stream_socket_client failed, errstr: Unable to find the socket transport "unix" - did you forget to enable it when you configured PHP?]]
26.02.19 00:01:19 sendEvent [8.19] [cntr] [admin] [trialResult] [admin,1,2,adt,1,1771459278113,1771459278114,tpt,trial,10,prpt,1,687,687,687,top,,0,0,0,0,22] [exception: stream_socket_client failed, errstr: Unable to find the socket transport "unix" - did you forget to enable it when you configured PHP?]
26.02.19 00:01:19 sendStatusDoc [warn] [sendEvent [8.19] [cntr] [admin] [trialResult] [admin,1,2,adt,1,1771459278113,1771459278114,tpt,trial,10,prpt,1,687,687,687,top,,0,0,0,0,22] [exception: stream_socket_client failed, errstr: Unable to find the socket transport "unix" - did you forget to enable it when you configured PHP?]]
26.02.19 00:01:21 sendEvent [8.19] [cntr] [admin] [trialResult] [admin,1,2,adt,1,1771459280201,1771459280202,tpt,trial,11,inhb,1,871,871,871,btm,,0,0,0,0,21] [exception: stream_socket_client failed, errstr: Unable to find the socket transport "unix" - did you forget to enable it when you configured PHP?]
26.02.19 00:01:21 sendStatusDoc [warn] [sendEvent [8.19] [cntr] [admin] [trialResult] [admin,1,2,adt,1,1771459280201,1771459280202,tpt,trial,11,inhb,1,871,871,871,btm,,0,0,0,0,21] [exception: stream_socket_client failed, errstr: Unable to find the socket transport "unix" - did you forget to enable it when you configured PHP?]]
26.02.19 00:01:23 sendEvent [8.19] [cntr] [admin] [trialResult] [admin,1,2,adt,1,1771459282489,1771459282490,tpt,trial,12,prpt,1,975,975,975,top,,0,0,0,0,20] [exception: stream_socket_client failed, errstr: Unable to find the socket transport "unix" - did you forget to enable it when you configured PHP?]
26.02.19 00:01:23 sendStatusDoc [warn] [sendEvent [8.19] [cntr] [admin] [trialResult] [admin,1,2,adt,1,1771459282489,1771459282490,tpt,trial,12,prpt,1,975,975,975,top,,0,0,0,0,20] [exception: stream_socket_client failed, errstr: Unable to find the socket transport "unix" - did you forget to enable it when you configured PHP?]]
26.02.19 00:01:25 sendEvent [8.19] [cntr] [admin] [trialResult] [admin,1,2,adt,1,1771459284585,1771459284586,tpt,trial,13,inhb,1,727,727,727,btm,,0,0,0,0,19] [exception: stream_socket_client failed, errstr: Unable to find the socket transport "unix" - did you forget to enable it when you configured PHP?]
26.02.19 00:01:25 sendStatusDoc [warn] [sendEvent [8.19] [cntr] [admin] [trialResult] [admin,1,2,adt,1,1771459284585,1771459284586,tpt,trial,13,inhb,1,727,727,727,btm,,0,0,0,0,19] [exception: stream_socket_client failed, errstr: Unable to find the socket transport "unix" - did you forget to enable it when you configured PHP?]]
26.02.19 00:01:27 sendEvent [8.19] [cntr] [admin] [trialResult] [admin,1,2,adt,1,1771459286369,1771459286370,tpt,trial,14,prpt,1,743,743,743,top,,0,0,0,0,18] [exception: stream_socket_client failed, errstr: Unable to find the socket transport "unix" - did you forget to enable it when you configured PHP?]
26.02.19 00:01:27 sendStatusDoc [warn] [sendEvent [8.19] [cntr] [admin] [trialResult] [admin,1,2,adt,1,1771459286369,1771459286370,tpt,trial,14,prpt,1,743,743,743,top,,0,0,0,0,18] [exception: stream_socket_client failed, errstr: Unable to find the socket transport "unix" - did you forget to enable it when you configured PHP?]]
26.02.19 00:01:29 sendEvent [8.19] [cntr] [admin] [trialResult] [admin,1,2,adt,1,1771459288409,1771459288410,tpt,trial,15,prpt,1,631,631,631,top,,0,0,0,0,17] [exception: stream_socket_client failed, errstr: Unable to find the socket transport "unix" - did you forget to enable it when you configured PHP?]
26.02.19 00:01:29 sendStatusDoc [warn] [sendEvent [8.19] [cntr] [admin] [trialResult] [admin,1,2,adt,1,1771459288409,1771459288410,tpt,trial,15,prpt,1,631,631,631,top,,0,0,0,0,17] [exception: stream_socket_client failed, errstr: Unable to find the socket transport "unix" - did you forget to enable it when you configured PHP?]]
26.02.19 00:01:31 sendEvent [8.19] [cntr] [admin] [trialResult] [admin,1,2,adt,1,1771459290314,1771459290315,tpt,trial,16,prpt,1,718,718,718,top,,0,0,0,0,16] [exception: stream_socket_client failed, errstr: Unable to find the socket transport "unix" - did you forget to enable it when you configured PHP?]
26.02.19 00:01:31 sendStatusDoc [warn] [sendEvent [8.19] [cntr] [admin] [trialResult] [admin,1,2,adt,1,1771459290314,1771459290315,tpt,trial,16,prpt,1,718,718,718,top,,0,0,0,0,16] [exception: stream_socket_client failed, errstr: Unable to find the socket transport "unix" - did you forget to enable it when you configured PHP?]]
26.02.19 00:01:33 sendEvent [8.19] [cntr] [admin] [trialResult] [admin,1,2,adt,1,1771459292394,1771459292395,tpt,trial,17,inhb,1,1214,1214,1214,btm,,0,0,0,0,15] [exception: stream_socket_client failed, errstr: Unable to find the socket transport "unix" - did you forget to enable it when you configured PHP?]
26.02.19 00:01:33 sendStatusDoc [warn] [sendEvent [8.19] [cntr] [admin] [trialResult] [admin,1,2,adt,1,1771459292394,1771459292395,tpt,trial,17,inhb,1,1214,1214,1214,btm,,0,0,0,0,15] [exception: stream_socket_client failed, errstr: Unable to find the socket transport "unix" - did you forget to enable it when you configured PHP?]]
26.02.19 00:01:57 sendEvent [8.19] [cntr] [admin] [trialResult] [admin,1,2,adt,1,1771459315930,1771459315931,tpt,trial,18,prpt,0,1359,1359,1359,btm,,0,0,0,0,14] [exception: stream_socket_client failed, errstr: Unable to find the socket transport "unix" - did you forget to enable it when you configured PHP?]
26.02.19 00:01:57 sendStatusDoc [warn] [sendEvent [8.19] [cntr] [admin] [trialResult] [admin,1,2,adt,1,1771459315930,1771459315931,tpt,trial,18,prpt,0,1359,1359,1359,btm,,0,0,0,0,14] [exception: stream_socket_client failed, errstr: Unable to find the socket transport "unix" - did you forget to enable it when you configured PHP?]]
26.02.19 00:02:00 sendEvent [8.19] [cntr] [admin] [trialResult] [admin,1,2,adt,1,1771459318914,1771459318915,tpt,trial,19,prpt,1,1246,1246,1246,top,,0,0,0,0,13] [exception: stream_socket_client failed, errstr: Unable to find the socket transport "unix" - did you forget to enable it when you configured PHP?]
26.02.19 00:02:00 sendStatusDoc [warn] [sendEvent [8.19] [cntr] [admin] [trialResult] [admin,1,2,adt,1,1771459318914,1771459318915,tpt,trial,19,prpt,1,1246,1246,1246,top,,0,0,0,0,13] [exception: stream_socket_client failed, errstr: Unable to find the socket transport "unix" - did you forget to enable it when you configured PHP?]]
26.02.19 00:02:34 sendEvent [8.19] [resp] [admin] [startMultiTrials] [adt,ppb,trial,0,1,2,1,4,admin,Santiago_Morales] [exception: stream_socket_client failed, errstr: Unable to find the socket transport "unix" - did you forget to enable it when you configured PHP?]
26.02.19 00:02:34 sendStatusDoc [warn] [sendEvent [8.19] [resp] [admin] [startMultiTrials] [adt,ppb,trial,0,1,2,1,4,admin,Santiago_Morales] [exception: stream_socket_client failed, errstr: Unable to find the socket transport "unix" - did you forget to enable it when you configured PHP?]]
26.02.19 00:02:34 sendEvent [8.19] [resp] [admin] [setReadyMessage] [msg_adtIntro1,msg_adtIntro2,dot,msg_adtReady,,adt] [exception: stream_socket_client failed, errstr: Unable to find the socket transport "unix" - did you forget to enable it when you configured PHP?]
26.02.19 00:02:34 sendStatusDoc [warn] [sendEvent [8.19] [resp] [admin] [setReadyMessage] [msg_adtIntro1,msg_adtIntro2,dot,msg_adtReady,,adt] [exception: stream_socket_client failed, errstr: Unable to find the socket transport "unix" - did you forget to enable it when you configured PHP?]]
26.02.19 00:02:45 sendEvent [8.19] [cntr] [admin] [trialResult] [admin,1,2,adt,1,1771459363933,1771459363935,ppb,trial,1,,1,922,922,922,btm,,0,0,0,0,3] [exception: stream_socket_client failed, errstr: Unable to find the socket transport "unix" - did you forget to enable it when you configured PHP?]
26.02.19 00:02:45 sendStatusDoc [warn] [sendEvent [8.19] [cntr] [admin] [trialResult] [admin,1,2,adt,1,1771459363933,1771459363935,ppb,trial,1,,1,922,922,922,btm,,0,0,0,0,3] [exception: stream_socket_client failed, errstr: Unable to find the socket transport "unix" - did you forget to enable it when you configured PHP?]]
26.02.19 00:02:47 sendEvent [8.19] [cntr] [admin] [trialResult] [admin,1,2,adt,1,1771459366514,1771459366515,ppb,trial,2,,1,766,766,766,btm,,0,0,0,0,2] [exception: stream_socket_client failed, errstr: Unable to find the socket transport "unix" - did you forget to enable it when you configured PHP?]
26.02.19 00:02:47 sendStatusDoc [warn] [sendEvent [8.19] [cntr] [admin] [trialResult] [admin,1,2,adt,1,1771459366514,1771459366515,ppb,trial,2,,1,766,766,766,btm,,0,0,0,0,2] [exception: stream_socket_client failed, errstr: Unable to find the socket transport "unix" - did you forget to enable it when you configured PHP?]]
26.02.19 00:02:49 sendEvent [8.19] [cntr] [admin] [trialResult] [admin,1,2,adt,1,1771459368393,1771459368394,ppb,trial,3,,1,871,871,871,btm,,0,0,0,0,1] [exception: stream_socket_client failed, errstr: Unable to find the socket transport "unix" - did you forget to enable it when you configured PHP?]
26.02.19 00:02:49 sendStatusDoc [warn] [sendEvent [8.19] [cntr] [admin] [trialResult] [admin,1,2,adt,1,1771459368393,1771459368394,ppb,trial,3,,1,871,871,871,btm,,0,0,0,0,1] [exception: stream_socket_client failed, errstr: Unable to find the socket transport "unix" - did you forget to enable it when you configured PHP?]]
26.02.19 00:02:51 sendEvent [8.19] [cntr] [admin] [trialResult] [admin,1,2,adt,1,1771459370546,1771459370547,ppb,trial,4,,1,750,750,750,btm,,0,0,0,0,0] [exception: stream_socket_client failed, errstr: Unable to find the socket transport "unix" - did you forget to enable it when you configured PHP?]
26.02.19 00:02:51 sendStatusDoc [warn] [sendEvent [8.19] [cntr] [admin] [trialResult] [admin,1,2,adt,1,1771459370546,1771459370547,ppb,trial,4,,1,750,750,750,btm,,0,0,0,0,0] [exception: stream_socket_client failed, errstr: Unable to find the socket transport "unix" - did you forget to enable it when you configured PHP?]]
26.02.19 00:02:52 sendEvent [8.19] [cntr] [admin] [trialEnded] [] [exception: stream_socket_client failed, errstr: Unable to find the socket transport "unix" - did you forget to enable it when you configured PHP?]
26.02.19 00:02:52 sendStatusDoc [warn] [sendEvent [8.19] [cntr] [admin] [trialEnded] [] [exception: stream_socket_client failed, errstr: Unable to find the socket transport "unix" - did you forget to enable it when you configured PHP?]]
26.02.19 00:03:40 sendEvent [8.19] [resp] [admin] [setReadyMessage] [msg_adtIntro1,msg_adtIntro2,dot,msg_adtReady,,adt] [exception: stream_socket_client failed, errstr: Unable to find the socket transport "unix" - did you forget to enable it when you configured PHP?]
26.02.19 00:03:40 sendStatusDoc [warn] [sendEvent [8.19] [resp] [admin] [setReadyMessage] [msg_adtIntro1,msg_adtIntro2,dot,msg_adtReady,,adt] [exception: stream_socket_client failed, errstr: Unable to find the socket transport "unix" - did you forget to enable it when you configured PHP?]]
26.02.19 00:03:40 sendEvent [8.19] [resp] [admin] [startMultiTrials] [adt,tpb,trial,0,1,2,1,32,admin,Santiago_Morales] [exception: stream_socket_client failed, errstr: Unable to find the socket transport "unix" - did you forget to enable it when you configured PHP?]
26.02.19 00:03:40 sendStatusDoc [warn] [sendEvent [8.19] [resp] [admin] [startMultiTrials] [adt,tpb,trial,0,1,2,1,32,admin,Santiago_Morales] [exception: stream_socket_client failed, errstr: Unable to find the socket transport "unix" - did you forget to enable it when you configured PHP?]]
26.02.19 00:03:54 sendEvent [8.19] [cntr] [admin] [trialResult] [admin,1,2,adt,1,1771459433518,1771459433520,tpb,trial,1,prpt,1,849,849,849,btm,,0,0,0,0,31] [exception: stream_socket_client failed, errstr: Unable to find the socket transport "unix" - did you forget to enable it when you configured PHP?]
26.02.19 00:03:54 sendStatusDoc [warn] [sendEvent [8.19] [cntr] [admin] [trialResult] [admin,1,2,adt,1,1771459433518,1771459433520,tpb,trial,1,prpt,1,849,849,849,btm,,0,0,0,0,31] [exception: stream_socket_client failed, errstr: Unable to find the socket transport "unix" - did you forget to enable it when you configured PHP?]]
26.02.19 00:03:56 sendEvent [8.19] [cntr] [admin] [trialResult] [admin,1,2,adt,1,1771459435546,1771459435547,tpb,trial,2,prpt,1,726,726,726,btm,,0,0,0,0,30] [exception: stream_socket_client failed, errstr: Unable to find the socket transport "unix" - did you forget to enable it when you configured PHP?]
26.02.19 00:03:56 sendStatusDoc [warn] [sendEvent [8.19] [cntr] [admin] [trialResult] [admin,1,2,adt,1,1771459435546,1771459435547,tpb,trial,2,prpt,1,726,726,726,btm,,0,0,0,0,30] [exception: stream_socket_client failed, errstr: Unable to find the socket transport "unix" - did you forget to enable it when you configured PHP?]]
26.02.19 00:03:58 sendEvent [8.19] [cntr] [admin] [trialResult] [admin,1,2,adt,1,1771459437337,1771459437339,tpb,trial,3,prpt,1,668,668,668,btm,,0,0,0,0,29] [exception: stream_socket_client failed, errstr: Unable to find the socket transport "unix" - did you forget to enable it when you configured PHP?]
26.02.19 00:03:58 sendStatusDoc [warn] [sendEvent [8.19] [cntr] [admin] [trialResult] [admin,1,2,adt,1,1771459437337,1771459437339,tpb,trial,3,prpt,1,668,668,668,btm,,0,0,0,0,29] [exception: stream_socket_client failed, errstr: Unable to find the socket transport "unix" - did you forget to enable it when you configured PHP?]]
26.02.19 00:04:00 sendEvent [8.19] [cntr] [admin] [trialResult] [admin,1,2,adt,1,1771459439161,1771459439162,tpb,trial,4,prpt,1,823,823,823,btm,,0,0,0,0,28] [exception: stream_socket_client failed, errstr: Unable to find the socket transport "unix" - did you forget to enable it when you configured PHP?]
26.02.19 00:04:00 sendStatusDoc [warn] [sendEvent [8.19] [cntr] [admin] [trialResult] [admin,1,2,adt,1,1771459439161,1771459439162,tpb,trial,4,prpt,1,823,823,823,btm,,0,0,0,0,28] [exception: stream_socket_client failed, errstr: Unable to find the socket transport "unix" - did you forget to enable it when you configured PHP?]]
26.02.19 00:04:02 sendEvent [8.19] [cntr] [admin] [trialResult] [admin,1,2,adt,1,1771459441649,1771459441650,tpb,trial,5,inhb,1,799,799,799,top,,1,0,0,0,27] [exception: stream_socket_client failed, errstr: Unable to find the socket transport "unix" - did you forget to enable it when you configured PHP?]
26.02.19 00:04:02 sendStatusDoc [warn] [sendEvent [8.19] [cntr] [admin] [trialResult] [admin,1,2,adt,1,1771459441649,1771459441650,tpb,trial,5,inhb,1,799,799,799,top,,1,0,0,0,27] [exception: stream_socket_client failed, errstr: Unable to find the socket transport "unix" - did you forget to enable it when you configured PHP?]]
26.02.19 00:04:05 sendEvent [8.19] [cntr] [admin] [trialResult] [admin,1,2,adt,1,1771459444082,1771459444083,tpb,trial,6,prpt,1,758,758,758,btm,,0,0,0,0,26] [exception: stream_socket_client failed, errstr: Unable to find the socket transport "unix" - did you forget to enable it when you configured PHP?]
26.02.19 00:04:05 sendStatusDoc [warn] [sendEvent [8.19] [cntr] [admin] [trialResult] [admin,1,2,adt,1,1771459444082,1771459444083,tpb,trial,6,prpt,1,758,758,758,btm,,0,0,0,0,26] [exception: stream_socket_client failed, errstr: Unable to find the socket transport "unix" - did you forget to enable it when you configured PHP?]]
26.02.19 00:04:07 sendEvent [8.19] [cntr] [admin] [trialResult] [admin,1,2,adt,1,1771459446346,1771459446347,tpb,trial,7,prpt,1,614,614,614,btm,,0,0,0,0,25] [exception: stream_socket_client failed, errstr: Unable to find the socket transport "unix" - did you forget to enable it when you configured PHP?]
26.02.19 00:04:07 sendStatusDoc [warn] [sendEvent [8.19] [cntr] [admin] [trialResult] [admin,1,2,adt,1,1771459446346,1771459446347,tpb,trial,7,prpt,1,614,614,614,btm,,0,0,0,0,25] [exception: stream_socket_client failed, errstr: Unable to find the socket transport "unix" - did you forget to enable it when you configured PHP?]]
26.02.19 00:04:09 sendEvent [8.19] [cntr] [admin] [trialResult] [admin,1,2,adt,1,1771459448554,1771459448556,tpb,trial,8,prpt,1,669,669,669,btm,,0,0,0,0,24] [exception: stream_socket_client failed, errstr: Unable to find the socket transport "unix" - did you forget to enable it when you configured PHP?]
26.02.19 00:04:09 sendStatusDoc [warn] [sendEvent [8.19] [cntr] [admin] [trialResult] [admin,1,2,adt,1,1771459448554,1771459448556,tpb,trial,8,prpt,1,669,669,669,btm,,0,0,0,0,24] [exception: stream_socket_client failed, errstr: Unable to find the socket transport "unix" - did you forget to enable it when you configured PHP?]]
26.02.19 00:04:11 sendEvent [8.19] [cntr] [admin] [trialResult] [admin,1,2,adt,1,1771459450618,1771459450619,tpb,trial,9,inhb,1,942,942,942,top,,0,0,0,0,23] [exception: stream_socket_client failed, errstr: Unable to find the socket transport "unix" - did you forget to enable it when you configured PHP?]
26.02.19 00:04:11 sendStatusDoc [warn] [sendEvent [8.19] [cntr] [admin] [trialResult] [admin,1,2,adt,1,1771459450618,1771459450619,tpb,trial,9,inhb,1,942,942,942,top,,0,0,0,0,23] [exception: stream_socket_client failed, errstr: Unable to find the socket transport "unix" - did you forget to enable it when you configured PHP?]]
26.02.19 00:04:13 sendEvent [8.19] [cntr] [admin] [trialResult] [admin,1,2,adt,1,1771459452769,1771459452770,tpb,trial,10,prpt,1,775,775,775,btm,,0,0,0,0,22] [exception: stream_socket_client failed, errstr: Unable to find the socket transport "unix" - did you forget to enable it when you configured PHP?]
26.02.19 00:04:13 sendStatusDoc [warn] [sendEvent [8.19] [cntr] [admin] [trialResult] [admin,1,2,adt,1,1771459452769,1771459452770,tpb,trial,10,prpt,1,775,775,775,btm,,0,0,0,0,22] [exception: stream_socket_client failed, errstr: Unable to find the socket transport "unix" - did you forget to enable it when you configured PHP?]]
26.02.19 00:04:16 sendEvent [8.19] [cntr] [admin] [trialResult] [admin,1,2,adt,1,1771459455249,1771459455250,tpb,trial,11,prpt,1,847,847,847,btm,,0,0,0,0,21] [exception: stream_socket_client failed, errstr: Unable to find the socket transport "unix" - did you forget to enable it when you configured PHP?]
26.02.19 00:04:16 sendStatusDoc [warn] [sendEvent [8.19] [cntr] [admin] [trialResult] [admin,1,2,adt,1,1771459455249,1771459455250,tpb,trial,11,prpt,1,847,847,847,btm,,0,0,0,0,21] [exception: stream_socket_client failed, errstr: Unable to find the socket transport "unix" - did you forget to enable it when you configured PHP?]]
26.02.19 00:04:18 sendEvent [8.19] [cntr] [admin] [trialResult] [admin,1,2,adt,1,1771459457873,1771459457875,tpb,trial,12,prpt,1,711,711,711,btm,,0,0,0,0,20] [exception: stream_socket_client failed, errstr: Unable to find the socket transport "unix" - did you forget to enable it when you configured PHP?]
26.02.19 00:04:18 sendStatusDoc [warn] [sendEvent [8.19] [cntr] [admin] [trialResult] [admin,1,2,adt,1,1771459457873,1771459457875,tpb,trial,12,prpt,1,711,711,711,btm,,0,0,0,0,20] [exception: stream_socket_client failed, errstr: Unable to find the socket transport "unix" - did you forget to enable it when you configured PHP?]]
26.02.19 00:04:21 sendEvent [8.19] [cntr] [admin] [trialResult] [admin,1,2,adt,1,1771459459889,1771459459890,tpb,trial,13,inhb,0,855,855,855,btm,,0,0,0,0,19] [exception: stream_socket_client failed, errstr: Unable to find the socket transport "unix" - did you forget to enable it when you configured PHP?]
26.02.19 00:04:21 sendStatusDoc [warn] [sendEvent [8.19] [cntr] [admin] [trialResult] [admin,1,2,adt,1,1771459459889,1771459459890,tpb,trial,13,inhb,0,855,855,855,btm,,0,0,0,0,19] [exception: stream_socket_client failed, errstr: Unable to find the socket transport "unix" - did you forget to enable it when you configured PHP?]]
26.02.19 00:04:23 sendEvent [8.19] [cntr] [admin] [trialResult] [admin,1,2,adt,1,1771459462377,1771459462378,tpb,trial,14,prpt,0,975,975,975,top,,0,0,0,0,18] [exception: stream_socket_client failed, errstr: Unable to find the socket transport "unix" - did you forget to enable it when you configured PHP?]
26.02.19 00:04:23 sendStatusDoc [warn] [sendEvent [8.19] [cntr] [admin] [trialResult] [admin,1,2,adt,1,1771459462377,1771459462378,tpb,trial,14,prpt,0,975,975,975,top,,0,0,0,0,18] [exception: stream_socket_client failed, errstr: Unable to find the socket transport "unix" - did you forget to enable it when you configured PHP?]]
26.02.19 00:04:26 sendEvent [8.19] [cntr] [admin] [trialResult] [admin,1,2,adt,1,1771459464481,1771459464483,tpb,trial,15,inhb,1,1286,1286,1286,top,,0,0,0,0,17] [exception: stream_socket_client failed, errstr: Unable to find the socket transport "unix" - did you forget to enable it when you configured PHP?]
26.02.19 00:04:26 sendStatusDoc [warn] [sendEvent [8.19] [cntr] [admin] [trialResult] [admin,1,2,adt,1,1771459464481,1771459464483,tpb,trial,15,inhb,1,1286,1286,1286,top,,0,0,0,0,17] [exception: stream_socket_client failed, errstr: Unable to find the socket transport "unix" - did you forget to enable it when you configured PHP?]]
26.02.19 00:04:28 sendEvent [8.19] [cntr] [admin] [trialResult] [admin,1,2,adt,1,1771459466962,1771459466963,tpb,trial,16,prpt,1,886,886,886,btm,,0,0,0,0,16] [exception: stream_socket_client failed, errstr: Unable to find the socket transport "unix" - did you forget to enable it when you configured PHP?]
26.02.19 00:04:28 sendStatusDoc [warn] [sendEvent [8.19] [cntr] [admin] [trialResult] [admin,1,2,adt,1,1771459466962,1771459466963,tpb,trial,16,prpt,1,886,886,886,btm,,0,0,0,0,16] [exception: stream_socket_client failed, errstr: Unable to find the socket transport "unix" - did you forget to enable it when you configured PHP?]]
26.02.19 00:04:30 sendEvent [8.19] [cntr] [admin] [trialResult] [admin,1,2,adt,1,1771459469257,1771459469258,tpb,trial,17,prpt,1,1055,1055,1055,btm,,0,0,0,0,15] [exception: stream_socket_client failed, errstr: Unable to find the socket transport "unix" - did you forget to enable it when you configured PHP?]
26.02.19 00:04:30 sendStatusDoc [warn] [sendEvent [8.19] [cntr] [admin] [trialResult] [admin,1,2,adt,1,1771459469257,1771459469258,tpb,trial,17,prpt,1,1055,1055,1055,btm,,0,0,0,0,15] [exception: stream_socket_client failed, errstr: Unable to find the socket transport "unix" - did you forget to enable it when you configured PHP?]]
26.02.19 00:07:49 sendEvent [8.19] [resp] [admin] [setReadyMessage] [msg_adtIntro1,msg_adtIntro2,dot,msg_adtReady,,adt] [exception: stream_socket_client failed, errstr: Unable to find the socket transport "unix" - did you forget to enable it when you configured PHP?]
26.02.19 00:07:49 sendStatusDoc [warn] [sendEvent [8.19] [resp] [admin] [setReadyMessage] [msg_adtIntro1,msg_adtIntro2,dot,msg_adtReady,,adt] [exception: stream_socket_client failed, errstr: Unable to find the socket transport "unix" - did you forget to enable it when you configured PHP?]]
26.02.19 00:07:49 sendEvent [8.19] [resp] [admin] [startMultiTrials] [adt,cpb,trial,0,1,2,1,4,admin,Santiago_Morales] [exception: stream_socket_client failed, errstr: Unable to find the socket transport "unix" - did you forget to enable it when you configured PHP?]
26.02.19 00:07:49 sendStatusDoc [warn] [sendEvent [8.19] [resp] [admin] [startMultiTrials] [adt,cpb,trial,0,1,2,1,4,admin,Santiago_Morales] [exception: stream_socket_client failed, errstr: Unable to find the socket transport "unix" - did you forget to enable it when you configured PHP?]]
26.02.19 00:07:52 sendEvent [8.19] [cntr] [admin] [trialResult] [admin,1,2,adt,1,1771459671287,1771459671288,cpb,trial,1,,1,834,834,834,btm,,0,0,0,0,3] [exception: stream_socket_client failed, errstr: Unable to find the socket transport "unix" - did you forget to enable it when you configured PHP?]
26.02.19 00:07:52 sendStatusDoc [warn] [sendEvent [8.19] [cntr] [admin] [trialResult] [admin,1,2,adt,1,1771459671287,1771459671288,cpb,trial,1,,1,834,834,834,btm,,0,0,0,0,3] [exception: stream_socket_client failed, errstr: Unable to find the socket transport "unix" - did you forget to enable it when you configured PHP?]]
26.02.19 00:07:55 sendEvent [8.19] [cntr] [admin] [trialResult] [admin,1,2,adt,1,1771459674577,1771459674578,cpb,trial,2,,1,1023,1023,1023,btm,,1,0,0,0,2] [exception: stream_socket_client failed, errstr: Unable to find the socket transport "unix" - did you forget to enable it when you configured PHP?]
26.02.19 00:07:55 sendStatusDoc [warn] [sendEvent [8.19] [cntr] [admin] [trialResult] [admin,1,2,adt,1,1771459674577,1771459674578,cpb,trial,2,,1,1023,1023,1023,btm,,1,0,0,0,2] [exception: stream_socket_client failed, errstr: Unable to find the socket transport "unix" - did you forget to enable it when you configured PHP?]]
26.02.19 00:07:58 sendEvent [8.19] [cntr] [admin] [trialResult] [admin,1,2,adt,1,1771459677745,1771459677746,cpb,trial,3,,1,847,848,848,btm,,0,0,0,0,1] [exception: stream_socket_client failed, errstr: Unable to find the socket transport "unix" - did you forget to enable it when you configured PHP?]
26.02.19 00:07:58 sendStatusDoc [warn] [sendEvent [8.19] [cntr] [admin] [trialResult] [admin,1,2,adt,1,1771459677745,1771459677746,cpb,trial,3,,1,847,848,848,btm,,0,0,0,0,1] [exception: stream_socket_client failed, errstr: Unable to find the socket transport "unix" - did you forget to enable it when you configured PHP?]]
26.02.19 00:08:01 sendEvent [8.19] [cntr] [admin] [trialResult] [admin,1,2,adt,1,1771459680290,1771459680291,cpb,trial,4,,1,782,782,782,btm,,0,0,0,0,0] [exception: stream_socket_client failed, errstr: Unable to find the socket transport "unix" - did you forget to enable it when you configured PHP?]
26.02.19 00:08:01 sendStatusDoc [warn] [sendEvent [8.19] [cntr] [admin] [trialResult] [admin,1,2,adt,1,1771459680290,1771459680291,cpb,trial,4,,1,782,782,782,btm,,0,0,0,0,0] [exception: stream_socket_client failed, errstr: Unable to find the socket transport "unix" - did you forget to enable it when you configured PHP?]]
26.02.19 00:08:02 sendEvent [8.19] [cntr] [admin] [trialEnded] [] [exception: stream_socket_client failed, errstr: Unable to find the socket transport "unix" - did you forget to enable it when you configured PHP?]
26.02.19 00:08:02 sendStatusDoc [warn] [sendEvent [8.19] [cntr] [admin] [trialEnded] [] [exception: stream_socket_client failed, errstr: Unable to find the socket transport "unix" - did you forget to enable it when you configured PHP?]]
26.02.19 00:11:26 sendEvent [8.19] [resp] [admin] [setReadyMessage] [msg_adtIntro1,msg_adtIntro2,dot,msg_adtReady,,adt] [exception: stream_socket_client failed, errstr: Unable to find the socket transport "unix" - did you forget to enable it when you configured PHP?]
26.02.19 00:11:26 sendStatusDoc [warn] [sendEvent [8.19] [resp] [admin] [setReadyMessage] [msg_adtIntro1,msg_adtIntro2,dot,msg_adtReady,,adt] [exception: stream_socket_client failed, errstr: Unable to find the socket transport "unix" - did you forget to enable it when you configured PHP?]]
26.02.19 00:11:26 sendEvent [8.19] [resp] [admin] [startMultiTrials] [adt,cpt,trial,0,1,2,1,4,admin,Santiago_Morales] [exception: stream_socket_client failed, errstr: Unable to find the socket transport "unix" - did you forget to enable it when you configured PHP?]
26.02.19 00:11:26 sendStatusDoc [warn] [sendEvent [8.19] [resp] [admin] [startMultiTrials] [adt,cpt,trial,0,1,2,1,4,admin,Santiago_Morales] [exception: stream_socket_client failed, errstr: Unable to find the socket transport "unix" - did you forget to enable it when you configured PHP?]]
26.02.19 00:12:02 sendEvent [8.19] [resp] [admin] [setReadyMessage] [msg_adtIntro1,msg_adtIntro2,dot,msg_adtReady,,adt] [exception: stream_socket_client failed, errstr: Unable to find the socket transport "unix" - did you forget to enable it when you configured PHP?]
26.02.19 00:12:02 sendStatusDoc [warn] [sendEvent [8.19] [resp] [admin] [setReadyMessage] [msg_adtIntro1,msg_adtIntro2,dot,msg_adtReady,,adt] [exception: stream_socket_client failed, errstr: Unable to find the socket transport "unix" - did you forget to enable it when you configured PHP?]]
26.02.19 00:12:02 sendEvent [8.19] [resp] [admin] [startMultiTrials] [adt,cpt,trial,0,1,2,1,4,admin,Santiago_Morales] [exception: stream_socket_client failed, errstr: Unable to find the socket transport "unix" - did you forget to enable it when you configured PHP?]
26.02.19 00:12:02 sendStatusDoc [warn] [sendEvent [8.19] [resp] [admin] [startMultiTrials] [adt,cpt,trial,0,1,2,1,4,admin,Santiago_Morales] [exception: stream_socket_client failed, errstr: Unable to find the socket transport "unix" - did you forget to enable it when you configured PHP?]]
26.02.19 00:12:13 sendEvent [8.19] [cntr] [admin] [trialResult] [admin,1,2,adt,1,1771459932523,1771459932525,cpt,trial,1,,1,828,828,828,top,,0,0,0,0,3] [exception: stream_socket_client failed, errstr: Unable to find the socket transport "unix" - did you forget to enable it when you configured PHP?]
26.02.19 00:12:13 sendStatusDoc [warn] [sendEvent [8.19] [cntr] [admin] [trialResult] [admin,1,2,adt,1,1771459932523,1771459932525,cpt,trial,1,,1,828,828,828,top,,0,0,0,0,3] [exception: stream_socket_client failed, errstr: Unable to find the socket transport "unix" - did you forget to enable it when you configured PHP?]]
26.02.19 00:12:16 sendEvent [8.19] [cntr] [admin] [trialResult] [admin,1,2,adt,1,1771459935457,1771459935458,cpt,trial,2,,1,751,751,751,top,,0,0,0,0,2] [exception: stream_socket_client failed, errstr: Unable to find the socket transport "unix" - did you forget to enable it when you configured PHP?]
26.02.19 00:12:16 sendStatusDoc [warn] [sendEvent [8.19] [cntr] [admin] [trialResult] [admin,1,2,adt,1,1771459935457,1771459935458,cpt,trial,2,,1,751,751,751,top,,0,0,0,0,2] [exception: stream_socket_client failed, errstr: Unable to find the socket transport "unix" - did you forget to enable it when you configured PHP?]]
26.02.19 00:12:19 sendEvent [8.19] [cntr] [admin] [trialResult] [admin,1,2,adt,1,1771459938161,1771459938162,cpt,trial,3,,1,679,679,679,top,,0,0,0,0,1] [exception: stream_socket_client failed, errstr: Unable to find the socket transport "unix" - did you forget to enable it when you configured PHP?]
26.02.19 00:12:19 sendStatusDoc [warn] [sendEvent [8.19] [cntr] [admin] [trialResult] [admin,1,2,adt,1,1771459938161,1771459938162,cpt,trial,3,,1,679,679,679,top,,0,0,0,0,1] [exception: stream_socket_client failed, errstr: Unable to find the socket transport "unix" - did you forget to enable it when you configured PHP?]]
26.02.19 00:12:21 sendEvent [8.19] [cntr] [admin] [trialResult] [admin,1,2,adt,1,1771459940794,1771459940795,cpt,trial,4,,1,694,694,694,top,,0,0,0,0,0] [exception: stream_socket_client failed, errstr: Unable to find the socket transport "unix" - did you forget to enable it when you configured PHP?]
26.02.19 00:12:21 sendStatusDoc [warn] [sendEvent [8.19] [cntr] [admin] [trialResult] [admin,1,2,adt,1,1771459940794,1771459940795,cpt,trial,4,,1,694,694,694,top,,0,0,0,0,0] [exception: stream_socket_client failed, errstr: Unable to find the socket transport "unix" - did you forget to enable it when you configured PHP?]]
26.02.19 00:12:23 sendEvent [8.19] [cntr] [admin] [trialEnded] [] [exception: stream_socket_client failed, errstr: Unable to find the socket transport "unix" - did you forget to enable it when you configured PHP?]
26.02.19 00:12:23 sendStatusDoc [warn] [sendEvent [8.19] [cntr] [admin] [trialEnded] [] [exception: stream_socket_client failed, errstr: Unable to find the socket transport "unix" - did you forget to enable it when you configured PHP?]]
26.02.19 00:12:46 sendEvent [8.19] [resp] [admin] [setReadyMessage] [msg_adtIntro1,msg_adtIntro2,dot,msg_adtReady,,adt] [exception: stream_socket_client failed, errstr: Unable to find the socket transport "unix" - did you forget to enable it when you configured PHP?]
26.02.19 00:12:46 sendStatusDoc [warn] [sendEvent [8.19] [resp] [admin] [setReadyMessage] [msg_adtIntro1,msg_adtIntro2,dot,msg_adtReady,,adt] [exception: stream_socket_client failed, errstr: Unable to find the socket transport "unix" - did you forget to enable it when you configured PHP?]]
26.02.19 00:12:47 sendEvent [8.19] [resp] [admin] [startMultiTrials] [adt,cpm,trial,0,1,2,1,4,admin,Santiago_Morales] [exception: stream_socket_client failed, errstr: Unable to find the socket transport "unix" - did you forget to enable it when you configured PHP?]
26.02.19 00:12:47 sendStatusDoc [warn] [sendEvent [8.19] [resp] [admin] [startMultiTrials] [adt,cpm,trial,0,1,2,1,4,admin,Santiago_Morales] [exception: stream_socket_client failed, errstr: Unable to find the socket transport "unix" - did you forget to enable it when you configured PHP?]]
26.02.19 00:13:01 sendEvent [8.19] [cntr] [admin] [trialResult] [admin,1,2,adt,1,1771459980314,1771459980316,cpm,trial,1,,1,822,822,822,mdl,,0,0,0,0,3] [exception: stream_socket_client failed, errstr: Unable to find the socket transport "unix" - did you forget to enable it when you configured PHP?]
26.02.19 00:13:01 sendStatusDoc [warn] [sendEvent [8.19] [cntr] [admin] [trialResult] [admin,1,2,adt,1,1771459980314,1771459980316,cpm,trial,1,,1,822,822,822,mdl,,0,0,0,0,3] [exception: stream_socket_client failed, errstr: Unable to find the socket transport "unix" - did you forget to enable it when you configured PHP?]]
26.02.19 00:13:03 sendEvent [8.19] [cntr] [admin] [trialResult] [admin,1,2,adt,1,1771459982898,1771459982898,cpm,trial,2,,1,615,615,615,mdl,,0,0,0,0,2] [exception: stream_socket_client failed, errstr: Unable to find the socket transport "unix" - did you forget to enable it when you configured PHP?]
26.02.19 00:13:03 sendStatusDoc [warn] [sendEvent [8.19] [cntr] [admin] [trialResult] [admin,1,2,adt,1,1771459982898,1771459982898,cpm,trial,2,,1,615,615,615,mdl,,0,0,0,0,2] [exception: stream_socket_client failed, errstr: Unable to find the socket transport "unix" - did you forget to enable it when you configured PHP?]]
26.02.19 00:13:05 sendEvent [8.19] [cntr] [admin] [trialResult] [admin,1,2,adt,1,1771459985034,1771459985035,cpm,trial,3,,1,566,566,566,mdl,,0,0,0,0,1] [exception: stream_socket_client failed, errstr: Unable to find the socket transport "unix" - did you forget to enable it when you configured PHP?]
26.02.19 00:13:05 sendStatusDoc [warn] [sendEvent [8.19] [cntr] [admin] [trialResult] [admin,1,2,adt,1,1771459985034,1771459985035,cpm,trial,3,,1,566,566,566,mdl,,0,0,0,0,1] [exception: stream_socket_client failed, errstr: Unable to find the socket transport "unix" - did you forget to enable it when you configured PHP?]]
26.02.19 00:13:08 sendEvent [8.19] [cntr] [admin] [trialResult] [admin,1,2,adt,1,1771459987398,1771459987400,cpm,trial,4,,1,697,697,697,mdl,,0,0,0,0,0] [exception: stream_socket_client failed, errstr: Unable to find the socket transport "unix" - did you forget to enable it when you configured PHP?]
26.02.19 00:13:08 sendStatusDoc [warn] [sendEvent [8.19] [cntr] [admin] [trialResult] [admin,1,2,adt,1,1771459987398,1771459987400,cpm,trial,4,,1,697,697,697,mdl,,0,0,0,0,0] [exception: stream_socket_client failed, errstr: Unable to find the socket transport "unix" - did you forget to enable it when you configured PHP?]]
26.02.19 00:13:09 sendEvent [8.19] [cntr] [admin] [trialEnded] [] [exception: stream_socket_client failed, errstr: Unable to find the socket transport "unix" - did you forget to enable it when you configured PHP?]
26.02.19 00:13:09 sendStatusDoc [warn] [sendEvent [8.19] [cntr] [admin] [trialEnded] [] [exception: stream_socket_client failed, errstr: Unable to find the socket transport "unix" - did you forget to enable it when you configured PHP?]]
26.02.19 00:13:32 sendEvent [8.19] [resp] [admin] [endTrials] [adt,ctrl] [exception: stream_socket_client failed, errstr: Unable to find the socket transport "unix" - did you forget to enable it when you configured PHP?]
26.02.19 00:13:32 sendStatusDoc [warn] [sendEvent [8.19] [resp] [admin] [endTrials] [adt,ctrl] [exception: stream_socket_client failed, errstr: Unable to find the socket transport "unix" - did you forget to enable it when you configured PHP?]]
26.02.19 00:13:33 sendEvent [8.19] [resp] [admin] [endTrials] [adt,ctrl] [exception: stream_socket_client failed, errstr: Unable to find the socket transport "unix" - did you forget to enable it when you configured PHP?]
26.02.19 00:13:33 sendStatusDoc [warn] [sendEvent [8.19] [resp] [admin] [endTrials] [adt,ctrl] [exception: stream_socket_client failed, errstr: Unable to find the socket transport "unix" - did you forget to enable it when you configured PHP?]]
26.02.19 00:13:33 sendEvent [8.19] [cntr] [admin] [trialsEnded] [] [exception: stream_socket_client failed, errstr: Unable to find the socket transport "unix" - did you forget to enable it when you configured PHP?]
26.02.19 00:13:33 sendStatusDoc [warn] [sendEvent [8.19] [cntr] [admin] [trialsEnded] [] [exception: stream_socket_client failed, errstr: Unable to find the socket transport "unix" - did you forget to enable it when you configured PHP?]]
26.02.19 00:13:33 sendEvent [8.19] [cntr] [admin] [trialsEnded] [] [exception: stream_socket_client failed, errstr: Unable to find the socket transport "unix" - did you forget to enable it when you configured PHP?]
26.02.19 00:13:33 sendStatusDoc [warn] [sendEvent [8.19] [cntr] [admin] [trialsEnded] [] [exception: stream_socket_client failed, errstr: Unable to find the socket transport "unix" - did you forget to enable it when you configured PHP?]]
26.02.19 00:13:35 sendEvent [8.19] [resp] [admin] [endTest] [] [exception: stream_socket_client failed, errstr: Unable to find the socket transport "unix" - did you forget to enable it when you configured PHP?]
26.02.19 00:13:35 sendStatusDoc [warn] [sendEvent [8.19] [resp] [admin] [endTest] [] [exception: stream_socket_client failed, errstr: Unable to find the socket transport "unix" - did you forget to enable it when you configured PHP?]]
26.02.19 00:13:35 sendEvent [8.19] [cntr] [admin] [testEnded] [] [exception: stream_socket_client failed, errstr: Unable to find the socket transport "unix" - did you forget to enable it when you configured PHP?]
26.02.19 00:13:35 sendStatusDoc [warn] [sendEvent [8.19] [cntr] [admin] [testEnded] [] [exception: stream_socket_client failed, errstr: Unable to find the socket transport "unix" - did you forget to enable it when you configured PHP?]]
26.02.19 00:15:00 sendEvent [8.19] [resp] [admin] [setReadyMessage] [msg_adtIntro1,msg_adtIntro2,dot,msg_adtReady,,adth] [exception: stream_socket_client failed, errstr: Unable to find the socket transport "unix" - did you forget to enable it when you configured PHP?]
26.02.19 00:15:00 sendStatusDoc [warn] [sendEvent [8.19] [resp] [admin] [setReadyMessage] [msg_adtIntro1,msg_adtIntro2,dot,msg_adtReady,,adth] [exception: stream_socket_client failed, errstr: Unable to find the socket transport "unix" - did you forget to enable it when you configured PHP?]]
26.02.19 00:15:00 sendEvent [8.19] [resp] [admin] [startMultiTrials] [adth,ppl,trial,0,1,2,1,4,admin,Santiago_Morales] [exception: stream_socket_client failed, errstr: Unable to find the socket transport "unix" - did you forget to enable it when you configured PHP?]
26.02.19 00:15:00 sendStatusDoc [warn] [sendEvent [8.19] [resp] [admin] [startMultiTrials] [adth,ppl,trial,0,1,2,1,4,admin,Santiago_Morales] [exception: stream_socket_client failed, errstr: Unable to find the socket transport "unix" - did you forget to enable it when you configured PHP?]]
26.02.19 00:15:51 sendEvent [8.19] [resp] [admin] [setReadyMessage] [msg_adtIntro1,msg_adtIntro2,dot,msg_adtReady,,adth] [exception: stream_socket_client failed, errstr: Unable to find the socket transport "unix" - did you forget to enable it when you configured PHP?]
26.02.19 00:15:51 sendStatusDoc [warn] [sendEvent [8.19] [resp] [admin] [setReadyMessage] [msg_adtIntro1,msg_adtIntro2,dot,msg_adtReady,,adth] [exception: stream_socket_client failed, errstr: Unable to find the socket transport "unix" - did you forget to enable it when you configured PHP?]]
26.02.19 00:15:51 sendEvent [8.19] [resp] [admin] [startMultiTrials] [adth,ppl,trial,0,1,2,1,4,admin,Santiago_Morales] [exception: stream_socket_client failed, errstr: Unable to find the socket transport "unix" - did you forget to enable it when you configured PHP?]
26.02.19 00:15:51 sendStatusDoc [warn] [sendEvent [8.19] [resp] [admin] [startMultiTrials] [adth,ppl,trial,0,1,2,1,4,admin,Santiago_Morales] [exception: stream_socket_client failed, errstr: Unable to find the socket transport "unix" - did you forget to enable it when you configured PHP?]]
26.02.19 00:16:03 sendEvent [8.19] [cntr] [admin] [trialResult] [admin,1,2,adth,1,1771460162820,1771460162822,ppl,trial,1,,1,827,827,827,lft,,0,0,0,0,3] [exception: stream_socket_client failed, errstr: Unable to find the socket transport "unix" - did you forget to enable it when you configured PHP?]
26.02.19 00:16:03 sendStatusDoc [warn] [sendEvent [8.19] [cntr] [admin] [trialResult] [admin,1,2,adth,1,1771460162820,1771460162822,ppl,trial,1,,1,827,827,827,lft,,0,0,0,0,3] [exception: stream_socket_client failed, errstr: Unable to find the socket transport "unix" - did you forget to enable it when you configured PHP?]]
26.02.19 00:16:05 sendEvent [8.19] [cntr] [admin] [trialResult] [admin,1,2,adth,1,1771460164873,1771460164875,ppl,trial,2,,1,726,726,726,lft,,0,0,0,0,2] [exception: stream_socket_client failed, errstr: Unable to find the socket transport "unix" - did you forget to enable it when you configured PHP?]
26.02.19 00:16:05 sendStatusDoc [warn] [sendEvent [8.19] [cntr] [admin] [trialResult] [admin,1,2,adth,1,1771460164873,1771460164875,ppl,trial,2,,1,726,726,726,lft,,0,0,0,0,2] [exception: stream_socket_client failed, errstr: Unable to find the socket transport "unix" - did you forget to enable it when you configured PHP?]]
26.02.19 00:16:08 sendEvent [8.19] [cntr] [admin] [trialResult] [admin,1,2,adth,1,1771460167090,1771460167091,ppl,trial,3,,1,694,694,694,lft,,0,0,0,0,1] [exception: stream_socket_client failed, errstr: Unable to find the socket transport "unix" - did you forget to enable it when you configured PHP?]
26.02.19 00:16:08 sendStatusDoc [warn] [sendEvent [8.19] [cntr] [admin] [trialResult] [admin,1,2,adth,1,1771460167090,1771460167091,ppl,trial,3,,1,694,694,694,lft,,0,0,0,0,1] [exception: stream_socket_client failed, errstr: Unable to find the socket transport "unix" - did you forget to enable it when you configured PHP?]]
26.02.19 00:16:09 sendEvent [8.19] [cntr] [admin] [trialResult] [admin,1,2,adth,1,1771460168986,1771460168987,ppl,trial,4,,1,686,686,686,lft,,0,0,0,0,0] [exception: stream_socket_client failed, errstr: Unable to find the socket transport "unix" - did you forget to enable it when you configured PHP?]
26.02.19 00:16:09 sendStatusDoc [warn] [sendEvent [8.19] [cntr] [admin] [trialResult] [admin,1,2,adth,1,1771460168986,1771460168987,ppl,trial,4,,1,686,686,686,lft,,0,0,0,0,0] [exception: stream_socket_client failed, errstr: Unable to find the socket transport "unix" - did you forget to enable it when you configured PHP?]]
26.02.19 00:16:11 sendEvent [8.19] [cntr] [admin] [trialEnded] [] [exception: stream_socket_client failed, errstr: Unable to find the socket transport "unix" - did you forget to enable it when you configured PHP?]
26.02.19 00:16:11 sendStatusDoc [warn] [sendEvent [8.19] [cntr] [admin] [trialEnded] [] [exception: stream_socket_client failed, errstr: Unable to find the socket transport "unix" - did you forget to enable it when you configured PHP?]]
26.02.19 00:17:23 sendEvent [8.19] [resp] [admin] [setReadyMessage] [msg_adtIntro1,msg_adtIntro2,dot,msg_adtReady,,adth] [exception: stream_socket_client failed, errstr: Unable to find the socket transport "unix" - did you forget to enable it when you configured PHP?]
26.02.19 00:17:23 sendStatusDoc [warn] [sendEvent [8.19] [resp] [admin] [setReadyMessage] [msg_adtIntro1,msg_adtIntro2,dot,msg_adtReady,,adth] [exception: stream_socket_client failed, errstr: Unable to find the socket transport "unix" - did you forget to enable it when you configured PHP?]]
26.02.19 00:17:23 sendEvent [8.19] [resp] [admin] [startMultiTrials] [adth,tpl,trial,0,1,2,1,32,admin,Santiago_Morales] [exception: stream_socket_client failed, errstr: Unable to find the socket transport "unix" - did you forget to enable it when you configured PHP?]
26.02.19 00:17:23 sendStatusDoc [warn] [sendEvent [8.19] [resp] [admin] [startMultiTrials] [adth,tpl,trial,0,1,2,1,32,admin,Santiago_Morales] [exception: stream_socket_client failed, errstr: Unable to find the socket transport "unix" - did you forget to enable it when you configured PHP?]]
26.02.19 00:17:34 sendEvent [8.19] [cntr] [admin] [trialResult] [admin,1,2,adth,1,1771460253220,1771460253221,tpl,trial,1,prpt,1,789,789,789,lft,,0,0,0,0,31] [exception: stream_socket_client failed, errstr: Unable to find the socket transport "unix" - did you forget to enable it when you configured PHP?]
26.02.19 00:17:34 sendStatusDoc [warn] [sendEvent [8.19] [cntr] [admin] [trialResult] [admin,1,2,adth,1,1771460253220,1771460253221,tpl,trial,1,prpt,1,789,789,789,lft,,0,0,0,0,31] [exception: stream_socket_client failed, errstr: Unable to find the socket transport "unix" - did you forget to enable it when you configured PHP?]]
26.02.19 00:17:36 sendEvent [8.19] [cntr] [admin] [trialResult] [admin,1,2,adth,1,1771460255698,1771460255699,tpl,trial,2,prpt,1,774,774,774,lft,,0,0,0,0,30] [exception: stream_socket_client failed, errstr: Unable to find the socket transport "unix" - did you forget to enable it when you configured PHP?]
26.02.19 00:17:36 sendStatusDoc [warn] [sendEvent [8.19] [cntr] [admin] [trialResult] [admin,1,2,adth,1,1771460255698,1771460255699,tpl,trial,2,prpt,1,774,774,774,lft,,0,0,0,0,30] [exception: stream_socket_client failed, errstr: Unable to find the socket transport "unix" - did you forget to enable it when you configured PHP?]]
26.02.19 00:17:39 sendEvent [8.19] [cntr] [admin] [trialResult] [admin,1,2,adth,1,1771460258226,1771460258226,tpl,trial,3,prpt,1,832,832,832,lft,,0,0,0,0,29] [exception: stream_socket_client failed, errstr: Unable to find the socket transport "unix" - did you forget to enable it when you configured PHP?]
26.02.19 00:17:39 sendStatusDoc [warn] [sendEvent [8.19] [cntr] [admin] [trialResult] [admin,1,2,adth,1,1771460258226,1771460258226,tpl,trial,3,prpt,1,832,832,832,lft,,0,0,0,0,29] [exception: stream_socket_client failed, errstr: Unable to find the socket transport "unix" - did you forget to enable it when you configured PHP?]]
26.02.19 00:17:41 sendEvent [8.19] [cntr] [admin] [trialResult] [admin,1,2,adth,1,1771460260530,1771460260531,tpl,trial,4,prpt,1,687,687,687,lft,,0,0,0,0,28] [exception: stream_socket_client failed, errstr: Unable to find the socket transport "unix" - did you forget to enable it when you configured PHP?]
26.02.19 00:17:41 sendStatusDoc [warn] [sendEvent [8.19] [cntr] [admin] [trialResult] [admin,1,2,adth,1,1771460260530,1771460260531,tpl,trial,4,prpt,1,687,687,687,lft,,0,0,0,0,28] [exception: stream_socket_client failed, errstr: Unable to find the socket transport "unix" - did you forget to enable it when you configured PHP?]]
26.02.19 00:17:43 sendEvent [8.19] [cntr] [admin] [trialResult] [admin,1,2,adth,1,1771460262426,1771460262427,tpl,trial,5,prpt,1,591,591,591,lft,,0,0,0,0,27] [exception: stream_socket_client failed, errstr: Unable to find the socket transport "unix" - did you forget to enable it when you configured PHP?]
26.02.19 00:17:43 sendStatusDoc [warn] [sendEvent [8.19] [cntr] [admin] [trialResult] [admin,1,2,adth,1,1771460262426,1771460262427,tpl,trial,5,prpt,1,591,591,591,lft,,0,0,0,0,27] [exception: stream_socket_client failed, errstr: Unable to find the socket transport "unix" - did you forget to enable it when you configured PHP?]]
26.02.19 00:17:45 sendEvent [8.19] [cntr] [admin] [trialResult] [admin,1,2,adth,1,1771460264242,1771460264243,tpl,trial,6,inhb,1,1382,1382,1382,rgt,,0,0,0,0,26] [exception: stream_socket_client failed, errstr: Unable to find the socket transport "unix" - did you forget to enable it when you configured PHP?]
26.02.19 00:17:45 sendStatusDoc [warn] [sendEvent [8.19] [cntr] [admin] [trialResult] [admin,1,2,adth,1,1771460264242,1771460264243,tpl,trial,6,inhb,1,1382,1382,1382,rgt,,0,0,0,0,26] [exception: stream_socket_client failed, errstr: Unable to find the socket transport "unix" - did you forget to enable it when you configured PHP?]]
26.02.19 00:17:47 sendEvent [8.19] [cntr] [admin] [trialResult] [admin,1,2,adth,1,1771460266778,1771460266779,tpl,trial,7,prpt,1,782,782,782,lft,,0,0,0,0,25] [exception: stream_socket_client failed, errstr: Unable to find the socket transport "unix" - did you forget to enable it when you configured PHP?]
26.02.19 00:17:47 sendStatusDoc [warn] [sendEvent [8.19] [cntr] [admin] [trialResult] [admin,1,2,adth,1,1771460266778,1771460266779,tpl,trial,7,prpt,1,782,782,782,lft,,0,0,0,0,25] [exception: stream_socket_client failed, errstr: Unable to find the socket transport "unix" - did you forget to enable it when you configured PHP?]]
26.02.19 00:17:49 sendEvent [8.19] [cntr] [admin] [trialResult] [admin,1,2,adth,1,1771460268866,1771460268867,tpl,trial,8,prpt,1,702,702,702,lft,,0,0,0,0,24] [exception: stream_socket_client failed, errstr: Unable to find the socket transport "unix" - did you forget to enable it when you configured PHP?]
26.02.19 00:17:49 sendStatusDoc [warn] [sendEvent [8.19] [cntr] [admin] [trialResult] [admin,1,2,adth,1,1771460268866,1771460268867,tpl,trial,8,prpt,1,702,702,702,lft,,0,0,0,0,24] [exception: stream_socket_client failed, errstr: Unable to find the socket transport "unix" - did you forget to enable it when you configured PHP?]]
26.02.19 00:17:51 sendEvent [8.19] [cntr] [admin] [trialResult] [admin,1,2,adth,1,1771460270769,1771460270770,tpl,trial,9,prpt,1,623,623,623,lft,,0,0,0,0,23] [exception: stream_socket_client failed, errstr: Unable to find the socket transport "unix" - did you forget to enable it when you configured PHP?]
26.02.19 00:17:51 sendStatusDoc [warn] [sendEvent [8.19] [cntr] [admin] [trialResult] [admin,1,2,adth,1,1771460270769,1771460270770,tpl,trial,9,prpt,1,623,623,623,lft,,0,0,0,0,23] [exception: stream_socket_client failed, errstr: Unable to find the socket transport "unix" - did you forget to enable it when you configured PHP?]]
26.02.19 00:17:53 sendEvent [8.19] [cntr] [admin] [trialResult] [admin,1,2,adth,1,1771460272698,1771460272698,tpl,trial,10,prpt,1,760,760,760,lft,,0,0,0,0,22] [exception: stream_socket_client failed, errstr: Unable to find the socket transport "unix" - did you forget to enable it when you configured PHP?]
26.02.19 00:17:53 sendStatusDoc [warn] [sendEvent [8.19] [cntr] [admin] [trialResult] [admin,1,2,adth,1,1771460272698,1771460272698,tpl,trial,10,prpt,1,760,760,760,lft,,0,0,0,0,22] [exception: stream_socket_client failed, errstr: Unable to find the socket transport "unix" - did you forget to enable it when you configured PHP?]]
26.02.19 00:17:55 sendEvent [8.19] [cntr] [admin] [trialResult] [admin,1,2,adth,1,1771460274770,1771460274772,tpl,trial,11,prpt,1,766,766,766,lft,,0,0,0,0,21] [exception: stream_socket_client failed, errstr: Unable to find the socket transport "unix" - did you forget to enable it when you configured PHP?]
26.02.19 00:17:55 sendStatusDoc [warn] [sendEvent [8.19] [cntr] [admin] [trialResult] [admin,1,2,adth,1,1771460274770,1771460274772,tpl,trial,11,prpt,1,766,766,766,lft,,0,0,0,0,21] [exception: stream_socket_client failed, errstr: Unable to find the socket transport "unix" - did you forget to enable it when you configured PHP?]]
26.02.19 00:17:57 sendEvent [8.19] [cntr] [admin] [trialResult] [admin,1,2,adth,1,1771460276658,1771460276659,tpl,trial,12,inhb,0,838,838,838,lft,,0,0,0,0,20] [exception: stream_socket_client failed, errstr: Unable to find the socket transport "unix" - did you forget to enable it when you configured PHP?]
26.02.19 00:17:57 sendStatusDoc [warn] [sendEvent [8.19] [cntr] [admin] [trialResult] [admin,1,2,adth,1,1771460276658,1771460276659,tpl,trial,12,inhb,0,838,838,838,lft,,0,0,0,0,20] [exception: stream_socket_client failed, errstr: Unable to find the socket transport "unix" - did you forget to enable it when you configured PHP?]]
26.02.19 00:18:01 sendEvent [8.19] [cntr] [admin] [trialResult] [admin,1,2,adth,1,1771460279050,1771460279051,tpl,trial,13,inhb,1,1991,1991,1991,rgt,,0,0,0,0,19] [exception: stream_socket_client failed, errstr: Unable to find the socket transport "unix" - did you forget to enable it when you configured PHP?]
26.02.19 00:18:01 sendStatusDoc [warn] [sendEvent [8.19] [cntr] [admin] [trialResult] [admin,1,2,adth,1,1771460279050,1771460279051,tpl,trial,13,inhb,1,1991,1991,1991,rgt,,0,0,0,0,19] [exception: stream_socket_client failed, errstr: Unable to find the socket transport "unix" - did you forget to enable it when you configured PHP?]]
26.02.19 00:18:51 sendEvent [8.19] [resp] [admin] [endTrials] [adth,tspl] [exception: stream_socket_client failed, errstr: Unable to find the socket transport "unix" - did you forget to enable it when you configured PHP?]
26.02.19 00:18:51 sendStatusDoc [warn] [sendEvent [8.19] [resp] [admin] [endTrials] [adth,tspl] [exception: stream_socket_client failed, errstr: Unable to find the socket transport "unix" - did you forget to enable it when you configured PHP?]]
26.02.19 00:18:51 sendEvent [8.19] [resp] [admin] [endTrials] [adth,tspl] [exception: stream_socket_client failed, errstr: Unable to find the socket transport "unix" - did you forget to enable it when you configured PHP?]
26.02.19 00:18:51 sendStatusDoc [warn] [sendEvent [8.19] [resp] [admin] [endTrials] [adth,tspl] [exception: stream_socket_client failed, errstr: Unable to find the socket transport "unix" - did you forget to enable it when you configured PHP?]]
26.02.19 00:18:52 sendEvent [8.19] [resp] [admin] [endTrials] [adth,tspl] [exception: stream_socket_client failed, errstr: Unable to find the socket transport "unix" - did you forget to enable it when you configured PHP?]
26.02.19 00:18:52 sendStatusDoc [warn] [sendEvent [8.19] [resp] [admin] [endTrials] [adth,tspl] [exception: stream_socket_client failed, errstr: Unable to find the socket transport "unix" - did you forget to enable it when you configured PHP?]]
26.02.19 00:18:53 sendEvent [8.19] [resp] [admin] [endTrials] [adth,tspl] [exception: stream_socket_client failed, errstr: Unable to find the socket transport "unix" - did you forget to enable it when you configured PHP?]
26.02.19 00:18:53 sendStatusDoc [warn] [sendEvent [8.19] [resp] [admin] [endTrials] [adth,tspl] [exception: stream_socket_client failed, errstr: Unable to find the socket transport "unix" - did you forget to enable it when you configured PHP?]]
26.02.19 00:18:54 sendEvent [8.19] [resp] [admin] [endTrials] [adth,tspl] [exception: stream_socket_client failed, errstr: Unable to find the socket transport "unix" - did you forget to enable it when you configured PHP?]
26.02.19 00:18:54 sendStatusDoc [warn] [sendEvent [8.19] [resp] [admin] [endTrials] [adth,tspl] [exception: stream_socket_client failed, errstr: Unable to find the socket transport "unix" - did you forget to enable it when you configured PHP?]]
26.02.19 00:18:55 sendEvent [8.19] [resp] [admin] [endTrials] [adth,tspl] [exception: stream_socket_client failed, errstr: Unable to find the socket transport "unix" - did you forget to enable it when you configured PHP?]
26.02.19 00:18:55 sendStatusDoc [warn] [sendEvent [8.19] [resp] [admin] [endTrials] [adth,tspl] [exception: stream_socket_client failed, errstr: Unable to find the socket transport "unix" - did you forget to enable it when you configured PHP?]]
26.02.19 00:18:55 sendEvent [8.19] [resp] [admin] [endTrials] [adth,tspl] [exception: stream_socket_client failed, errstr: Unable to find the socket transport "unix" - did you forget to enable it when you configured PHP?]
26.02.19 00:18:55 sendStatusDoc [warn] [sendEvent [8.19] [resp] [admin] [endTrials] [adth,tspl] [exception: stream_socket_client failed, errstr: Unable to find the socket transport "unix" - did you forget to enable it when you configured PHP?]]
26.02.19 00:19:55 sendEvent [8.19] [resp] [admin] [setReadyMessage] [msg_adtIntro1,msg_adtIntro2,dot,msg_adtReady,,adth] [exception: stream_socket_client failed, errstr: Unable to find the socket transport "unix" - did you forget to enable it when you configured PHP?]
26.02.19 00:19:55 sendStatusDoc [warn] [sendEvent [8.19] [resp] [admin] [setReadyMessage] [msg_adtIntro1,msg_adtIntro2,dot,msg_adtReady,,adth] [exception: stream_socket_client failed, errstr: Unable to find the socket transport "unix" - did you forget to enable it when you configured PHP?]]
26.02.19 00:19:55 sendEvent [8.19] [resp] [admin] [startMultiTrials] [adth,ppr,trial,0,1,2,1,4,admin,Santiago_Morales] [exception: stream_socket_client failed, errstr: Unable to find the socket transport "unix" - did you forget to enable it when you configured PHP?]
26.02.19 00:19:55 sendStatusDoc [warn] [sendEvent [8.19] [resp] [admin] [startMultiTrials] [adth,ppr,trial,0,1,2,1,4,admin,Santiago_Morales] [exception: stream_socket_client failed, errstr: Unable to find the socket transport "unix" - did you forget to enable it when you configured PHP?]]
26.02.19 00:20:08 sendEvent [8.19] [cntr] [admin] [trialResult] [admin,1,2,adth,1,1771460407062,1771460407063,ppr,trial,1,,1,1402,1402,1402,rgt,,0,0,0,0,3] [exception: stream_socket_client failed, errstr: Unable to find the socket transport "unix" - did you forget to enable it when you configured PHP?]
26.02.19 00:20:08 sendStatusDoc [warn] [sendEvent [8.19] [cntr] [admin] [trialResult] [admin,1,2,adth,1,1771460407062,1771460407063,ppr,trial,1,,1,1402,1402,1402,rgt,,0,0,0,0,3] [exception: stream_socket_client failed, errstr: Unable to find the socket transport "unix" - did you forget to enable it when you configured PHP?]]
26.02.19 00:20:11 sendEvent [8.19] [cntr] [admin] [trialResult] [admin,1,2,adth,1,1771460410459,1771460410459,ppr,trial,2,,1,1135,1135,1135,rgt,,0,0,0,0,2] [exception: stream_socket_client failed, errstr: Unable to find the socket transport "unix" - did you forget to enable it when you configured PHP?]
26.02.19 00:20:11 sendStatusDoc [warn] [sendEvent [8.19] [cntr] [admin] [trialResult] [admin,1,2,adth,1,1771460410459,1771460410459,ppr,trial,2,,1,1135,1135,1135,rgt,,0,0,0,0,2] [exception: stream_socket_client failed, errstr: Unable to find the socket transport "unix" - did you forget to enable it when you configured PHP?]]
26.02.19 00:20:14 sendEvent [8.19] [cntr] [admin] [trialResult] [admin,1,2,adth,1,1771460413402,1771460413403,ppr,trial,3,,1,758,758,758,rgt,,1,0,0,0,1] [exception: stream_socket_client failed, errstr: Unable to find the socket transport "unix" - did you forget to enable it when you configured PHP?]
26.02.19 00:20:14 sendStatusDoc [warn] [sendEvent [8.19] [cntr] [admin] [trialResult] [admin,1,2,adth,1,1771460413402,1771460413403,ppr,trial,3,,1,758,758,758,rgt,,1,0,0,0,1] [exception: stream_socket_client failed, errstr: Unable to find the socket transport "unix" - did you forget to enable it when you configured PHP?]]
26.02.19 00:20:16 sendEvent [8.19] [cntr] [admin] [trialResult] [admin,1,2,adth,1,1771460415690,1771460415690,ppr,trial,4,,1,672,672,672,rgt,,0,0,0,0,0] [exception: stream_socket_client failed, errstr: Unable to find the socket transport "unix" - did you forget to enable it when you configured PHP?]
26.02.19 00:20:16 sendStatusDoc [warn] [sendEvent [8.19] [cntr] [admin] [trialResult] [admin,1,2,adth,1,1771460415690,1771460415690,ppr,trial,4,,1,672,672,672,rgt,,0,0,0,0,0] [exception: stream_socket_client failed, errstr: Unable to find the socket transport "unix" - did you forget to enable it when you configured PHP?]]
26.02.19 00:20:18 sendEvent [8.19] [cntr] [admin] [trialEnded] [] [exception: stream_socket_client failed, errstr: Unable to find the socket transport "unix" - did you forget to enable it when you configured PHP?]
26.02.19 00:20:18 sendStatusDoc [warn] [sendEvent [8.19] [cntr] [admin] [trialEnded] [] [exception: stream_socket_client failed, errstr: Unable to find the socket transport "unix" - did you forget to enable it when you configured PHP?]]
26.02.19 00:21:01 sendEvent [8.19] [resp] [admin] [startMultiTrials] [adth,tpr,trial,0,1,2,1,32,admin,Santiago_Morales] [exception: stream_socket_client failed, errstr: Unable to find the socket transport "unix" - did you forget to enable it when you configured PHP?]
26.02.19 00:21:01 sendStatusDoc [warn] [sendEvent [8.19] [resp] [admin] [startMultiTrials] [adth,tpr,trial,0,1,2,1,32,admin,Santiago_Morales] [exception: stream_socket_client failed, errstr: Unable to find the socket transport "unix" - did you forget to enable it when you configured PHP?]]
26.02.19 00:21:01 sendEvent [8.19] [resp] [admin] [setReadyMessage] [msg_adtIntro1,msg_adtIntro2,dot,msg_adtReady,,adth] [exception: stream_socket_client failed, errstr: Unable to find the socket transport "unix" - did you forget to enable it when you configured PHP?]
26.02.19 00:21:01 sendStatusDoc [warn] [sendEvent [8.19] [resp] [admin] [setReadyMessage] [msg_adtIntro1,msg_adtIntro2,dot,msg_adtReady,,adth] [exception: stream_socket_client failed, errstr: Unable to find the socket transport "unix" - did you forget to enable it when you configured PHP?]]
26.02.19 00:21:13 sendEvent [8.19] [cntr] [admin] [trialResult] [admin,1,2,adth,1,1771460472748,1771460472749,tpr,trial,1,prpt,1,876,876,876,rgt,,0,0,0,0,31] [exception: stream_socket_client failed, errstr: Unable to find the socket transport "unix" - did you forget to enable it when you configured PHP?]
26.02.19 00:21:13 sendStatusDoc [warn] [sendEvent [8.19] [cntr] [admin] [trialResult] [admin,1,2,adth,1,1771460472748,1771460472749,tpr,trial,1,prpt,1,876,876,876,rgt,,0,0,0,0,31] [exception: stream_socket_client failed, errstr: Unable to find the socket transport "unix" - did you forget to enable it when you configured PHP?]]
26.02.19 00:21:16 sendEvent [8.19] [cntr] [admin] [trialResult] [admin,1,2,adth,1,1771460474777,1771460474779,tpr,trial,2,prpt,1,934,934,934,rgt,,0,0,0,0,30] [exception: stream_socket_client failed, errstr: Unable to find the socket transport "unix" - did you forget to enable it when you configured PHP?]
26.02.19 00:21:16 sendStatusDoc [warn] [sendEvent [8.19] [cntr] [admin] [trialResult] [admin,1,2,adth,1,1771460474777,1771460474779,tpr,trial,2,prpt,1,934,934,934,rgt,,0,0,0,0,30] [exception: stream_socket_client failed, errstr: Unable to find the socket transport "unix" - did you forget to enable it when you configured PHP?]]
26.02.19 00:21:17 sendEvent [8.19] [cntr] [admin] [trialResult] [admin,1,2,adth,1,1771460476770,1771460476771,tpr,trial,3,prpt,1,710,710,710,rgt,,0,0,0,0,29] [exception: stream_socket_client failed, errstr: Unable to find the socket transport "unix" - did you forget to enable it when you configured PHP?]
26.02.19 00:21:17 sendStatusDoc [warn] [sendEvent [8.19] [cntr] [admin] [trialResult] [admin,1,2,adth,1,1771460476770,1771460476771,tpr,trial,3,prpt,1,710,710,710,rgt,,0,0,0,0,29] [exception: stream_socket_client failed, errstr: Unable to find the socket transport "unix" - did you forget to enable it when you configured PHP?]]
26.02.19 00:21:20 sendEvent [8.19] [cntr] [admin] [trialResult] [admin,1,2,adth,1,1771460479042,1771460479043,tpr,trial,4,inhb,1,830,830,830,lft,,1,0,0,0,28] [exception: stream_socket_client failed, errstr: Unable to find the socket transport "unix" - did you forget to enable it when you configured PHP?]
26.02.19 00:21:20 sendStatusDoc [warn] [sendEvent [8.19] [cntr] [admin] [trialResult] [admin,1,2,adth,1,1771460479042,1771460479043,tpr,trial,4,inhb,1,830,830,830,lft,,1,0,0,0,28] [exception: stream_socket_client failed, errstr: Unable to find the socket transport "unix" - did you forget to enable it when you configured PHP?]]
26.02.19 00:21:22 sendEvent [8.19] [cntr] [admin] [trialResult] [admin,1,2,adth,1,1771460480930,1771460480931,tpr,trial,5,prpt,1,838,838,838,rgt,,0,0,0,0,27] [exception: stream_socket_client failed, errstr: Unable to find the socket transport "unix" - did you forget to enable it when you configured PHP?]
26.02.19 00:21:22 sendStatusDoc [warn] [sendEvent [8.19] [cntr] [admin] [trialResult] [admin,1,2,adth,1,1771460480930,1771460480931,tpr,trial,5,prpt,1,838,838,838,rgt,,0,0,0,0,27] [exception: stream_socket_client failed, errstr: Unable to find the socket transport "unix" - did you forget to enable it when you configured PHP?]]
26.02.19 00:21:24 sendEvent [8.19] [cntr] [admin] [trialResult] [admin,1,2,adth,1,1771460483058,1771460483058,tpr,trial,6,prpt,1,855,855,855,rgt,,0,0,0,0,26] [exception: stream_socket_client failed, errstr: Unable to find the socket transport "unix" - did you forget to enable it when you configured PHP?]
26.02.19 00:21:24 sendStatusDoc [warn] [sendEvent [8.19] [cntr] [admin] [trialResult] [admin,1,2,adth,1,1771460483058,1771460483058,tpr,trial,6,prpt,1,855,855,855,rgt,,0,0,0,0,26] [exception: stream_socket_client failed, errstr: Unable to find the socket transport "unix" - did you forget to enable it when you configured PHP?]]
26.02.19 00:21:26 sendEvent [8.19] [cntr] [admin] [trialResult] [admin,1,2,adth,1,1771460485106,1771460485107,tpr,trial,7,inhb,1,910,910,910,lft,,0,0,0,0,25] [exception: stream_socket_client failed, errstr: Unable to find the socket transport "unix" - did you forget to enable it when you configured PHP?]
26.02.19 00:21:26 sendStatusDoc [warn] [sendEvent [8.19] [cntr] [admin] [trialResult] [admin,1,2,adth,1,1771460485106,1771460485107,tpr,trial,7,inhb,1,910,910,910,lft,,0,0,0,0,25] [exception: stream_socket_client failed, errstr: Unable to find the socket transport "unix" - did you forget to enable it when you configured PHP?]]
26.02.19 00:21:28 sendEvent [8.19] [cntr] [admin] [trialResult] [admin,1,2,adth,1,1771460487210,1771460487211,tpr,trial,8,prpt,1,862,862,862,rgt,,0,0,0,0,24] [exception: stream_socket_client failed, errstr: Unable to find the socket transport "unix" - did you forget to enable it when you configured PHP?]
26.02.19 00:21:28 sendStatusDoc [warn] [sendEvent [8.19] [cntr] [admin] [trialResult] [admin,1,2,adth,1,1771460487210,1771460487211,tpr,trial,8,prpt,1,862,862,862,rgt,,0,0,0,0,24] [exception: stream_socket_client failed, errstr: Unable to find the socket transport "unix" - did you forget to enable it when you configured PHP?]]
26.02.19 00:21:30 sendEvent [8.19] [cntr] [admin] [trialResult] [admin,1,2,adth,1,1771460489338,1771460489338,tpr,trial,9,prpt,1,647,647,647,rgt,,0,0,0,0,23] [exception: stream_socket_client failed, errstr: Unable to find the socket transport "unix" - did you forget to enable it when you configured PHP?]
26.02.19 00:21:30 sendStatusDoc [warn] [sendEvent [8.19] [cntr] [admin] [trialResult] [admin,1,2,adth,1,1771460489338,1771460489338,tpr,trial,9,prpt,1,647,647,647,rgt,,0,0,0,0,23] [exception: stream_socket_client failed, errstr: Unable to find the socket transport "unix" - did you forget to enable it when you configured PHP?]]
26.02.19 00:21:32 sendEvent [8.19] [cntr] [admin] [trialResult] [admin,1,2,adth,1,1771460491178,1771460491179,tpr,trial,10,prpt,1,806,806,806,rgt,,0,0,0,0,22] [exception: stream_socket_client failed, errstr: Unable to find the socket transport "unix" - did you forget to enable it when you configured PHP?]
26.02.19 00:21:32 sendStatusDoc [warn] [sendEvent [8.19] [cntr] [admin] [trialResult] [admin,1,2,adth,1,1771460491178,1771460491179,tpr,trial,10,prpt,1,806,806,806,rgt,,0,0,0,0,22] [exception: stream_socket_client failed, errstr: Unable to find the socket transport "unix" - did you forget to enable it when you configured PHP?]]
26.02.19 00:21:34 sendEvent [8.19] [cntr] [admin] [trialResult] [admin,1,2,adth,1,1771460493250,1771460493251,tpr,trial,11,prpt,0,1023,1023,1023,lft,,0,0,0,0,21] [exception: stream_socket_client failed, errstr: Unable to find the socket transport "unix" - did you forget to enable it when you configured PHP?]
26.02.19 00:21:34 sendStatusDoc [warn] [sendEvent [8.19] [cntr] [admin] [trialResult] [admin,1,2,adth,1,1771460493250,1771460493251,tpr,trial,11,prpt,0,1023,1023,1023,lft,,0,0,0,0,21] [exception: stream_socket_client failed, errstr: Unable to find the socket transport "unix" - did you forget to enable it when you configured PHP?]]
26.02.19 00:21:36 sendEvent [8.19] [cntr] [admin] [trialResult] [admin,1,2,adth,1,1771460495690,1771460495691,tpr,trial,12,prpt,1,734,734,734,rgt,,0,0,0,0,20] [exception: stream_socket_client failed, errstr: Unable to find the socket transport "unix" - did you forget to enable it when you configured PHP?]
26.02.19 00:21:36 sendStatusDoc [warn] [sendEvent [8.19] [cntr] [admin] [trialResult] [admin,1,2,adth,1,1771460495690,1771460495691,tpr,trial,12,prpt,1,734,734,734,rgt,,0,0,0,0,20] [exception: stream_socket_client failed, errstr: Unable to find the socket transport "unix" - did you forget to enable it when you configured PHP?]]
26.02.19 00:21:39 sendEvent [8.19] [cntr] [admin] [trialResult] [admin,1,2,adth,1,1771460497818,1771460497819,tpr,trial,13,inhb,1,894,894,894,lft,,0,0,0,0,19] [exception: stream_socket_client failed, errstr: Unable to find the socket transport "unix" - did you forget to enable it when you configured PHP?]
26.02.19 00:21:39 sendStatusDoc [warn] [sendEvent [8.19] [cntr] [admin] [trialResult] [admin,1,2,adth,1,1771460497818,1771460497819,tpr,trial,13,inhb,1,894,894,894,lft,,0,0,0,0,19] [exception: stream_socket_client failed, errstr: Unable to find the socket transport "unix" - did you forget to enable it when you configured PHP?]]
26.02.19 00:21:41 sendEvent [8.19] [cntr] [admin] [trialResult] [admin,1,2,adth,1,1771460499898,1771460499899,tpr,trial,14,prpt,1,950,950,950,rgt,,0,0,0,0,18] [exception: stream_socket_client failed, errstr: Unable to find the socket transport "unix" - did you forget to enable it when you configured PHP?]
26.02.19 00:21:41 sendStatusDoc [warn] [sendEvent [8.19] [cntr] [admin] [trialResult] [admin,1,2,adth,1,1771460499898,1771460499899,tpr,trial,14,prpt,1,950,950,950,rgt,,0,0,0,0,18] [exception: stream_socket_client failed, errstr: Unable to find the socket transport "unix" - did you forget to enable it when you configured PHP?]]
26.02.19 00:23:32 sendEvent [8.19] [resp] [admin] [setReadyMessage] [msg_adtIntro1,msg_adtIntro2,dot,msg_adtReady,,adth] [exception: stream_socket_client failed, errstr: Unable to find the socket transport "unix" - did you forget to enable it when you configured PHP?]
26.02.19 00:23:32 sendStatusDoc [warn] [sendEvent [8.19] [resp] [admin] [setReadyMessage] [msg_adtIntro1,msg_adtIntro2,dot,msg_adtReady,,adth] [exception: stream_socket_client failed, errstr: Unable to find the socket transport "unix" - did you forget to enable it when you configured PHP?]]
26.02.19 00:23:32 sendEvent [8.19] [resp] [admin] [startMultiTrials] [adth,cpl,trial,0,1,2,1,4,admin,Santiago_Morales] [exception: stream_socket_client failed, errstr: Unable to find the socket transport "unix" - did you forget to enable it when you configured PHP?]
26.02.19 00:23:32 sendStatusDoc [warn] [sendEvent [8.19] [resp] [admin] [startMultiTrials] [adth,cpl,trial,0,1,2,1,4,admin,Santiago_Morales] [exception: stream_socket_client failed, errstr: Unable to find the socket transport "unix" - did you forget to enable it when you configured PHP?]]
26.02.19 00:23:45 sendEvent [8.19] [cntr] [admin] [trialResult] [admin,1,2,adth,1,1771460622637,1771460622638,cpl,trial,1,,1,1075,2331,2331,lft,,1,0,0,0,3] [exception: stream_socket_client failed, errstr: Unable to find the socket transport "unix" - did you forget to enable it when you configured PHP?]
26.02.19 00:23:45 sendStatusDoc [warn] [sendEvent [8.19] [cntr] [admin] [trialResult] [admin,1,2,adth,1,1771460622637,1771460622638,cpl,trial,1,,1,1075,2331,2331,lft,,1,0,0,0,3] [exception: stream_socket_client failed, errstr: Unable to find the socket transport "unix" - did you forget to enable it when you configured PHP?]]
26.02.19 00:23:47 sendEvent [8.19] [cntr] [admin] [trialResult] [admin,1,2,adth,1,1771460626402,1771460626403,cpl,trial,2,,1,886,886,886,lft,,0,0,0,0,2] [exception: stream_socket_client failed, errstr: Unable to find the socket transport "unix" - did you forget to enable it when you configured PHP?]
26.02.19 00:23:47 sendStatusDoc [warn] [sendEvent [8.19] [cntr] [admin] [trialResult] [admin,1,2,adth,1,1771460626402,1771460626403,cpl,trial,2,,1,886,886,886,lft,,0,0,0,0,2] [exception: stream_socket_client failed, errstr: Unable to find the socket transport "unix" - did you forget to enable it when you configured PHP?]]
26.02.19 00:23:49 sendEvent [8.19] [cntr] [admin] [trialResult] [admin,1,2,adth,1,1771460628560,1771460628562,cpl,trial,3,,1,719,719,719,lft,,0,0,0,0,1] [exception: stream_socket_client failed, errstr: Unable to find the socket transport "unix" - did you forget to enable it when you configured PHP?]
26.02.19 00:23:49 sendStatusDoc [warn] [sendEvent [8.19] [cntr] [admin] [trialResult] [admin,1,2,adth,1,1771460628560,1771460628562,cpl,trial,3,,1,719,719,719,lft,,0,0,0,0,1] [exception: stream_socket_client failed, errstr: Unable to find the socket transport "unix" - did you forget to enable it when you configured PHP?]]
26.02.19 00:23:51 sendEvent [8.19] [cntr] [admin] [trialResult] [admin,1,2,adth,1,1771460630521,1771460630522,cpl,trial,4,,1,592,592,592,lft,,0,0,0,0,0] [exception: stream_socket_client failed, errstr: Unable to find the socket transport "unix" - did you forget to enable it when you configured PHP?]
26.02.19 00:23:51 sendStatusDoc [warn] [sendEvent [8.19] [cntr] [admin] [trialResult] [admin,1,2,adth,1,1771460630521,1771460630522,cpl,trial,4,,1,592,592,592,lft,,0,0,0,0,0] [exception: stream_socket_client failed, errstr: Unable to find the socket transport "unix" - did you forget to enable it when you configured PHP?]]
26.02.19 00:23:52 sendEvent [8.19] [cntr] [admin] [trialEnded] [] [exception: stream_socket_client failed, errstr: Unable to find the socket transport "unix" - did you forget to enable it when you configured PHP?]
26.02.19 00:23:52 sendStatusDoc [warn] [sendEvent [8.19] [cntr] [admin] [trialEnded] [] [exception: stream_socket_client failed, errstr: Unable to find the socket transport "unix" - did you forget to enable it when you configured PHP?]]
26.02.19 00:24:21 sendEvent [8.19] [resp] [admin] [setReadyMessage] [msg_adtIntro1,msg_adtIntro2,dot,msg_adtReady,,adth] [exception: stream_socket_client failed, errstr: Unable to find the socket transport "unix" - did you forget to enable it when you configured PHP?]
26.02.19 00:24:21 sendStatusDoc [warn] [sendEvent [8.19] [resp] [admin] [setReadyMessage] [msg_adtIntro1,msg_adtIntro2,dot,msg_adtReady,,adth] [exception: stream_socket_client failed, errstr: Unable to find the socket transport "unix" - did you forget to enable it when you configured PHP?]]
26.02.19 00:24:21 sendEvent [8.19] [resp] [admin] [startMultiTrials] [adth,cpl,trial,4,1,2,1,4,admin,Santiago_Morales] [exception: stream_socket_client failed, errstr: Unable to find the socket transport "unix" - did you forget to enable it when you configured PHP?]
26.02.19 00:24:21 sendStatusDoc [warn] [sendEvent [8.19] [resp] [admin] [startMultiTrials] [adth,cpl,trial,4,1,2,1,4,admin,Santiago_Morales] [exception: stream_socket_client failed, errstr: Unable to find the socket transport "unix" - did you forget to enable it when you configured PHP?]]
26.02.19 00:24:39 sendEvent [8.19] [cntr] [admin] [trialResult] [admin,1,2,adth,1,1771460675100,1771460675101,cpl,trial,1,,1,3684,4565,4565,lft,,1,0,0,0,3] [exception: stream_socket_client failed, errstr: Unable to find the socket transport "unix" - did you forget to enable it when you configured PHP?]
26.02.19 00:24:39 sendStatusDoc [warn] [sendEvent [8.19] [cntr] [admin] [trialResult] [admin,1,2,adth,1,1771460675100,1771460675101,cpl,trial,1,,1,3684,4565,4565,lft,,1,0,0,0,3] [exception: stream_socket_client failed, errstr: Unable to find the socket transport "unix" - did you forget to enable it when you configured PHP?]]
26.02.19 00:24:41 sendEvent [8.19] [cntr] [admin] [trialResult] [admin,1,2,adth,1,1771460680690,1771460680691,cpl,trial,2,,1,654,654,654,lft,,1,0,0,0,2] [exception: stream_socket_client failed, errstr: Unable to find the socket transport "unix" - did you forget to enable it when you configured PHP?]
26.02.19 00:24:41 sendStatusDoc [warn] [sendEvent [8.19] [cntr] [admin] [trialResult] [admin,1,2,adth,1,1771460680690,1771460680691,cpl,trial,2,,1,654,654,654,lft,,1,0,0,0,2] [exception: stream_socket_client failed, errstr: Unable to find the socket transport "unix" - did you forget to enable it when you configured PHP?]]
26.02.19 00:24:43 sendEvent [8.19] [cntr] [admin] [trialResult] [admin,1,2,adth,1,1771460682362,1771460682362,cpl,trial,3,,1,239,631,631,lft,,1,0,0,0,1] [exception: stream_socket_client failed, errstr: Unable to find the socket transport "unix" - did you forget to enable it when you configured PHP?]
26.02.19 00:24:43 sendStatusDoc [warn] [sendEvent [8.19] [cntr] [admin] [trialResult] [admin,1,2,adth,1,1771460682362,1771460682362,cpl,trial,3,,1,239,631,631,lft,,1,0,0,0,1] [exception: stream_socket_client failed, errstr: Unable to find the socket transport "unix" - did you forget to enable it when you configured PHP?]]
26.02.19 00:24:44 sendEvent [8.19] [cntr] [admin] [trialResult] [admin,1,2,adth,1,1771460684081,1771460684082,cpl,trial,4,,1,287,599,599,lft,,1,0,0,0,0] [exception: stream_socket_client failed, errstr: Unable to find the socket transport "unix" - did you forget to enable it when you configured PHP?]
26.02.19 00:24:44 sendStatusDoc [warn] [sendEvent [8.19] [cntr] [admin] [trialResult] [admin,1,2,adth,1,1771460684081,1771460684082,cpl,trial,4,,1,287,599,599,lft,,1,0,0,0,0] [exception: stream_socket_client failed, errstr: Unable to find the socket transport "unix" - did you forget to enable it when you configured PHP?]]
26.02.19 00:24:46 sendEvent [8.19] [cntr] [admin] [trialEnded] [] [exception: stream_socket_client failed, errstr: Unable to find the socket transport "unix" - did you forget to enable it when you configured PHP?]
26.02.19 00:24:46 sendStatusDoc [warn] [sendEvent [8.19] [cntr] [admin] [trialEnded] [] [exception: stream_socket_client failed, errstr: Unable to find the socket transport "unix" - did you forget to enable it when you configured PHP?]]
26.02.19 00:25:16 sendEvent [8.19] [resp] [admin] [setReadyMessage] [msg_adtIntro1,msg_adtIntro2,dot,msg_adtReady,,adth] [exception: stream_socket_client failed, errstr: Unable to find the socket transport "unix" - did you forget to enable it when you configured PHP?]
26.02.19 00:25:16 sendStatusDoc [warn] [sendEvent [8.19] [resp] [admin] [setReadyMessage] [msg_adtIntro1,msg_adtIntro2,dot,msg_adtReady,,adth] [exception: stream_socket_client failed, errstr: Unable to find the socket transport "unix" - did you forget to enable it when you configured PHP?]]
26.02.19 00:25:16 sendEvent [8.19] [resp] [admin] [startMultiTrials] [adth,cpr,trial,0,1,2,1,4,admin,Santiago_Morales] [exception: stream_socket_client failed, errstr: Unable to find the socket transport "unix" - did you forget to enable it when you configured PHP?]
26.02.19 00:25:16 sendStatusDoc [warn] [sendEvent [8.19] [resp] [admin] [startMultiTrials] [adth,cpr,trial,0,1,2,1,4,admin,Santiago_Morales] [exception: stream_socket_client failed, errstr: Unable to find the socket transport "unix" - did you forget to enable it when you configured PHP?]]
26.02.19 00:25:28 sendEvent [8.19] [cntr] [admin] [trialResult] [admin,1,2,adth,1,1771460727205,1771460727206,cpr,trial,1,,1,1100,1100,1100,rgt,,0,0,0,0,3] [exception: stream_socket_client failed, errstr: Unable to find the socket transport "unix" - did you forget to enable it when you configured PHP?]
26.02.19 00:25:28 sendStatusDoc [warn] [sendEvent [8.19] [cntr] [admin] [trialResult] [admin,1,2,adth,1,1771460727205,1771460727206,cpr,trial,1,,1,1100,1100,1100,rgt,,0,0,0,0,3] [exception: stream_socket_client failed, errstr: Unable to find the socket transport "unix" - did you forget to enable it when you configured PHP?]]
26.02.19 00:25:31 sendEvent [8.19] [cntr] [admin] [trialResult] [admin,1,2,adth,1,1771460729914,1771460729914,cpr,trial,2,,1,879,880,880,rgt,,0,0,0,0,2] [exception: stream_socket_client failed, errstr: Unable to find the socket transport "unix" - did you forget to enable it when you configured PHP?]
26.02.19 00:25:31 sendStatusDoc [warn] [sendEvent [8.19] [cntr] [admin] [trialResult] [admin,1,2,adth,1,1771460729914,1771460729914,cpr,trial,2,,1,879,880,880,rgt,,0,0,0,0,2] [exception: stream_socket_client failed, errstr: Unable to find the socket transport "unix" - did you forget to enable it when you configured PHP?]]
26.02.19 00:25:33 sendEvent [8.19] [cntr] [admin] [trialResult] [admin,1,2,adth,1,1771460732058,1771460732058,cpr,trial,3,,1,799,799,799,rgt,,0,0,0,0,1] [exception: stream_socket_client failed, errstr: Unable to find the socket transport "unix" - did you forget to enable it when you configured PHP?]
26.02.19 00:25:33 sendStatusDoc [warn] [sendEvent [8.19] [cntr] [admin] [trialResult] [admin,1,2,adth,1,1771460732058,1771460732058,cpr,trial,3,,1,799,799,799,rgt,,0,0,0,0,1] [exception: stream_socket_client failed, errstr: Unable to find the socket transport "unix" - did you forget to enable it when you configured PHP?]]
26.02.19 00:25:34 sendEvent [8.19] [cntr] [admin] [trialResult] [admin,1,2,adth,1,1771460734026,1771460734026,cpr,trial,4,,1,663,663,663,rgt,,0,0,0,0,0] [exception: stream_socket_client failed, errstr: Unable to find the socket transport "unix" - did you forget to enable it when you configured PHP?]
26.02.19 00:25:34 sendStatusDoc [warn] [sendEvent [8.19] [cntr] [admin] [trialResult] [admin,1,2,adth,1,1771460734026,1771460734026,cpr,trial,4,,1,663,663,663,rgt,,0,0,0,0,0] [exception: stream_socket_client failed, errstr: Unable to find the socket transport "unix" - did you forget to enable it when you configured PHP?]]
26.02.19 00:25:36 sendEvent [8.19] [cntr] [admin] [trialEnded] [] [exception: stream_socket_client failed, errstr: Unable to find the socket transport "unix" - did you forget to enable it when you configured PHP?]
26.02.19 00:25:36 sendStatusDoc [warn] [sendEvent [8.19] [cntr] [admin] [trialEnded] [] [exception: stream_socket_client failed, errstr: Unable to find the socket transport "unix" - did you forget to enable it when you configured PHP?]]
26.02.19 00:26:10 sendEvent [8.19] [resp] [admin] [setReadyMessage] [msg_adtIntro1,msg_adtIntro2,dot,msg_adtReady,,adth] [exception: stream_socket_client failed, errstr: Unable to find the socket transport "unix" - did you forget to enable it when you configured PHP?]
26.02.19 00:26:10 sendStatusDoc [warn] [sendEvent [8.19] [resp] [admin] [setReadyMessage] [msg_adtIntro1,msg_adtIntro2,dot,msg_adtReady,,adth] [exception: stream_socket_client failed, errstr: Unable to find the socket transport "unix" - did you forget to enable it when you configured PHP?]]
26.02.19 00:26:10 sendEvent [8.19] [resp] [admin] [startMultiTrials] [adth,cpc,trial,0,1,2,1,4,admin,Santiago_Morales] [exception: stream_socket_client failed, errstr: Unable to find the socket transport "unix" - did you forget to enable it when you configured PHP?]
26.02.19 00:26:10 sendStatusDoc [warn] [sendEvent [8.19] [resp] [admin] [startMultiTrials] [adth,cpc,trial,0,1,2,1,4,admin,Santiago_Morales] [exception: stream_socket_client failed, errstr: Unable to find the socket transport "unix" - did you forget to enable it when you configured PHP?]]
26.02.19 00:26:20 sendEvent [8.19] [cntr] [admin] [trialResult] [admin,1,2,adth,1,1771460779414,1771460779415,cpc,trial,1,,1,530,530,530,ctr,,0,0,0,0,3] [exception: stream_socket_client failed, errstr: Unable to find the socket transport "unix" - did you forget to enable it when you configured PHP?]
26.02.19 00:26:20 sendStatusDoc [warn] [sendEvent [8.19] [cntr] [admin] [trialResult] [admin,1,2,adth,1,1771460779414,1771460779415,cpc,trial,1,,1,530,530,530,ctr,,0,0,0,0,3] [exception: stream_socket_client failed, errstr: Unable to find the socket transport "unix" - did you forget to enable it when you configured PHP?]]
26.02.19 00:26:22 sendEvent [8.19] [cntr] [admin] [trialResult] [admin,1,2,adth,1,1771460781754,1771460781754,cpc,trial,2,,1,567,567,567,ctr,,0,0,0,0,2] [exception: stream_socket_client failed, errstr: Unable to find the socket transport "unix" - did you forget to enable it when you configured PHP?]
26.02.19 00:26:22 sendStatusDoc [warn] [sendEvent [8.19] [cntr] [admin] [trialResult] [admin,1,2,adth,1,1771460781754,1771460781754,cpc,trial,2,,1,567,567,567,ctr,,0,0,0,0,2] [exception: stream_socket_client failed, errstr: Unable to find the socket transport "unix" - did you forget to enable it when you configured PHP?]]
26.02.19 00:26:24 sendEvent [8.19] [cntr] [admin] [trialResult] [admin,1,2,adth,1,1771460783778,1771460783779,cpc,trial,3,,1,422,422,422,ctr,,0,0,0,0,1] [exception: stream_socket_client failed, errstr: Unable to find the socket transport "unix" - did you forget to enable it when you configured PHP?]
26.02.19 00:26:24 sendStatusDoc [warn] [sendEvent [8.19] [cntr] [admin] [trialResult] [admin,1,2,adth,1,1771460783778,1771460783779,cpc,trial,3,,1,422,422,422,ctr,,0,0,0,0,1] [exception: stream_socket_client failed, errstr: Unable to find the socket transport "unix" - did you forget to enable it when you configured PHP?]]
26.02.19 00:26:26 sendEvent [8.19] [cntr] [admin] [trialResult] [admin,1,2,adth,1,1771460785474,1771460785474,cpc,trial,4,,1,424,424,424,ctr,,0,0,0,0,0] [exception: stream_socket_client failed, errstr: Unable to find the socket transport "unix" - did you forget to enable it when you configured PHP?]
26.02.19 00:26:26 sendStatusDoc [warn] [sendEvent [8.19] [cntr] [admin] [trialResult] [admin,1,2,adth,1,1771460785474,1771460785474,cpc,trial,4,,1,424,424,424,ctr,,0,0,0,0,0] [exception: stream_socket_client failed, errstr: Unable to find the socket transport "unix" - did you forget to enable it when you configured PHP?]]
26.02.19 00:26:27 sendEvent [8.19] [cntr] [admin] [trialEnded] [] [exception: stream_socket_client failed, errstr: Unable to find the socket transport "unix" - did you forget to enable it when you configured PHP?]
26.02.19 00:26:27 sendStatusDoc [warn] [sendEvent [8.19] [cntr] [admin] [trialEnded] [] [exception: stream_socket_client failed, errstr: Unable to find the socket transport "unix" - did you forget to enable it when you configured PHP?]]
26.02.19 00:26:45 sendEvent [8.19] [resp] [admin] [endTrials] [adth,ctrl] [exception: stream_socket_client failed, errstr: Unable to find the socket transport "unix" - did you forget to enable it when you configured PHP?]
26.02.19 00:26:45 sendStatusDoc [warn] [sendEvent [8.19] [resp] [admin] [endTrials] [adth,ctrl] [exception: stream_socket_client failed, errstr: Unable to find the socket transport "unix" - did you forget to enable it when you configured PHP?]]
26.02.19 00:26:46 sendEvent [8.19] [resp] [admin] [endTrials] [adth,ctrl] [exception: stream_socket_client failed, errstr: Unable to find the socket transport "unix" - did you forget to enable it when you configured PHP?]
26.02.19 00:26:46 sendStatusDoc [warn] [sendEvent [8.19] [resp] [admin] [endTrials] [adth,ctrl] [exception: stream_socket_client failed, errstr: Unable to find the socket transport "unix" - did you forget to enable it when you configured PHP?]]
26.02.19 00:26:46 sendEvent [8.19] [cntr] [admin] [trialsEnded] [] [exception: stream_socket_client failed, errstr: Unable to find the socket transport "unix" - did you forget to enable it when you configured PHP?]
26.02.19 00:26:46 sendStatusDoc [warn] [sendEvent [8.19] [cntr] [admin] [trialsEnded] [] [exception: stream_socket_client failed, errstr: Unable to find the socket transport "unix" - did you forget to enable it when you configured PHP?]]
26.02.19 00:26:46 sendEvent [8.19] [cntr] [admin] [trialsEnded] [] [exception: stream_socket_client failed, errstr: Unable to find the socket transport "unix" - did you forget to enable it when you configured PHP?]
26.02.19 00:26:46 sendStatusDoc [warn] [sendEvent [8.19] [cntr] [admin] [trialsEnded] [] [exception: stream_socket_client failed, errstr: Unable to find the socket transport "unix" - did you forget to enable it when you configured PHP?]]
26.02.19 00:26:48 sendEvent [8.19] [resp] [admin] [endTest] [] [exception: stream_socket_client failed, errstr: Unable to find the socket transport "unix" - did you forget to enable it when you configured PHP?]
26.02.19 00:26:48 sendStatusDoc [warn] [sendEvent [8.19] [resp] [admin] [endTest] [] [exception: stream_socket_client failed, errstr: Unable to find the socket transport "unix" - did you forget to enable it when you configured PHP?]]
26.02.19 00:26:48 sendEvent [8.19] [cntr] [admin] [testEnded] [] [exception: stream_socket_client failed, errstr: Unable to find the socket transport "unix" - did you forget to enable it when you configured PHP?]
26.02.19 00:26:48 sendStatusDoc [warn] [sendEvent [8.19] [cntr] [admin] [testEnded] [] [exception: stream_socket_client failed, errstr: Unable to find the socket transport "unix" - did you forget to enable it when you configured PHP?]]
26.02.19 00:29:45 sendEvent [8.19] [resp] [admin] [endTest] [] [exception: stream_socket_client failed, errstr: Unable to find the socket transport "unix" - did you forget to enable it when you configured PHP?]
26.02.19 00:29:45 sendStatusDoc [warn] [sendEvent [8.19] [resp] [admin] [endTest] [] [exception: stream_socket_client failed, errstr: Unable to find the socket transport "unix" - did you forget to enable it when you configured PHP?]]
26.02.19 00:29:55 sendEvent [8.19] [resp] [admin] [setReadyMessage] [msg_adtIntro1,msg_adtIntro2,dot,msg_adtReady,,adth] [exception: stream_socket_client failed, errstr: Unable to find the socket transport "unix" - did you forget to enable it when you configured PHP?]
26.02.19 00:29:55 sendStatusDoc [warn] [sendEvent [8.19] [resp] [admin] [setReadyMessage] [msg_adtIntro1,msg_adtIntro2,dot,msg_adtReady,,adth] [exception: stream_socket_client failed, errstr: Unable to find the socket transport "unix" - did you forget to enable it when you configured PHP?]]
26.02.19 00:29:55 sendEvent [8.19] [resp] [admin] [startMultiTrials] [adth,cpl,trial,0,1,2,1,4,admin,Santiago_Morales] [exception: stream_socket_client failed, errstr: Unable to find the socket transport "unix" - did you forget to enable it when you configured PHP?]
26.02.19 00:29:55 sendStatusDoc [warn] [sendEvent [8.19] [resp] [admin] [startMultiTrials] [adth,cpl,trial,0,1,2,1,4,admin,Santiago_Morales] [exception: stream_socket_client failed, errstr: Unable to find the socket transport "unix" - did you forget to enable it when you configured PHP?]]
26.02.19 00:29:57 sendEvent [8.19] [cntr] [admin] [testEnded] [] [exception: stream_socket_client failed, errstr: Unable to find the socket transport "unix" - did you forget to enable it when you configured PHP?]
26.02.19 00:29:57 sendStatusDoc [warn] [sendEvent [8.19] [cntr] [admin] [testEnded] [] [exception: stream_socket_client failed, errstr: Unable to find the socket transport "unix" - did you forget to enable it when you configured PHP?]]
26.02.19 00:30:21 sendEvent [8.19] [resp] [admin] [setReadyMessage] [msg_adtIntro1,msg_adtIntro2,dot,msg_adtReady,,adth] [exception: stream_socket_client failed, errstr: Unable to find the socket transport "unix" - did you forget to enable it when you configured PHP?]
26.02.19 00:30:21 sendStatusDoc [warn] [sendEvent [8.19] [resp] [admin] [setReadyMessage] [msg_adtIntro1,msg_adtIntro2,dot,msg_adtReady,,adth] [exception: stream_socket_client failed, errstr: Unable to find the socket transport "unix" - did you forget to enable it when you configured PHP?]]
26.02.19 00:30:21 sendEvent [8.19] [resp] [admin] [startMultiTrials] [adth,cpl,trial,0,1,2,1,4,admin,Santiago_Morales] [exception: stream_socket_client failed, errstr: Unable to find the socket transport "unix" - did you forget to enable it when you configured PHP?]
26.02.19 00:30:21 sendStatusDoc [warn] [sendEvent [8.19] [resp] [admin] [startMultiTrials] [adth,cpl,trial,0,1,2,1,4,admin,Santiago_Morales] [exception: stream_socket_client failed, errstr: Unable to find the socket transport "unix" - did you forget to enable it when you configured PHP?]]
26.02.19 00:30:28 sendEvent [8.19] [cntr] [admin] [trialResult] [admin,1,2,adth,1,1771461022728,1771461022729,cpl,trial,1,,1,5657,5657,5657,lft,,0,0,0,0,3] [exception: stream_socket_client failed, errstr: Unable to find the socket transport "unix" - did you forget to enable it when you configured PHP?]
26.02.19 00:30:28 sendStatusDoc [warn] [sendEvent [8.19] [cntr] [admin] [trialResult] [admin,1,2,adth,1,1771461022728,1771461022729,cpl,trial,1,,1,5657,5657,5657,lft,,0,0,0,0,3] [exception: stream_socket_client failed, errstr: Unable to find the socket transport "unix" - did you forget to enable it when you configured PHP?]]
26.02.19 00:30:31 sendEvent [8.19] [cntr] [admin] [trialResult] [admin,1,2,adth,1,1771461030227,1771461030228,cpl,trial,2,,1,638,638,638,lft,,1,0,0,0,2] [exception: stream_socket_client failed, errstr: Unable to find the socket transport "unix" - did you forget to enable it when you configured PHP?]
26.02.19 00:30:31 sendStatusDoc [warn] [sendEvent [8.19] [cntr] [admin] [trialResult] [admin,1,2,adth,1,1771461030227,1771461030228,cpl,trial,2,,1,638,638,638,lft,,1,0,0,0,2] [exception: stream_socket_client failed, errstr: Unable to find the socket transport "unix" - did you forget to enable it when you configured PHP?]]
26.02.19 00:30:33 sendEvent [8.19] [cntr] [admin] [trialResult] [admin,1,2,adth,1,1771461032100,1771461032101,cpl,trial,3,,1,684,684,684,lft,,0,0,0,0,1] [exception: stream_socket_client failed, errstr: Unable to find the socket transport "unix" - did you forget to enable it when you configured PHP?]
26.02.19 00:30:33 sendStatusDoc [warn] [sendEvent [8.19] [cntr] [admin] [trialResult] [admin,1,2,adth,1,1771461032100,1771461032101,cpl,trial,3,,1,684,684,684,lft,,0,0,0,0,1] [exception: stream_socket_client failed, errstr: Unable to find the socket transport "unix" - did you forget to enable it when you configured PHP?]]
26.02.19 00:30:34 sendEvent [8.19] [cntr] [admin] [trialResult] [admin,1,2,adth,1,1771461033803,1771461033804,cpl,trial,4,,1,645,645,645,lft,,0,0,0,0,0] [exception: stream_socket_client failed, errstr: Unable to find the socket transport "unix" - did you forget to enable it when you configured PHP?]
26.02.19 00:30:34 sendStatusDoc [warn] [sendEvent [8.19] [cntr] [admin] [trialResult] [admin,1,2,adth,1,1771461033803,1771461033804,cpl,trial,4,,1,645,645,645,lft,,0,0,0,0,0] [exception: stream_socket_client failed, errstr: Unable to find the socket transport "unix" - did you forget to enable it when you configured PHP?]]
26.02.19 00:30:36 sendEvent [8.19] [cntr] [admin] [trialEnded] [] [exception: stream_socket_client failed, errstr: Unable to find the socket transport "unix" - did you forget to enable it when you configured PHP?]
26.02.19 00:30:36 sendStatusDoc [warn] [sendEvent [8.19] [cntr] [admin] [trialEnded] [] [exception: stream_socket_client failed, errstr: Unable to find the socket transport "unix" - did you forget to enable it when you configured PHP?]]
26.02.19 00:30:37 sendEvent [8.19] [resp] [admin] [endTrials] [adth,ctrl] [exception: stream_socket_client failed, errstr: Unable to find the socket transport "unix" - did you forget to enable it when you configured PHP?]
26.02.19 00:30:37 sendStatusDoc [warn] [sendEvent [8.19] [resp] [admin] [endTrials] [adth,ctrl] [exception: stream_socket_client failed, errstr: Unable to find the socket transport "unix" - did you forget to enable it when you configured PHP?]]
26.02.19 00:30:37 sendEvent [8.19] [resp] [admin] [endTrials] [adth,ctrl] [exception: stream_socket_client failed, errstr: Unable to find the socket transport "unix" - did you forget to enable it when you configured PHP?]
26.02.19 00:30:37 sendStatusDoc [warn] [sendEvent [8.19] [resp] [admin] [endTrials] [adth,ctrl] [exception: stream_socket_client failed, errstr: Unable to find the socket transport "unix" - did you forget to enable it when you configured PHP?]]
26.02.19 00:30:37 sendEvent [8.19] [cntr] [admin] [trialsEnded] [] [exception: stream_socket_client failed, errstr: Unable to find the socket transport "unix" - did you forget to enable it when you configured PHP?]
26.02.19 00:30:37 sendStatusDoc [warn] [sendEvent [8.19] [cntr] [admin] [trialsEnded] [] [exception: stream_socket_client failed, errstr: Unable to find the socket transport "unix" - did you forget to enable it when you configured PHP?]]
26.02.19 00:30:38 sendEvent [8.19] [cntr] [admin] [trialsEnded] [] [exception: stream_socket_client failed, errstr: Unable to find the socket transport "unix" - did you forget to enable it when you configured PHP?]
26.02.19 00:30:38 sendStatusDoc [warn] [sendEvent [8.19] [cntr] [admin] [trialsEnded] [] [exception: stream_socket_client failed, errstr: Unable to find the socket transport "unix" - did you forget to enable it when you configured PHP?]]
26.02.19 00:30:39 sendEvent [8.19] [resp] [admin] [endTest] [] [exception: stream_socket_client failed, errstr: Unable to find the socket transport "unix" - did you forget to enable it when you configured PHP?]
26.02.19 00:30:39 sendStatusDoc [warn] [sendEvent [8.19] [resp] [admin] [endTest] [] [exception: stream_socket_client failed, errstr: Unable to find the socket transport "unix" - did you forget to enable it when you configured PHP?]]
26.02.19 00:30:39 sendEvent [8.19] [cntr] [admin] [testEnded] [] [exception: stream_socket_client failed, errstr: Unable to find the socket transport "unix" - did you forget to enable it when you configured PHP?]
26.02.19 00:30:39 sendStatusDoc [warn] [sendEvent [8.19] [cntr] [admin] [testEnded] [] [exception: stream_socket_client failed, errstr: Unable to find the socket transport "unix" - did you forget to enable it when you configured PHP?]]
26.02.19 00:31:09 sendEvent [8.19] [resp] [admin] [endTest] [] [exception: stream_socket_client failed, errstr: Unable to find the socket transport "unix" - did you forget to enable it when you configured PHP?]
26.02.19 00:31:09 sendStatusDoc [warn] [sendEvent [8.19] [resp] [admin] [endTest] [] [exception: stream_socket_client failed, errstr: Unable to find the socket transport "unix" - did you forget to enable it when you configured PHP?]]
26.02.19 00:31:10 sendEvent [8.19] [cntr] [admin] [testEnded] [] [exception: stream_socket_client failed, errstr: Unable to find the socket transport "unix" - did you forget to enable it when you configured PHP?]
26.02.19 00:31:10 sendStatusDoc [warn] [sendEvent [8.19] [cntr] [admin] [testEnded] [] [exception: stream_socket_client failed, errstr: Unable to find the socket transport "unix" - did you forget to enable it when you configured PHP?]]
26.02.19 00:31:27 sendEvent [8.19] [resp] [admin] [setReadyMessage] [,,dot,msg_adtReady,,nirsv] [exception: stream_socket_client failed, errstr: Unable to find the socket transport "unix" - did you forget to enable it when you configured PHP?]
26.02.19 00:31:27 sendStatusDoc [warn] [sendEvent [8.19] [resp] [admin] [setReadyMessage] [,,dot,msg_adtReady,,nirsv] [exception: stream_socket_client failed, errstr: Unable to find the socket transport "unix" - did you forget to enable it when you configured PHP?]]
26.02.19 00:31:27 sendEvent [8.19] [resp] [admin] [startMultiTrials] [nirsv,tbgt,trial,0,1,2,1,1,admin,Santiago_Morales] [exception: stream_socket_client failed, errstr: Unable to find the socket transport "unix" - did you forget to enable it when you configured PHP?]
26.02.19 00:31:27 sendStatusDoc [warn] [sendEvent [8.19] [resp] [admin] [startMultiTrials] [nirsv,tbgt,trial,0,1,2,1,1,admin,Santiago_Morales] [exception: stream_socket_client failed, errstr: Unable to find the socket transport "unix" - did you forget to enable it when you configured PHP?]]
26.02.19 00:31:38 sendEvent [8.19] [cntr] [admin] [gameStarted] [snowflake] [exception: stream_socket_client failed, errstr: Unable to find the socket transport "unix" - did you forget to enable it when you configured PHP?]
26.02.19 00:31:38 sendStatusDoc [warn] [sendEvent [8.19] [cntr] [admin] [gameStarted] [snowflake] [exception: stream_socket_client failed, errstr: Unable to find the socket transport "unix" - did you forget to enable it when you configured PHP?]]
26.02.19 00:31:38 sendEvent [8.19] [cntr] [admin] [trialStarted] [nirsv,tbgt,,1771461098217] [exception: stream_socket_client failed, errstr: Unable to find the socket transport "unix" - did you forget to enable it when you configured PHP?]
26.02.19 00:31:38 sendStatusDoc [warn] [sendEvent [8.19] [cntr] [admin] [trialStarted] [nirsv,tbgt,,1771461098217] [exception: stream_socket_client failed, errstr: Unable to find the socket transport "unix" - did you forget to enable it when you configured PHP?]]
26.02.19 00:31:49 sendEvent [8.19] [cntr] [admin] [trialResult] [admin,1,2,nirsv,1,0,1771461098218,tbgt,trial,1,,1,0,0,10551,,,0,0,0,0,0] [exception: stream_socket_client failed, errstr: Unable to find the socket transport "unix" - did you forget to enable it when you configured PHP?]
26.02.19 00:31:49 sendStatusDoc [warn] [sendEvent [8.19] [cntr] [admin] [trialResult] [admin,1,2,nirsv,1,0,1771461098218,tbgt,trial,1,,1,0,0,10551,,,0,0,0,0,0] [exception: stream_socket_client failed, errstr: Unable to find the socket transport "unix" - did you forget to enable it when you configured PHP?]]
26.02.19 00:31:49 sendEvent [8.19] [cntr] [admin] [trialEnded] [] [exception: stream_socket_client failed, errstr: Unable to find the socket transport "unix" - did you forget to enable it when you configured PHP?]
26.02.19 00:31:49 sendStatusDoc [warn] [sendEvent [8.19] [cntr] [admin] [trialEnded] [] [exception: stream_socket_client failed, errstr: Unable to find the socket transport "unix" - did you forget to enable it when you configured PHP?]]
26.02.19 00:33:00 sendEvent [8.19] [resp] [admin] [endTrials] [nirsv,tspt] [exception: stream_socket_client failed, errstr: Unable to find the socket transport "unix" - did you forget to enable it when you configured PHP?]
26.02.19 00:33:00 sendStatusDoc [warn] [sendEvent [8.19] [resp] [admin] [endTrials] [nirsv,tspt] [exception: stream_socket_client failed, errstr: Unable to find the socket transport "unix" - did you forget to enable it when you configured PHP?]]
26.02.19 00:33:00 sendEvent [8.19] [resp] [admin] [endTrials] [nirsv,tspt] [exception: stream_socket_client failed, errstr: Unable to find the socket transport "unix" - did you forget to enable it when you configured PHP?]
26.02.19 00:33:00 sendStatusDoc [warn] [sendEvent [8.19] [resp] [admin] [endTrials] [nirsv,tspt] [exception: stream_socket_client failed, errstr: Unable to find the socket transport "unix" - did you forget to enable it when you configured PHP?]]
26.02.19 00:33:01 sendEvent [8.19] [resp] [admin] [endTrials] [nirsv,tspt] [exception: stream_socket_client failed, errstr: Unable to find the socket transport "unix" - did you forget to enable it when you configured PHP?]
26.02.19 00:33:01 sendStatusDoc [warn] [sendEvent [8.19] [resp] [admin] [endTrials] [nirsv,tspt] [exception: stream_socket_client failed, errstr: Unable to find the socket transport "unix" - did you forget to enable it when you configured PHP?]]
26.02.19 00:33:02 sendEvent [8.19] [resp] [admin] [endTrials] [nirsv,tspt] [exception: stream_socket_client failed, errstr: Unable to find the socket transport "unix" - did you forget to enable it when you configured PHP?]
26.02.19 00:33:02 sendStatusDoc [warn] [sendEvent [8.19] [resp] [admin] [endTrials] [nirsv,tspt] [exception: stream_socket_client failed, errstr: Unable to find the socket transport "unix" - did you forget to enable it when you configured PHP?]]
26.02.19 00:33:05 sendEvent [8.19] [resp] [admin] [goodbye] [] [exception: stream_socket_client failed, errstr: Unable to find the socket transport "unix" - did you forget to enable it when you configured PHP?]
26.02.19 00:33:05 sendStatusDoc [warn] [sendEvent [8.19] [resp] [admin] [goodbye] [] [exception: stream_socket_client failed, errstr: Unable to find the socket transport "unix" - did you forget to enable it when you configured PHP?]]
26.02.19 00:33:06 sendEvent [8.19] [resp] [admin] [endTrials] [nirsv,tspt] [exception: stream_socket_client failed, errstr: Unable to find the socket transport "unix" - did you forget to enable it when you configured PHP?]
26.02.19 00:33:06 sendStatusDoc [warn] [sendEvent [8.19] [resp] [admin] [endTrials] [nirsv,tspt] [exception: stream_socket_client failed, errstr: Unable to find the socket transport "unix" - did you forget to enable it when you configured PHP?]]
26.02.19 00:33:07 sendEvent [8.19] [resp] [admin] [endTrials] [nirsv,tspt] [exception: stream_socket_client failed, errstr: Unable to find the socket transport "unix" - did you forget to enable it when you configured PHP?]
26.02.19 00:33:07 sendStatusDoc [warn] [sendEvent [8.19] [resp] [admin] [endTrials] [nirsv,tspt] [exception: stream_socket_client failed, errstr: Unable to find the socket transport "unix" - did you forget to enable it when you configured PHP?]]
26.02.19 00:33:07 sendEvent [8.19] [resp] [admin] [endTrials] [nirsv,tspt] [exception: stream_socket_client failed, errstr: Unable to find the socket transport "unix" - did you forget to enable it when you configured PHP?]
26.02.19 00:33:07 sendStatusDoc [warn] [sendEvent [8.19] [resp] [admin] [endTrials] [nirsv,tspt] [exception: stream_socket_client failed, errstr: Unable to find the socket transport "unix" - did you forget to enable it when you configured PHP?]]
26.02.19 00:33:08 sendEvent [8.19] [resp] [admin] [endTrials] [nirsv,tspt] [exception: stream_socket_client failed, errstr: Unable to find the socket transport "unix" - did you forget to enable it when you configured PHP?]
26.02.19 00:33:08 sendStatusDoc [warn] [sendEvent [8.19] [resp] [admin] [endTrials] [nirsv,tspt] [exception: stream_socket_client failed, errstr: Unable to find the socket transport "unix" - did you forget to enable it when you configured PHP?]]
26.02.19 00:34:16 sendEvent [8.19] [resp] [admin] [setReadyMessage] [,,dot,msg_adtReady,,nirsv] [exception: stream_socket_client failed, errstr: Unable to find the socket transport "unix" - did you forget to enable it when you configured PHP?]
26.02.19 00:34:16 sendStatusDoc [warn] [sendEvent [8.19] [resp] [admin] [setReadyMessage] [,,dot,msg_adtReady,,nirsv] [exception: stream_socket_client failed, errstr: Unable to find the socket transport "unix" - did you forget to enable it when you configured PHP?]]
26.02.19 00:34:16 sendEvent [8.19] [resp] [admin] [startMultiTrials] [nirsv,tbgt,trial,0,1,2,1,1,admin,Santiago_Morales] [exception: stream_socket_client failed, errstr: Unable to find the socket transport "unix" - did you forget to enable it when you configured PHP?]
26.02.19 00:34:16 sendStatusDoc [warn] [sendEvent [8.19] [resp] [admin] [startMultiTrials] [nirsv,tbgt,trial,0,1,2,1,1,admin,Santiago_Morales] [exception: stream_socket_client failed, errstr: Unable to find the socket transport "unix" - did you forget to enable it when you configured PHP?]]
26.02.19 00:34:29 sendEvent [8.19] [cntr] [admin] [trialStarted] [nirsv,tbgt,,1771461269011] [exception: stream_socket_client failed, errstr: Unable to find the socket transport "unix" - did you forget to enable it when you configured PHP?]
26.02.19 00:34:29 sendStatusDoc [warn] [sendEvent [8.19] [cntr] [admin] [trialStarted] [nirsv,tbgt,,1771461269011] [exception: stream_socket_client failed, errstr: Unable to find the socket transport "unix" - did you forget to enable it when you configured PHP?]]
26.02.19 00:34:29 sendEvent [8.19] [cntr] [admin] [gameStarted] [snowflake] [exception: stream_socket_client failed, errstr: Unable to find the socket transport "unix" - did you forget to enable it when you configured PHP?]
26.02.19 00:34:29 sendStatusDoc [warn] [sendEvent [8.19] [cntr] [admin] [gameStarted] [snowflake] [exception: stream_socket_client failed, errstr: Unable to find the socket transport "unix" - did you forget to enable it when you configured PHP?]]
26.02.19 00:34:43 sendEvent [8.19] [cntr] [admin] [trialResult] [admin,1,2,nirsv,1,0,1771461269012,tbgt,trial,1,,1,0,0,13918,,,0,0,0,0,0] [exception: stream_socket_client failed, errstr: Unable to find the socket transport "unix" - did you forget to enable it when you configured PHP?]
26.02.19 00:34:43 sendStatusDoc [warn] [sendEvent [8.19] [cntr] [admin] [trialResult] [admin,1,2,nirsv,1,0,1771461269012,tbgt,trial,1,,1,0,0,13918,,,0,0,0,0,0] [exception: stream_socket_client failed, errstr: Unable to find the socket transport "unix" - did you forget to enable it when you configured PHP?]]
26.02.19 00:34:43 sendEvent [8.19] [cntr] [admin] [trialEnded] [] [exception: stream_socket_client failed, errstr: Unable to find the socket transport "unix" - did you forget to enable it when you configured PHP?]
26.02.19 00:34:43 sendStatusDoc [warn] [sendEvent [8.19] [cntr] [admin] [trialEnded] [] [exception: stream_socket_client failed, errstr: Unable to find the socket transport "unix" - did you forget to enable it when you configured PHP?]]
26.02.19 00:34:57 sendEvent [8.19] [resp] [admin] [endTrials] [nirsv,tspt] [exception: stream_socket_client failed, errstr: Unable to find the socket transport "unix" - did you forget to enable it when you configured PHP?]
26.02.19 00:34:57 sendStatusDoc [warn] [sendEvent [8.19] [resp] [admin] [endTrials] [nirsv,tspt] [exception: stream_socket_client failed, errstr: Unable to find the socket transport "unix" - did you forget to enable it when you configured PHP?]]
26.02.19 00:34:57 sendEvent [8.19] [resp] [admin] [endTrials] [nirsv,tspt] [exception: stream_socket_client failed, errstr: Unable to find the socket transport "unix" - did you forget to enable it when you configured PHP?]
26.02.19 00:34:57 sendStatusDoc [warn] [sendEvent [8.19] [resp] [admin] [endTrials] [nirsv,tspt] [exception: stream_socket_client failed, errstr: Unable to find the socket transport "unix" - did you forget to enable it when you configured PHP?]]
26.02.19 00:34:58 sendEvent [8.19] [resp] [admin] [endTrials] [nirsv,tspt] [exception: stream_socket_client failed, errstr: Unable to find the socket transport "unix" - did you forget to enable it when you configured PHP?]
26.02.19 00:34:58 sendStatusDoc [warn] [sendEvent [8.19] [resp] [admin] [endTrials] [nirsv,tspt] [exception: stream_socket_client failed, errstr: Unable to find the socket transport "unix" - did you forget to enable it when you configured PHP?]]
26.02.19 00:34:59 sendEvent [8.19] [resp] [admin] [endTrials] [nirsv,tspt] [exception: stream_socket_client failed, errstr: Unable to find the socket transport "unix" - did you forget to enable it when you configured PHP?]
26.02.19 00:34:59 sendStatusDoc [warn] [sendEvent [8.19] [resp] [admin] [endTrials] [nirsv,tspt] [exception: stream_socket_client failed, errstr: Unable to find the socket transport "unix" - did you forget to enable it when you configured PHP?]]
26.02.19 00:35:33 sendEvent [8.19] [resp] [admin] [setReadyMessage] [,,dot,msg_adtReady,,nirsv] [exception: stream_socket_client failed, errstr: Unable to find the socket transport "unix" - did you forget to enable it when you configured PHP?]
26.02.19 00:35:33 sendStatusDoc [warn] [sendEvent [8.19] [resp] [admin] [setReadyMessage] [,,dot,msg_adtReady,,nirsv] [exception: stream_socket_client failed, errstr: Unable to find the socket transport "unix" - did you forget to enable it when you configured PHP?]]
26.02.19 00:35:33 sendEvent [8.19] [resp] [admin] [startMultiTrials] [nirsv,tbgb,trial,0,1,2,1,1,admin,Santiago_Morales] [exception: stream_socket_client failed, errstr: Unable to find the socket transport "unix" - did you forget to enable it when you configured PHP?]
26.02.19 00:35:33 sendStatusDoc [warn] [sendEvent [8.19] [resp] [admin] [startMultiTrials] [nirsv,tbgb,trial,0,1,2,1,1,admin,Santiago_Morales] [exception: stream_socket_client failed, errstr: Unable to find the socket transport "unix" - did you forget to enable it when you configured PHP?]]
26.02.19 00:35:36 sendEvent [8.19] [cntr] [admin] [gameStarted] [snowflake] [exception: stream_socket_client failed, errstr: Unable to find the socket transport "unix" - did you forget to enable it when you configured PHP?]
26.02.19 00:35:36 sendStatusDoc [warn] [sendEvent [8.19] [cntr] [admin] [gameStarted] [snowflake] [exception: stream_socket_client failed, errstr: Unable to find the socket transport "unix" - did you forget to enable it when you configured PHP?]]
26.02.19 00:35:36 sendEvent [8.19] [cntr] [admin] [trialStarted] [nirsv,tbgb,,1771461335756] [exception: stream_socket_client failed, errstr: Unable to find the socket transport "unix" - did you forget to enable it when you configured PHP?]
26.02.19 00:35:36 sendStatusDoc [warn] [sendEvent [8.19] [cntr] [admin] [trialStarted] [nirsv,tbgb,,1771461335756] [exception: stream_socket_client failed, errstr: Unable to find the socket transport "unix" - did you forget to enable it when you configured PHP?]]
26.02.19 00:35:47 sendEvent [8.19] [cntr] [admin] [trialResult] [admin,1,2,nirsv,1,0,1771461335757,tbgb,trial,1,,1,0,0,11418,,,0,0,0,0,0] [exception: stream_socket_client failed, errstr: Unable to find the socket transport "unix" - did you forget to enable it when you configured PHP?]
26.02.19 00:35:47 sendStatusDoc [warn] [sendEvent [8.19] [cntr] [admin] [trialResult] [admin,1,2,nirsv,1,0,1771461335757,tbgb,trial,1,,1,0,0,11418,,,0,0,0,0,0] [exception: stream_socket_client failed, errstr: Unable to find the socket transport "unix" - did you forget to enable it when you configured PHP?]]
26.02.19 00:35:47 sendEvent [8.19] [cntr] [admin] [trialEnded] [] [exception: stream_socket_client failed, errstr: Unable to find the socket transport "unix" - did you forget to enable it when you configured PHP?]
26.02.19 00:35:47 sendStatusDoc [warn] [sendEvent [8.19] [cntr] [admin] [trialEnded] [] [exception: stream_socket_client failed, errstr: Unable to find the socket transport "unix" - did you forget to enable it when you configured PHP?]]
26.02.19 00:37:50 sendEvent [8.19] [resp] [admin] [setReadyMessage] [,,dot,msg_adtReady,,nirsh] [exception: stream_socket_client failed, errstr: Unable to find the socket transport "unix" - did you forget to enable it when you configured PHP?]
26.02.19 00:37:50 sendStatusDoc [warn] [sendEvent [8.19] [resp] [admin] [setReadyMessage] [,,dot,msg_adtReady,,nirsh] [exception: stream_socket_client failed, errstr: Unable to find the socket transport "unix" - did you forget to enable it when you configured PHP?]]
26.02.19 00:37:50 sendEvent [8.19] [resp] [admin] [startMultiTrials] [nirsh,tbvla,trial,0,1,2,1,1,admin,Santiago_Morales] [exception: stream_socket_client failed, errstr: Unable to find the socket transport "unix" - did you forget to enable it when you configured PHP?]
26.02.19 00:37:50 sendStatusDoc [warn] [sendEvent [8.19] [resp] [admin] [startMultiTrials] [nirsh,tbvla,trial,0,1,2,1,1,admin,Santiago_Morales] [exception: stream_socket_client failed, errstr: Unable to find the socket transport "unix" - did you forget to enable it when you configured PHP?]]
26.02.19 00:38:00 sendEvent [8.19] [cntr] [admin] [trialStarted] [nirsh,tbvla,,1771461480583] [exception: stream_socket_client failed, errstr: Unable to find the socket transport "unix" - did you forget to enable it when you configured PHP?]
26.02.19 00:38:00 sendStatusDoc [warn] [sendEvent [8.19] [cntr] [admin] [trialStarted] [nirsh,tbvla,,1771461480583] [exception: stream_socket_client failed, errstr: Unable to find the socket transport "unix" - did you forget to enable it when you configured PHP?]]
26.02.19 00:38:13 sendEvent [8.19] [cntr] [admin] [trialResult] [admin,1,2,nirsh,1,0,1771461480583,tbvla,trial,1,,1,0,0,13014,,,0,0,0,0,0] [exception: stream_socket_client failed, errstr: Unable to find the socket transport "unix" - did you forget to enable it when you configured PHP?]
26.02.19 00:38:13 sendStatusDoc [warn] [sendEvent [8.19] [cntr] [admin] [trialResult] [admin,1,2,nirsh,1,0,1771461480583,tbvla,trial,1,,1,0,0,13014,,,0,0,0,0,0] [exception: stream_socket_client failed, errstr: Unable to find the socket transport "unix" - did you forget to enable it when you configured PHP?]]
26.02.19 00:38:14 sendEvent [8.19] [cntr] [admin] [trialEnded] [] [exception: stream_socket_client failed, errstr: Unable to find the socket transport "unix" - did you forget to enable it when you configured PHP?]
26.02.19 00:38:14 sendStatusDoc [warn] [sendEvent [8.19] [cntr] [admin] [trialEnded] [] [exception: stream_socket_client failed, errstr: Unable to find the socket transport "unix" - did you forget to enable it when you configured PHP?]]
26.02.19 00:38:14 sendEvent [8.19] [resp] [admin] [setReadyMessage] [,,dot,msg_adtReady,,nirsh] [exception: stream_socket_client failed, errstr: Unable to find the socket transport "unix" - did you forget to enable it when you configured PHP?]
26.02.19 00:38:14 sendStatusDoc [warn] [sendEvent [8.19] [resp] [admin] [setReadyMessage] [,,dot,msg_adtReady,,nirsh] [exception: stream_socket_client failed, errstr: Unable to find the socket transport "unix" - did you forget to enable it when you configured PHP?]]
26.02.19 00:38:14 sendEvent [8.19] [resp] [admin] [startMultiTrials] [nirsh,ctl2,trial,0,1,2,1,6,admin,Santiago_Morales] [exception: stream_socket_client failed, errstr: Unable to find the socket transport "unix" - did you forget to enable it when you configured PHP?]
26.02.19 00:38:14 sendStatusDoc [warn] [sendEvent [8.19] [resp] [admin] [startMultiTrials] [nirsh,ctl2,trial,0,1,2,1,6,admin,Santiago_Morales] [exception: stream_socket_client failed, errstr: Unable to find the socket transport "unix" - did you forget to enable it when you configured PHP?]]
26.02.19 00:44:17 sendEvent [8.19] [resp] [admin] [setReadyMessage] [msg_adtIntro1,msg_adtIntro2,dot,msg_adtReady,,adt] [exception: stream_socket_client failed, errstr: Unable to find the socket transport "unix" - did you forget to enable it when you configured PHP?]
26.02.19 00:44:17 sendStatusDoc [warn] [sendEvent [8.19] [resp] [admin] [setReadyMessage] [msg_adtIntro1,msg_adtIntro2,dot,msg_adtReady,,adt] [exception: stream_socket_client failed, errstr: Unable to find the socket transport "unix" - did you forget to enable it when you configured PHP?]]
26.02.19 00:44:17 sendEvent [8.19] [resp] [admin] [startMultiTrials] [adt,ppt,trial,0,1,2,1,4,admin,Santiago_Morales] [exception: stream_socket_client failed, errstr: Unable to find the socket transport "unix" - did you forget to enable it when you configured PHP?]
26.02.19 00:44:17 sendStatusDoc [warn] [sendEvent [8.19] [resp] [admin] [startMultiTrials] [adt,ppt,trial,0,1,2,1,4,admin,Santiago_Morales] [exception: stream_socket_client failed, errstr: Unable to find the socket transport "unix" - did you forget to enable it when you configured PHP?]]
26.02.19 00:44:31 sendEvent [8.19] [cntr] [admin] [trialResult] [admin,1,2,adt,1,1771461863418,1771461863420,ppt,trial,1,,1,7942,7942,7942,top,,0,0,0,0,3] [exception: stream_socket_client failed, errstr: Unable to find the socket transport "unix" - did you forget to enable it when you configured PHP?]
26.02.19 00:44:31 sendStatusDoc [warn] [sendEvent [8.19] [cntr] [admin] [trialResult] [admin,1,2,adt,1,1771461863418,1771461863420,ppt,trial,1,,1,7942,7942,7942,top,,0,0,0,0,3] [exception: stream_socket_client failed, errstr: Unable to find the socket transport "unix" - did you forget to enable it when you configured PHP?]]
26.02.19 00:44:37 sendEvent [8.19] [cntr] [admin] [trialResult] [admin,1,2,adt,1,1771461875714,1771461875715,ppt,trial,2,,1,1086,1086,1086,top,,0,0,0,0,2] [exception: stream_socket_client failed, errstr: Unable to find the socket transport "unix" - did you forget to enable it when you configured PHP?]
26.02.19 00:44:37 sendStatusDoc [warn] [sendEvent [8.19] [cntr] [admin] [trialResult] [admin,1,2,adt,1,1771461875714,1771461875715,ppt,trial,2,,1,1086,1086,1086,top,,0,0,0,0,2] [exception: stream_socket_client failed, errstr: Unable to find the socket transport "unix" - did you forget to enable it when you configured PHP?]]
26.02.19 00:44:39 sendEvent [8.19] [cntr] [admin] [trialResult] [admin,1,2,adt,1,1771461877834,1771461877835,ppt,trial,3,,0,935,935,935,btm,,0,0,0,0,1] [exception: stream_socket_client failed, errstr: Unable to find the socket transport "unix" - did you forget to enable it when you configured PHP?]
26.02.19 00:44:39 sendStatusDoc [warn] [sendEvent [8.19] [cntr] [admin] [trialResult] [admin,1,2,adt,1,1771461877834,1771461877835,ppt,trial,3,,0,935,935,935,btm,,0,0,0,0,1] [exception: stream_socket_client failed, errstr: Unable to find the socket transport "unix" - did you forget to enable it when you configured PHP?]]
26.02.19 00:44:42 sendEvent [8.19] [cntr] [admin] [trialResult] [admin,1,2,adt,1,1771461880529,1771461880530,ppt,trial,4,,1,1240,1240,1240,top,,0,0,0,0,0] [exception: stream_socket_client failed, errstr: Unable to find the socket transport "unix" - did you forget to enable it when you configured PHP?]
26.02.19 00:44:42 sendStatusDoc [warn] [sendEvent [8.19] [cntr] [admin] [trialResult] [admin,1,2,adt,1,1771461880529,1771461880530,ppt,trial,4,,1,1240,1240,1240,top,,0,0,0,0,0] [exception: stream_socket_client failed, errstr: Unable to find the socket transport "unix" - did you forget to enable it when you configured PHP?]]
26.02.19 00:44:43 sendEvent [8.19] [cntr] [admin] [trialEnded] [] [exception: stream_socket_client failed, errstr: Unable to find the socket transport "unix" - did you forget to enable it when you configured PHP?]
26.02.19 00:44:43 sendStatusDoc [warn] [sendEvent [8.19] [cntr] [admin] [trialEnded] [] [exception: stream_socket_client failed, errstr: Unable to find the socket transport "unix" - did you forget to enable it when you configured PHP?]]
26.02.19 00:45:49 sendEvent [8.19] [resp] [admin] [endTrials] [adt,tspt] [exception: stream_socket_client failed, errstr: Unable to find the socket transport "unix" - did you forget to enable it when you configured PHP?]
26.02.19 00:45:49 sendStatusDoc [warn] [sendEvent [8.19] [resp] [admin] [endTrials] [adt,tspt] [exception: stream_socket_client failed, errstr: Unable to find the socket transport "unix" - did you forget to enable it when you configured PHP?]]
26.02.19 00:45:49 sendEvent [8.19] [resp] [admin] [endTrials] [adt,tspt] [exception: stream_socket_client failed, errstr: Unable to find the socket transport "unix" - did you forget to enable it when you configured PHP?]
26.02.19 00:45:49 sendStatusDoc [warn] [sendEvent [8.19] [resp] [admin] [endTrials] [adt,tspt] [exception: stream_socket_client failed, errstr: Unable to find the socket transport "unix" - did you forget to enable it when you configured PHP?]]
26.02.19 00:45:49 sendEvent [8.19] [cntr] [admin] [trialsEnded] [] [exception: stream_socket_client failed, errstr: Unable to find the socket transport "unix" - did you forget to enable it when you configured PHP?]
26.02.19 00:45:49 sendStatusDoc [warn] [sendEvent [8.19] [cntr] [admin] [trialsEnded] [] [exception: stream_socket_client failed, errstr: Unable to find the socket transport "unix" - did you forget to enable it when you configured PHP?]]
26.02.19 00:45:50 sendEvent [8.19] [cntr] [admin] [trialsEnded] [] [exception: stream_socket_client failed, errstr: Unable to find the socket transport "unix" - did you forget to enable it when you configured PHP?]
26.02.19 00:45:50 sendStatusDoc [warn] [sendEvent [8.19] [cntr] [admin] [trialsEnded] [] [exception: stream_socket_client failed, errstr: Unable to find the socket transport "unix" - did you forget to enable it when you configured PHP?]]
26.02.19 00:45:51 sendEvent [8.19] [resp] [admin] [endTest] [] [exception: stream_socket_client failed, errstr: Unable to find the socket transport "unix" - did you forget to enable it when you configured PHP?]
26.02.19 00:45:51 sendStatusDoc [warn] [sendEvent [8.19] [resp] [admin] [endTest] [] [exception: stream_socket_client failed, errstr: Unable to find the socket transport "unix" - did you forget to enable it when you configured PHP?]]
26.02.19 00:45:51 sendEvent [8.19] [cntr] [admin] [testEnded] [] [exception: stream_socket_client failed, errstr: Unable to find the socket transport "unix" - did you forget to enable it when you configured PHP?]
26.02.19 00:45:51 sendStatusDoc [warn] [sendEvent [8.19] [cntr] [admin] [testEnded] [] [exception: stream_socket_client failed, errstr: Unable to find the socket transport "unix" - did you forget to enable it when you configured PHP?]]
26.02.19 00:45:58 sendEvent [8.19] [resp] [admin] [setReadyMessage] [,,dot,msg_adtReady,,nirsv] [exception: stream_socket_client failed, errstr: Unable to find the socket transport "unix" - did you forget to enable it when you configured PHP?]
26.02.19 00:45:58 sendStatusDoc [warn] [sendEvent [8.19] [resp] [admin] [setReadyMessage] [,,dot,msg_adtReady,,nirsv] [exception: stream_socket_client failed, errstr: Unable to find the socket transport "unix" - did you forget to enable it when you configured PHP?]]
26.02.19 00:45:58 sendEvent [8.19] [resp] [admin] [startMultiTrials] [nirsv,tbgt,trial,0,1,2,1,1,admin,Santiago_Morales] [exception: stream_socket_client failed, errstr: Unable to find the socket transport "unix" - did you forget to enable it when you configured PHP?]
26.02.19 00:45:58 sendStatusDoc [warn] [sendEvent [8.19] [resp] [admin] [startMultiTrials] [nirsv,tbgt,trial,0,1,2,1,1,admin,Santiago_Morales] [exception: stream_socket_client failed, errstr: Unable to find the socket transport "unix" - did you forget to enable it when you configured PHP?]]
26.02.19 00:46:45 sendEvent [8.19] [resp] [admin] [setReadyMessage] [,,dot,msg_adtReady,,nirsv] [exception: stream_socket_client failed, errstr: Unable to find the socket transport "unix" - did you forget to enable it when you configured PHP?]
26.02.19 00:46:45 sendStatusDoc [warn] [sendEvent [8.19] [resp] [admin] [setReadyMessage] [,,dot,msg_adtReady,,nirsv] [exception: stream_socket_client failed, errstr: Unable to find the socket transport "unix" - did you forget to enable it when you configured PHP?]]
26.02.19 00:46:45 sendEvent [8.19] [resp] [admin] [startMultiTrials] [nirsv,tbgt,trial,0,1,2,1,1,admin,Santiago_Morales] [exception: stream_socket_client failed, errstr: Unable to find the socket transport "unix" - did you forget to enable it when you configured PHP?]
26.02.19 00:46:45 sendStatusDoc [warn] [sendEvent [8.19] [resp] [admin] [startMultiTrials] [nirsv,tbgt,trial,0,1,2,1,1,admin,Santiago_Morales] [exception: stream_socket_client failed, errstr: Unable to find the socket transport "unix" - did you forget to enable it when you configured PHP?]]
26.02.19 00:46:48 sendEvent [8.19] [cntr] [admin] [trialStarted] [nirsv,tbgt,,1771462008129] [exception: stream_socket_client failed, errstr: Unable to find the socket transport "unix" - did you forget to enable it when you configured PHP?]
26.02.19 00:46:48 sendStatusDoc [warn] [sendEvent [8.19] [cntr] [admin] [trialStarted] [nirsv,tbgt,,1771462008129] [exception: stream_socket_client failed, errstr: Unable to find the socket transport "unix" - did you forget to enable it when you configured PHP?]]
26.02.19 00:46:48 sendEvent [8.19] [cntr] [admin] [gameStarted] [snowflake] [exception: stream_socket_client failed, errstr: Unable to find the socket transport "unix" - did you forget to enable it when you configured PHP?]
26.02.19 00:46:48 sendStatusDoc [warn] [sendEvent [8.19] [cntr] [admin] [gameStarted] [snowflake] [exception: stream_socket_client failed, errstr: Unable to find the socket transport "unix" - did you forget to enable it when you configured PHP?]]
26.02.19 00:47:02 sendEvent [8.19] [cntr] [admin] [trialResult] [admin,1,2,nirsv,1,0,1771462008130,tbgt,trial,1,,1,0,0,13710,,,0,0,0,0,0] [exception: stream_socket_client failed, errstr: Unable to find the socket transport "unix" - did you forget to enable it when you configured PHP?]
26.02.19 00:47:02 sendStatusDoc [warn] [sendEvent [8.19] [cntr] [admin] [trialResult] [admin,1,2,nirsv,1,0,1771462008130,tbgt,trial,1,,1,0,0,13710,,,0,0,0,0,0] [exception: stream_socket_client failed, errstr: Unable to find the socket transport "unix" - did you forget to enable it when you configured PHP?]]
26.02.19 00:47:02 sendEvent [8.19] [cntr] [admin] [trialEnded] [] [exception: stream_socket_client failed, errstr: Unable to find the socket transport "unix" - did you forget to enable it when you configured PHP?]
26.02.19 00:47:02 sendStatusDoc [warn] [sendEvent [8.19] [cntr] [admin] [trialEnded] [] [exception: stream_socket_client failed, errstr: Unable to find the socket transport "unix" - did you forget to enable it when you configured PHP?]]
26.02.19 00:47:17 sendEvent [8.19] [resp] [admin] [endTrials] [nirsv,tspt] [exception: stream_socket_client failed, errstr: Unable to find the socket transport "unix" - did you forget to enable it when you configured PHP?]
26.02.19 00:47:17 sendStatusDoc [warn] [sendEvent [8.19] [resp] [admin] [endTrials] [nirsv,tspt] [exception: stream_socket_client failed, errstr: Unable to find the socket transport "unix" - did you forget to enable it when you configured PHP?]]
26.02.19 00:47:17 sendEvent [8.19] [resp] [admin] [endTrials] [nirsv,tspt] [exception: stream_socket_client failed, errstr: Unable to find the socket transport "unix" - did you forget to enable it when you configured PHP?]
26.02.19 00:47:17 sendStatusDoc [warn] [sendEvent [8.19] [resp] [admin] [endTrials] [nirsv,tspt] [exception: stream_socket_client failed, errstr: Unable to find the socket transport "unix" - did you forget to enable it when you configured PHP?]]
26.02.19 00:47:18 sendEvent [8.19] [resp] [admin] [endTrials] [nirsv,tspt] [exception: stream_socket_client failed, errstr: Unable to find the socket transport "unix" - did you forget to enable it when you configured PHP?]
26.02.19 00:47:18 sendStatusDoc [warn] [sendEvent [8.19] [resp] [admin] [endTrials] [nirsv,tspt] [exception: stream_socket_client failed, errstr: Unable to find the socket transport "unix" - did you forget to enable it when you configured PHP?]]
26.02.19 00:47:18 sendEvent [8.19] [resp] [admin] [endTrials] [nirsv,tspt] [exception: stream_socket_client failed, errstr: Unable to find the socket transport "unix" - did you forget to enable it when you configured PHP?]
26.02.19 00:47:18 sendStatusDoc [warn] [sendEvent [8.19] [resp] [admin] [endTrials] [nirsv,tspt] [exception: stream_socket_client failed, errstr: Unable to find the socket transport "unix" - did you forget to enable it when you configured PHP?]]
26.02.19 00:47:19 sendEvent [8.19] [resp] [admin] [endTrials] [nirsv,tspt] [exception: stream_socket_client failed, errstr: Unable to find the socket transport "unix" - did you forget to enable it when you configured PHP?]
26.02.19 00:47:19 sendStatusDoc [warn] [sendEvent [8.19] [resp] [admin] [endTrials] [nirsv,tspt] [exception: stream_socket_client failed, errstr: Unable to find the socket transport "unix" - did you forget to enable it when you configured PHP?]]
26.02.19 00:47:20 sendEvent [8.19] [resp] [admin] [endTrials] [nirsv,tspt] [exception: stream_socket_client failed, errstr: Unable to find the socket transport "unix" - did you forget to enable it when you configured PHP?]
26.02.19 00:47:20 sendStatusDoc [warn] [sendEvent [8.19] [resp] [admin] [endTrials] [nirsv,tspt] [exception: stream_socket_client failed, errstr: Unable to find the socket transport "unix" - did you forget to enable it when you configured PHP?]]
26.02.24 17:42:05 sendEvent [8.19] [resp] [admin] [setReadyMessage] [,,dot,msg_adtReady,,nirsh] [exception: stream_socket_client failed, errstr: Unable to find the socket transport "unix" - did you forget to enable it when you configured PHP?]
26.02.24 17:42:05 sendStatusDoc [warn] [sendEvent [8.19] [resp] [admin] [setReadyMessage] [,,dot,msg_adtReady,,nirsh] [exception: stream_socket_client failed, errstr: Unable to find the socket transport "unix" - did you forget to enable it when you configured PHP?]]
26.02.24 17:42:05 sendEvent [8.19] [resp] [admin] [startMultiTrials] [nirsh,tbvla,trial,0,1,2,1,1,admin,Santiago_Morales] [exception: stream_socket_client failed, errstr: Unable to find the socket transport "unix" - did you forget to enable it when you configured PHP?]
26.02.24 17:42:05 sendStatusDoc [warn] [sendEvent [8.19] [resp] [admin] [startMultiTrials] [nirsh,tbvla,trial,0,1,2,1,1,admin,Santiago_Morales] [exception: stream_socket_client failed, errstr: Unable to find the socket transport "unix" - did you forget to enable it when you configured PHP?]]
26.02.24 17:42:32 sendEvent [8.19] [cntr] [admin] [trialStarted] [nirsh,tbvla,,1771954952110] [exception: stream_socket_client failed, errstr: Unable to find the socket transport "unix" - did you forget to enable it when you configured PHP?]
26.02.24 17:42:32 sendStatusDoc [warn] [sendEvent [8.19] [cntr] [admin] [trialStarted] [nirsh,tbvla,,1771954952110] [exception: stream_socket_client failed, errstr: Unable to find the socket transport "unix" - did you forget to enable it when you configured PHP?]]
26.02.24 17:42:46 sendEvent [8.19] [cntr] [admin] [trialResult] [admin,1,2,nirsh,1,0,1771954952111,tbvla,trial,1,,1,0,0,14548,,,0,0,0,0,0] [exception: stream_socket_client failed, errstr: Unable to find the socket transport "unix" - did you forget to enable it when you configured PHP?]
26.02.24 17:42:46 sendStatusDoc [warn] [sendEvent [8.19] [cntr] [admin] [trialResult] [admin,1,2,nirsh,1,0,1771954952111,tbvla,trial,1,,1,0,0,14548,,,0,0,0,0,0] [exception: stream_socket_client failed, errstr: Unable to find the socket transport "unix" - did you forget to enable it when you configured PHP?]]
26.02.24 17:42:47 sendEvent [8.19] [cntr] [admin] [trialEnded] [] [exception: stream_socket_client failed, errstr: Unable to find the socket transport "unix" - did you forget to enable it when you configured PHP?]
26.02.24 17:42:47 sendStatusDoc [warn] [sendEvent [8.19] [cntr] [admin] [trialEnded] [] [exception: stream_socket_client failed, errstr: Unable to find the socket transport "unix" - did you forget to enable it when you configured PHP?]]
26.02.24 17:42:47 sendEvent [8.19] [resp] [admin] [setReadyMessage] [,,dot,msg_adtReady,,nirsh] [exception: stream_socket_client failed, errstr: Unable to find the socket transport "unix" - did you forget to enable it when you configured PHP?]
26.02.24 17:42:47 sendStatusDoc [warn] [sendEvent [8.19] [resp] [admin] [setReadyMessage] [,,dot,msg_adtReady,,nirsh] [exception: stream_socket_client failed, errstr: Unable to find the socket transport "unix" - did you forget to enable it when you configured PHP?]]
26.02.24 17:42:47 sendEvent [8.19] [resp] [admin] [startMultiTrials] [nirsh,ctl2,trial,0,1,2,1,6,admin,Santiago_Morales] [exception: stream_socket_client failed, errstr: Unable to find the socket transport "unix" - did you forget to enable it when you configured PHP?]
26.02.24 17:42:47 sendStatusDoc [warn] [sendEvent [8.19] [resp] [admin] [startMultiTrials] [nirsh,ctl2,trial,0,1,2,1,6,admin,Santiago_Morales] [exception: stream_socket_client failed, errstr: Unable to find the socket transport "unix" - did you forget to enable it when you configured PHP?]]
26.02.24 17:42:58 sendEvent [8.19] [resp] [admin] [setReadyMessage] [,,dot,msg_adtReady,,nirsh] [exception: stream_socket_client failed, errstr: Unable to find the socket transport "unix" - did you forget to enable it when you configured PHP?]
26.02.24 17:42:58 sendStatusDoc [warn] [sendEvent [8.19] [resp] [admin] [setReadyMessage] [,,dot,msg_adtReady,,nirsh] [exception: stream_socket_client failed, errstr: Unable to find the socket transport "unix" - did you forget to enable it when you configured PHP?]]
26.02.24 17:42:58 sendEvent [8.19] [resp] [admin] [startMultiTrials] [nirsh,tbvla,trial,1,1,2,1,1,admin,Santiago_Morales] [exception: stream_socket_client failed, errstr: Unable to find the socket transport "unix" - did you forget to enable it when you configured PHP?]
26.02.24 17:42:58 sendStatusDoc [warn] [sendEvent [8.19] [resp] [admin] [startMultiTrials] [nirsh,tbvla,trial,1,1,2,1,1,admin,Santiago_Morales] [exception: stream_socket_client failed, errstr: Unable to find the socket transport "unix" - did you forget to enable it when you configured PHP?]]
26.02.24 17:43:26 sendEvent [8.19] [resp] [admin] [setReadyMessage] [,,dot,msg_adtReady,,nirsh] [exception: stream_socket_client failed, errstr: Unable to find the socket transport "unix" - did you forget to enable it when you configured PHP?]
26.02.24 17:43:26 sendStatusDoc [warn] [sendEvent [8.19] [resp] [admin] [setReadyMessage] [,,dot,msg_adtReady,,nirsh] [exception: stream_socket_client failed, errstr: Unable to find the socket transport "unix" - did you forget to enable it when you configured PHP?]]
26.02.24 17:43:26 sendEvent [8.19] [resp] [admin] [startMultiTrials] [nirsh,tbvla,trial,0,1,2,1,1,admin,Santiago_Morales] [exception: stream_socket_client failed, errstr: Unable to find the socket transport "unix" - did you forget to enable it when you configured PHP?]
26.02.24 17:43:26 sendStatusDoc [warn] [sendEvent [8.19] [resp] [admin] [startMultiTrials] [nirsh,tbvla,trial,0,1,2,1,1,admin,Santiago_Morales] [exception: stream_socket_client failed, errstr: Unable to find the socket transport "unix" - did you forget to enable it when you configured PHP?]]
26.02.24 17:43:43 sendEvent [8.19] [cntr] [admin] [trialStarted] [nirsh,tbvla,,1771955022731] [exception: stream_socket_client failed, errstr: Unable to find the socket transport "unix" - did you forget to enable it when you configured PHP?]
26.02.24 17:43:43 sendStatusDoc [warn] [sendEvent [8.19] [cntr] [admin] [trialStarted] [nirsh,tbvla,,1771955022731] [exception: stream_socket_client failed, errstr: Unable to find the socket transport "unix" - did you forget to enable it when you configured PHP?]]
26.02.24 17:43:59 sendEvent [8.19] [cntr] [admin] [trialResult] [admin,1,2,nirsh,1,0,1771955022732,tbvla,trial,1,,1,0,0,15999,,,0,0,0,0,0] [exception: stream_socket_client failed, errstr: Unable to find the socket transport "unix" - did you forget to enable it when you configured PHP?]
26.02.24 17:43:59 sendStatusDoc [warn] [sendEvent [8.19] [cntr] [admin] [trialResult] [admin,1,2,nirsh,1,0,1771955022732,tbvla,trial,1,,1,0,0,15999,,,0,0,0,0,0] [exception: stream_socket_client failed, errstr: Unable to find the socket transport "unix" - did you forget to enable it when you configured PHP?]]
26.02.24 17:43:59 sendEvent [8.19] [cntr] [admin] [trialEnded] [] [exception: stream_socket_client failed, errstr: Unable to find the socket transport "unix" - did you forget to enable it when you configured PHP?]
26.02.24 17:43:59 sendStatusDoc [warn] [sendEvent [8.19] [cntr] [admin] [trialEnded] [] [exception: stream_socket_client failed, errstr: Unable to find the socket transport "unix" - did you forget to enable it when you configured PHP?]]
26.02.24 17:43:59 sendEvent [8.19] [resp] [admin] [setReadyMessage] [,,dot,msg_adtReady,,nirsh] [exception: stream_socket_client failed, errstr: Unable to find the socket transport "unix" - did you forget to enable it when you configured PHP?]
26.02.24 17:43:59 sendStatusDoc [warn] [sendEvent [8.19] [resp] [admin] [setReadyMessage] [,,dot,msg_adtReady,,nirsh] [exception: stream_socket_client failed, errstr: Unable to find the socket transport "unix" - did you forget to enable it when you configured PHP?]]
26.02.24 17:43:59 sendEvent [8.19] [resp] [admin] [startMultiTrials] [nirsh,ctl2,trial,0,1,2,1,6,admin,Santiago_Morales] [exception: stream_socket_client failed, errstr: Unable to find the socket transport "unix" - did you forget to enable it when you configured PHP?]
26.02.24 17:43:59 sendStatusDoc [warn] [sendEvent [8.19] [resp] [admin] [startMultiTrials] [nirsh,ctl2,trial,0,1,2,1,6,admin,Santiago_Morales] [exception: stream_socket_client failed, errstr: Unable to find the socket transport "unix" - did you forget to enable it when you configured PHP?]]
26.02.24 17:47:11 sendEvent [8.19] [resp] [admin] [endTrials] [nirsh,tspl] [exception: stream_socket_client failed, errstr: Unable to find the socket transport "unix" - did you forget to enable it when you configured PHP?]
26.02.24 17:47:11 sendStatusDoc [warn] [sendEvent [8.19] [resp] [admin] [endTrials] [nirsh,tspl] [exception: stream_socket_client failed, errstr: Unable to find the socket transport "unix" - did you forget to enable it when you configured PHP?]]
26.02.24 17:47:11 sendEvent [8.19] [resp] [admin] [endTrials] [nirsh,tspl] [exception: stream_socket_client failed, errstr: Unable to find the socket transport "unix" - did you forget to enable it when you configured PHP?]
26.02.24 17:47:11 sendStatusDoc [warn] [sendEvent [8.19] [resp] [admin] [endTrials] [nirsh,tspl] [exception: stream_socket_client failed, errstr: Unable to find the socket transport "unix" - did you forget to enable it when you configured PHP?]]
26.02.24 17:47:12 sendEvent [8.19] [resp] [admin] [endTrials] [nirsh,tspl] [exception: stream_socket_client failed, errstr: Unable to find the socket transport "unix" - did you forget to enable it when you configured PHP?]
26.02.24 17:47:12 sendStatusDoc [warn] [sendEvent [8.19] [resp] [admin] [endTrials] [nirsh,tspl] [exception: stream_socket_client failed, errstr: Unable to find the socket transport "unix" - did you forget to enable it when you configured PHP?]]
26.02.24 17:47:13 sendEvent [8.19] [resp] [admin] [endTrials] [nirsh,tspl] [exception: stream_socket_client failed, errstr: Unable to find the socket transport "unix" - did you forget to enable it when you configured PHP?]
26.02.24 17:47:13 sendStatusDoc [warn] [sendEvent [8.19] [resp] [admin] [endTrials] [nirsh,tspl] [exception: stream_socket_client failed, errstr: Unable to find the socket transport "unix" - did you forget to enable it when you configured PHP?]]
26.02.24 17:47:46 sendEvent [8.19] [resp] [admin] [setReadyMessage] [,,dot,msg_adtReady,,nirsh] [exception: stream_socket_client failed, errstr: Unable to find the socket transport "unix" - did you forget to enable it when you configured PHP?]
26.02.24 17:47:46 sendStatusDoc [warn] [sendEvent [8.19] [resp] [admin] [setReadyMessage] [,,dot,msg_adtReady,,nirsh] [exception: stream_socket_client failed, errstr: Unable to find the socket transport "unix" - did you forget to enable it when you configured PHP?]]
26.02.24 17:47:46 sendEvent [8.19] [resp] [admin] [startMultiTrials] [nirsh,ctl2,trial,0,1,2,1,6,admin,Santiago_Morales] [exception: stream_socket_client failed, errstr: Unable to find the socket transport "unix" - did you forget to enable it when you configured PHP?]
26.02.24 17:47:46 sendStatusDoc [warn] [sendEvent [8.19] [resp] [admin] [startMultiTrials] [nirsh,ctl2,trial,0,1,2,1,6,admin,Santiago_Morales] [exception: stream_socket_client failed, errstr: Unable to find the socket transport "unix" - did you forget to enable it when you configured PHP?]]
26.02.24 17:48:03 sendEvent [8.19] [cntr] [admin] [trialResult] [admin,1,2,nirsh,1,1771955281358,1771955281360,ctl2,trial,1,prpt,1,1306,1306,1306,lft,elephant,0,0,0,0,5] [exception: stream_socket_client failed, errstr: Unable to find the socket transport "unix" - did you forget to enable it when you configured PHP?]
26.02.24 17:48:03 sendStatusDoc [warn] [sendEvent [8.19] [cntr] [admin] [trialResult] [admin,1,2,nirsh,1,1771955281358,1771955281360,ctl2,trial,1,prpt,1,1306,1306,1306,lft,elephant,0,0,0,0,5] [exception: stream_socket_client failed, errstr: Unable to find the socket transport "unix" - did you forget to enable it when you configured PHP?]]
26.02.24 17:48:09 sendEvent [8.19] [cntr] [admin] [trialResult] [admin,1,2,nirsh,1,1771955288188,1771955288189,ctl2,trial,2,prpt,1,1168,1168,1168,lft,elephant2,0,0,0,0,4] [exception: stream_socket_client failed, errstr: Unable to find the socket transport "unix" - did you forget to enable it when you configured PHP?]
26.02.24 17:48:09 sendStatusDoc [warn] [sendEvent [8.19] [cntr] [admin] [trialResult] [admin,1,2,nirsh,1,1771955288188,1771955288189,ctl2,trial,2,prpt,1,1168,1168,1168,lft,elephant2,0,0,0,0,4] [exception: stream_socket_client failed, errstr: Unable to find the socket transport "unix" - did you forget to enable it when you configured PHP?]]
26.02.24 17:48:16 sendEvent [8.19] [cntr] [admin] [trialResult] [admin,1,2,nirsh,1,1771955294895,1771955294897,ctl2,trial,3,prpt,1,1170,1170,1170,lft,flower,0,0,0,0,3] [exception: stream_socket_client failed, errstr: Unable to find the socket transport "unix" - did you forget to enable it when you configured PHP?]
26.02.24 17:48:16 sendStatusDoc [warn] [sendEvent [8.19] [cntr] [admin] [trialResult] [admin,1,2,nirsh,1,1771955294895,1771955294897,ctl2,trial,3,prpt,1,1170,1170,1170,lft,flower,0,0,0,0,3] [exception: stream_socket_client failed, errstr: Unable to find the socket transport "unix" - did you forget to enable it when you configured PHP?]]
26.02.24 17:48:23 sendEvent [8.19] [cntr] [admin] [trialResult] [admin,1,2,nirsh,1,1771955302116,1771955302119,ctl2,trial,4,prpt,1,1153,1153,1153,lft,flower,0,0,0,0,2] [exception: stream_socket_client failed, errstr: Unable to find the socket transport "unix" - did you forget to enable it when you configured PHP?]
26.02.24 17:48:23 sendStatusDoc [warn] [sendEvent [8.19] [cntr] [admin] [trialResult] [admin,1,2,nirsh,1,1771955302116,1771955302119,ctl2,trial,4,prpt,1,1153,1153,1153,lft,flower,0,0,0,0,2] [exception: stream_socket_client failed, errstr: Unable to find the socket transport "unix" - did you forget to enable it when you configured PHP?]]
26.02.24 17:48:30 sendEvent [8.19] [cntr] [admin] [trialResult] [admin,1,2,nirsh,1,1771955309302,1771955309305,ctl2,trial,5,prpt,1,1114,1114,1114,lft,owl,0,0,0,0,1] [exception: stream_socket_client failed, errstr: Unable to find the socket transport "unix" - did you forget to enable it when you configured PHP?]
26.02.24 17:48:30 sendStatusDoc [warn] [sendEvent [8.19] [cntr] [admin] [trialResult] [admin,1,2,nirsh,1,1771955309302,1771955309305,ctl2,trial,5,prpt,1,1114,1114,1114,lft,owl,0,0,0,0,1] [exception: stream_socket_client failed, errstr: Unable to find the socket transport "unix" - did you forget to enable it when you configured PHP?]]
26.02.24 17:48:37 sendEvent [8.19] [cntr] [admin] [trialResult] [admin,1,2,nirsh,1,1771955316094,1771955316097,ctl2,trial,6,prpt,1,1088,1088,1088,lft,apple,0,0,0,0,0] [exception: stream_socket_client failed, errstr: Unable to find the socket transport "unix" - did you forget to enable it when you configured PHP?]
26.02.24 17:48:37 sendStatusDoc [warn] [sendEvent [8.19] [cntr] [admin] [trialResult] [admin,1,2,nirsh,1,1771955316094,1771955316097,ctl2,trial,6,prpt,1,1088,1088,1088,lft,apple,0,0,0,0,0] [exception: stream_socket_client failed, errstr: Unable to find the socket transport "unix" - did you forget to enable it when you configured PHP?]]
26.02.24 17:48:37 sendEvent [8.19] [resp] [admin] [setReadyMessage] [,,dot,msg_adtReady,,nirsh] [exception: stream_socket_client failed, errstr: Unable to find the socket transport "unix" - did you forget to enable it when you configured PHP?]
26.02.24 17:48:37 sendStatusDoc [warn] [sendEvent [8.19] [resp] [admin] [setReadyMessage] [,,dot,msg_adtReady,,nirsh] [exception: stream_socket_client failed, errstr: Unable to find the socket transport "unix" - did you forget to enable it when you configured PHP?]]
26.02.24 17:48:37 sendEvent [8.19] [resp] [admin] [startMultiTrials] [nirsh,tbvlb,trial,0,1,2,1,1,admin,Santiago_Morales] [exception: stream_socket_client failed, errstr: Unable to find the socket transport "unix" - did you forget to enable it when you configured PHP?]
26.02.24 17:48:37 sendStatusDoc [warn] [sendEvent [8.19] [resp] [admin] [startMultiTrials] [nirsh,tbvlb,trial,0,1,2,1,1,admin,Santiago_Morales] [exception: stream_socket_client failed, errstr: Unable to find the socket transport "unix" - did you forget to enable it when you configured PHP?]]
26.02.24 17:48:42 sendEvent [8.19] [cntr] [admin] [trialEnded] [] [exception: stream_socket_client failed, errstr: Unable to find the socket transport "unix" - did you forget to enable it when you configured PHP?]
26.02.24 17:48:42 sendStatusDoc [warn] [sendEvent [8.19] [cntr] [admin] [trialEnded] [] [exception: stream_socket_client failed, errstr: Unable to find the socket transport "unix" - did you forget to enable it when you configured PHP?]]
26.02.24 17:49:24 sendEvent [8.19] [resp] [admin] [setReadyMessage] [,,dot,msg_adtReady,,nirsh] [exception: stream_socket_client failed, errstr: Unable to find the socket transport "unix" - did you forget to enable it when you configured PHP?]
26.02.24 17:49:24 sendStatusDoc [warn] [sendEvent [8.19] [resp] [admin] [setReadyMessage] [,,dot,msg_adtReady,,nirsh] [exception: stream_socket_client failed, errstr: Unable to find the socket transport "unix" - did you forget to enable it when you configured PHP?]]
26.02.24 17:49:24 sendEvent [8.19] [resp] [admin] [startMultiTrials] [nirsh,ctl2,trial,6,1,2,1,6,admin,Santiago_Morales] [exception: stream_socket_client failed, errstr: Unable to find the socket transport "unix" - did you forget to enable it when you configured PHP?]
26.02.24 17:49:24 sendStatusDoc [warn] [sendEvent [8.19] [resp] [admin] [startMultiTrials] [nirsh,ctl2,trial,6,1,2,1,6,admin,Santiago_Morales] [exception: stream_socket_client failed, errstr: Unable to find the socket transport "unix" - did you forget to enable it when you configured PHP?]]
26.02.24 17:50:15 sendEvent [8.19] [resp] [admin] [setReadyMessage] [,,dot,msg_adtReady,,nirsh] [exception: stream_socket_client failed, errstr: Unable to find the socket transport "unix" - did you forget to enable it when you configured PHP?]
26.02.24 17:50:15 sendStatusDoc [warn] [sendEvent [8.19] [resp] [admin] [setReadyMessage] [,,dot,msg_adtReady,,nirsh] [exception: stream_socket_client failed, errstr: Unable to find the socket transport "unix" - did you forget to enable it when you configured PHP?]]
26.02.24 17:50:16 sendEvent [8.19] [resp] [admin] [startMultiTrials] [nirsh,tbvlb,trial,0,1,2,1,1,admin,Santiago_Morales] [exception: stream_socket_client failed, errstr: Unable to find the socket transport "unix" - did you forget to enable it when you configured PHP?]
26.02.24 17:50:16 sendStatusDoc [warn] [sendEvent [8.19] [resp] [admin] [startMultiTrials] [nirsh,tbvlb,trial,0,1,2,1,1,admin,Santiago_Morales] [exception: stream_socket_client failed, errstr: Unable to find the socket transport "unix" - did you forget to enable it when you configured PHP?]]
26.02.24 17:50:34 sendEvent [8.19] [cntr] [admin] [trialStarted] [nirsh,tbvlb,,1771955434052] [exception: stream_socket_client failed, errstr: Unable to find the socket transport "unix" - did you forget to enable it when you configured PHP?]
26.02.24 17:50:34 sendStatusDoc [warn] [sendEvent [8.19] [cntr] [admin] [trialStarted] [nirsh,tbvlb,,1771955434052] [exception: stream_socket_client failed, errstr: Unable to find the socket transport "unix" - did you forget to enable it when you configured PHP?]]
26.02.24 17:50:46 sendEvent [8.19] [cntr] [admin] [trialResult] [admin,1,2,nirsh,1,0,1771955434053,tbvlb,trial,1,,1,0,0,12558,,,0,0,0,0,0] [exception: stream_socket_client failed, errstr: Unable to find the socket transport "unix" - did you forget to enable it when you configured PHP?]
26.02.24 17:50:46 sendStatusDoc [warn] [sendEvent [8.19] [cntr] [admin] [trialResult] [admin,1,2,nirsh,1,0,1771955434053,tbvlb,trial,1,,1,0,0,12558,,,0,0,0,0,0] [exception: stream_socket_client failed, errstr: Unable to find the socket transport "unix" - did you forget to enable it when you configured PHP?]]
26.02.24 17:50:47 sendEvent [8.19] [cntr] [admin] [trialEnded] [] [exception: stream_socket_client failed, errstr: Unable to find the socket transport "unix" - did you forget to enable it when you configured PHP?]
26.02.24 17:50:47 sendStatusDoc [warn] [sendEvent [8.19] [cntr] [admin] [trialEnded] [] [exception: stream_socket_client failed, errstr: Unable to find the socket transport "unix" - did you forget to enable it when you configured PHP?]]
26.02.24 17:50:47 sendEvent [8.19] [resp] [admin] [setReadyMessage] [,,dot,msg_adtReady,,nirsh] [exception: stream_socket_client failed, errstr: Unable to find the socket transport "unix" - did you forget to enable it when you configured PHP?]
26.02.24 17:50:47 sendStatusDoc [warn] [sendEvent [8.19] [resp] [admin] [setReadyMessage] [,,dot,msg_adtReady,,nirsh] [exception: stream_socket_client failed, errstr: Unable to find the socket transport "unix" - did you forget to enable it when you configured PHP?]]
26.02.24 17:50:47 sendEvent [8.19] [resp] [admin] [startMultiTrials] [nirsh,exl2,trial,0,1,2,1,6,admin,Santiago_Morales] [exception: stream_socket_client failed, errstr: Unable to find the socket transport "unix" - did you forget to enable it when you configured PHP?]
26.02.24 17:50:47 sendStatusDoc [warn] [sendEvent [8.19] [resp] [admin] [startMultiTrials] [nirsh,exl2,trial,0,1,2,1,6,admin,Santiago_Morales] [exception: stream_socket_client failed, errstr: Unable to find the socket transport "unix" - did you forget to enable it when you configured PHP?]]
26.02.24 17:53:04 sendEvent [8.19] [resp] [admin] [setReadyMessage] [,,dot,msg_adtReady,,nirsh] [exception: stream_socket_client failed, errstr: Unable to find the socket transport "unix" - did you forget to enable it when you configured PHP?]
26.02.24 17:53:04 sendStatusDoc [warn] [sendEvent [8.19] [resp] [admin] [setReadyMessage] [,,dot,msg_adtReady,,nirsh] [exception: stream_socket_client failed, errstr: Unable to find the socket transport "unix" - did you forget to enable it when you configured PHP?]]
26.02.24 17:53:04 sendEvent [8.19] [resp] [admin] [startMultiTrials] [nirsh,exl2,trial,0,1,2,1,6,admin,Santiago_Morales] [exception: stream_socket_client failed, errstr: Unable to find the socket transport "unix" - did you forget to enable it when you configured PHP?]
26.02.24 17:53:04 sendStatusDoc [warn] [sendEvent [8.19] [resp] [admin] [startMultiTrials] [nirsh,exl2,trial,0,1,2,1,6,admin,Santiago_Morales] [exception: stream_socket_client failed, errstr: Unable to find the socket transport "unix" - did you forget to enable it when you configured PHP?]]
26.02.24 17:53:29 sendEvent [8.19] [resp] [admin] [setReadyMessage] [,,dot,msg_adtReady,,nirsh] [exception: stream_socket_client failed, errstr: Unable to find the socket transport "unix" - did you forget to enable it when you configured PHP?]
26.02.24 17:53:29 sendStatusDoc [warn] [sendEvent [8.19] [resp] [admin] [setReadyMessage] [,,dot,msg_adtReady,,nirsh] [exception: stream_socket_client failed, errstr: Unable to find the socket transport "unix" - did you forget to enable it when you configured PHP?]]
26.02.24 17:53:29 sendEvent [8.19] [resp] [admin] [startMultiTrials] [nirsh,exl2,trial,0,1,2,1,6,admin,Santiago_Morales] [exception: stream_socket_client failed, errstr: Unable to find the socket transport "unix" - did you forget to enable it when you configured PHP?]
26.02.24 17:53:29 sendStatusDoc [warn] [sendEvent [8.19] [resp] [admin] [startMultiTrials] [nirsh,exl2,trial,0,1,2,1,6,admin,Santiago_Morales] [exception: stream_socket_client failed, errstr: Unable to find the socket transport "unix" - did you forget to enable it when you configured PHP?]]
26.02.24 17:53:43 sendEvent [8.19] [cntr] [admin] [trialResult] [admin,1,2,nirsh,1,1771955622476,1771955622478,exl2,trial,1,prpt,1,961,961,961,lft,elephant4,0,0,0,0,5] [exception: stream_socket_client failed, errstr: Unable to find the socket transport "unix" - did you forget to enable it when you configured PHP?]
26.02.24 17:53:43 sendStatusDoc [warn] [sendEvent [8.19] [cntr] [admin] [trialResult] [admin,1,2,nirsh,1,1771955622476,1771955622478,exl2,trial,1,prpt,1,961,961,961,lft,elephant4,0,0,0,0,5] [exception: stream_socket_client failed, errstr: Unable to find the socket transport "unix" - did you forget to enable it when you configured PHP?]]
26.02.24 17:53:50 sendEvent [8.19] [cntr] [admin] [trialResult] [admin,1,2,nirsh,1,1771955628846,1771955628847,exl2,trial,2,inhb,1,1109,1109,1109,rgt,elephant4,0,0,0,0,4] [exception: stream_socket_client failed, errstr: Unable to find the socket transport "unix" - did you forget to enable it when you configured PHP?]
26.02.24 17:53:50 sendStatusDoc [warn] [sendEvent [8.19] [cntr] [admin] [trialResult] [admin,1,2,nirsh,1,1771955628846,1771955628847,exl2,trial,2,inhb,1,1109,1109,1109,rgt,elephant4,0,0,0,0,4] [exception: stream_socket_client failed, errstr: Unable to find the socket transport "unix" - did you forget to enable it when you configured PHP?]]
26.02.24 17:53:56 sendEvent [8.19] [cntr] [admin] [trialResult] [admin,1,2,nirsh,1,1771955635615,1771955635617,exl2,trial,3,prpt,1,945,945,945,lft,flower,0,0,0,0,3] [exception: stream_socket_client failed, errstr: Unable to find the socket transport "unix" - did you forget to enable it when you configured PHP?]
26.02.24 17:53:56 sendStatusDoc [warn] [sendEvent [8.19] [cntr] [admin] [trialResult] [admin,1,2,nirsh,1,1771955635615,1771955635617,exl2,trial,3,prpt,1,945,945,945,lft,flower,0,0,0,0,3] [exception: stream_socket_client failed, errstr: Unable to find the socket transport "unix" - did you forget to enable it when you configured PHP?]]
26.02.24 17:54:03 sendEvent [8.19] [cntr] [admin] [trialResult] [admin,1,2,nirsh,1,1771955642095,1771955642097,exl2,trial,4,inhb,1,753,753,753,rgt,flower,0,0,0,0,2] [exception: stream_socket_client failed, errstr: Unable to find the socket transport "unix" - did you forget to enable it when you configured PHP?]
26.02.24 17:54:03 sendStatusDoc [warn] [sendEvent [8.19] [cntr] [admin] [trialResult] [admin,1,2,nirsh,1,1771955642095,1771955642097,exl2,trial,4,inhb,1,753,753,753,rgt,flower,0,0,0,0,2] [exception: stream_socket_client failed, errstr: Unable to find the socket transport "unix" - did you forget to enable it when you configured PHP?]]
26.02.24 17:54:10 sendEvent [8.19] [cntr] [admin] [trialResult] [admin,1,2,nirsh,1,1771955648946,1771955648949,exl2,trial,5,inhb,1,936,936,936,rgt,owl,0,0,0,0,1] [exception: stream_socket_client failed, errstr: Unable to find the socket transport "unix" - did you forget to enable it when you configured PHP?]
26.02.24 17:54:10 sendStatusDoc [warn] [sendEvent [8.19] [cntr] [admin] [trialResult] [admin,1,2,nirsh,1,1771955648946,1771955648949,exl2,trial,5,inhb,1,936,936,936,rgt,owl,0,0,0,0,1] [exception: stream_socket_client failed, errstr: Unable to find the socket transport "unix" - did you forget to enable it when you configured PHP?]]
26.02.24 17:54:16 sendEvent [8.19] [cntr] [admin] [trialResult] [admin,1,2,nirsh,1,1771955655174,1771955655176,exl2,trial,6,prpt,1,1046,1046,1046,lft,bus,0,0,0,0,0] [exception: stream_socket_client failed, errstr: Unable to find the socket transport "unix" - did you forget to enable it when you configured PHP?]
26.02.24 17:54:16 sendStatusDoc [warn] [sendEvent [8.19] [cntr] [admin] [trialResult] [admin,1,2,nirsh,1,1771955655174,1771955655176,exl2,trial,6,prpt,1,1046,1046,1046,lft,bus,0,0,0,0,0] [exception: stream_socket_client failed, errstr: Unable to find the socket transport "unix" - did you forget to enable it when you configured PHP?]]
26.02.24 17:54:17 sendEvent [8.19] [resp] [admin] [setReadyMessage] [,,dot,msg_adtReady,,nirsh] [exception: stream_socket_client failed, errstr: Unable to find the socket transport "unix" - did you forget to enable it when you configured PHP?]
26.02.24 17:54:17 sendStatusDoc [warn] [sendEvent [8.19] [resp] [admin] [setReadyMessage] [,,dot,msg_adtReady,,nirsh] [exception: stream_socket_client failed, errstr: Unable to find the socket transport "unix" - did you forget to enable it when you configured PHP?]]
26.02.24 17:54:17 sendEvent [8.19] [resp] [admin] [startMultiTrials] [nirsh,tbvla,trial,0,1,2,1,1,admin,Santiago_Morales] [exception: stream_socket_client failed, errstr: Unable to find the socket transport "unix" - did you forget to enable it when you configured PHP?]
26.02.24 17:54:17 sendStatusDoc [warn] [sendEvent [8.19] [resp] [admin] [startMultiTrials] [nirsh,tbvla,trial,0,1,2,1,1,admin,Santiago_Morales] [exception: stream_socket_client failed, errstr: Unable to find the socket transport "unix" - did you forget to enable it when you configured PHP?]]
26.02.24 17:54:21 sendEvent [8.19] [cntr] [admin] [trialEnded] [] [exception: stream_socket_client failed, errstr: Unable to find the socket transport "unix" - did you forget to enable it when you configured PHP?]
26.02.24 17:54:21 sendStatusDoc [warn] [sendEvent [8.19] [cntr] [admin] [trialEnded] [] [exception: stream_socket_client failed, errstr: Unable to find the socket transport "unix" - did you forget to enable it when you configured PHP?]]
26.02.24 18:12:41 sendEvent [8.19] [resp] [admin] [endTrials] [nirsh,tspl] [exception: stream_socket_client failed, errstr: Unable to find the socket transport "unix" - did you forget to enable it when you configured PHP?]
26.02.24 18:12:41 sendStatusDoc [warn] [sendEvent [8.19] [resp] [admin] [endTrials] [nirsh,tspl] [exception: stream_socket_client failed, errstr: Unable to find the socket transport "unix" - did you forget to enable it when you configured PHP?]]
26.02.24 18:12:41 sendEvent [8.19] [resp] [admin] [endTrials] [nirsh,tspl] [exception: stream_socket_client failed, errstr: Unable to find the socket transport "unix" - did you forget to enable it when you configured PHP?]
26.02.24 18:12:41 sendStatusDoc [warn] [sendEvent [8.19] [resp] [admin] [endTrials] [nirsh,tspl] [exception: stream_socket_client failed, errstr: Unable to find the socket transport "unix" - did you forget to enable it when you configured PHP?]]
26.02.24 18:12:42 sendEvent [8.19] [resp] [admin] [endTrials] [nirsh,tspl] [exception: stream_socket_client failed, errstr: Unable to find the socket transport "unix" - did you forget to enable it when you configured PHP?]
26.02.24 18:12:42 sendStatusDoc [warn] [sendEvent [8.19] [resp] [admin] [endTrials] [nirsh,tspl] [exception: stream_socket_client failed, errstr: Unable to find the socket transport "unix" - did you forget to enable it when you configured PHP?]]
26.02.24 18:12:42 sendEvent [8.19] [cntr] [admin] [trialsEnded] [] [exception: stream_socket_client failed, errstr: Unable to find the socket transport "unix" - did you forget to enable it when you configured PHP?]
26.02.24 18:12:42 sendStatusDoc [warn] [sendEvent [8.19] [cntr] [admin] [trialsEnded] [] [exception: stream_socket_client failed, errstr: Unable to find the socket transport "unix" - did you forget to enable it when you configured PHP?]]
26.02.24 18:12:42 sendEvent [8.19] [cntr] [admin] [trialsEnded] [] [exception: stream_socket_client failed, errstr: Unable to find the socket transport "unix" - did you forget to enable it when you configured PHP?]
26.02.24 18:12:42 sendStatusDoc [warn] [sendEvent [8.19] [cntr] [admin] [trialsEnded] [] [exception: stream_socket_client failed, errstr: Unable to find the socket transport "unix" - did you forget to enable it when you configured PHP?]]
26.02.24 18:12:43 sendEvent [8.19] [cntr] [admin] [trialsEnded] [] [exception: stream_socket_client failed, errstr: Unable to find the socket transport "unix" - did you forget to enable it when you configured PHP?]
26.02.24 18:12:43 sendStatusDoc [warn] [sendEvent [8.19] [cntr] [admin] [trialsEnded] [] [exception: stream_socket_client failed, errstr: Unable to find the socket transport "unix" - did you forget to enable it when you configured PHP?]]
26.02.24 18:12:44 sendEvent [8.19] [resp] [admin] [endTest] [] [exception: stream_socket_client failed, errstr: Unable to find the socket transport "unix" - did you forget to enable it when you configured PHP?]
26.02.24 18:12:44 sendStatusDoc [warn] [sendEvent [8.19] [resp] [admin] [endTest] [] [exception: stream_socket_client failed, errstr: Unable to find the socket transport "unix" - did you forget to enable it when you configured PHP?]]
26.02.24 18:12:46 sendEvent [8.19] [cntr] [admin] [testEnded] [] [exception: stream_socket_client failed, errstr: Unable to find the socket transport "unix" - did you forget to enable it when you configured PHP?]
26.02.24 18:12:46 sendStatusDoc [warn] [sendEvent [8.19] [cntr] [admin] [testEnded] [] [exception: stream_socket_client failed, errstr: Unable to find the socket transport "unix" - did you forget to enable it when you configured PHP?]]
26.02.24 18:12:58 sendEvent [8.19] [resp] [admin] [setReadyMessage] [,,dot,msg_adtReady,,48mn] [exception: stream_socket_client failed, errstr: Unable to find the socket transport "unix" - did you forget to enable it when you configured PHP?]
26.02.24 18:12:58 sendStatusDoc [warn] [sendEvent [8.19] [resp] [admin] [setReadyMessage] [,,dot,msg_adtReady,,48mn] [exception: stream_socket_client failed, errstr: Unable to find the socket transport "unix" - did you forget to enable it when you configured PHP?]]
26.02.24 18:12:58 sendEvent [8.19] [resp] [admin] [startMultiTrials] [48mn,tbvra,trial,0,1,2,1,1,admin,Santiago_Morales] [exception: stream_socket_client failed, errstr: Unable to find the socket transport "unix" - did you forget to enable it when you configured PHP?]
26.02.24 18:12:58 sendStatusDoc [warn] [sendEvent [8.19] [resp] [admin] [startMultiTrials] [48mn,tbvra,trial,0,1,2,1,1,admin,Santiago_Morales] [exception: stream_socket_client failed, errstr: Unable to find the socket transport "unix" - did you forget to enable it when you configured PHP?]]
26.02.24 18:13:27 sendEvent [8.19] [resp] [admin] [setReadyMessage] [,,dot,msg_adtReady,,48mn] [exception: stream_socket_client failed, errstr: Unable to find the socket transport "unix" - did you forget to enable it when you configured PHP?]
26.02.24 18:13:27 sendStatusDoc [warn] [sendEvent [8.19] [resp] [admin] [setReadyMessage] [,,dot,msg_adtReady,,48mn] [exception: stream_socket_client failed, errstr: Unable to find the socket transport "unix" - did you forget to enable it when you configured PHP?]]
26.02.24 18:13:27 sendEvent [8.19] [resp] [admin] [startMultiTrials] [48mn,tbvra,trial,0,1,2,1,1,admin,Santiago_Morales] [exception: stream_socket_client failed, errstr: Unable to find the socket transport "unix" - did you forget to enable it when you configured PHP?]
26.02.24 18:13:27 sendStatusDoc [warn] [sendEvent [8.19] [resp] [admin] [startMultiTrials] [48mn,tbvra,trial,0,1,2,1,1,admin,Santiago_Morales] [exception: stream_socket_client failed, errstr: Unable to find the socket transport "unix" - did you forget to enable it when you configured PHP?]]
26.02.24 18:13:47 sendEvent [8.19] [cntr] [admin] [trialStarted] [48mn,tbvra,,1771956826764] [exception: stream_socket_client failed, errstr: Unable to find the socket transport "unix" - did you forget to enable it when you configured PHP?]
26.02.24 18:13:47 sendStatusDoc [warn] [sendEvent [8.19] [cntr] [admin] [trialStarted] [48mn,tbvra,,1771956826764] [exception: stream_socket_client failed, errstr: Unable to find the socket transport "unix" - did you forget to enable it when you configured PHP?]]
26.02.24 18:14:03 sendEvent [8.19] [cntr] [admin] [trialResult] [admin,1,2,48mn,1,0,1771956826766,tbvra,trial,1,,1,0,0,16821,,,0,0,0,0,0] [exception: stream_socket_client failed, errstr: Unable to find the socket transport "unix" - did you forget to enable it when you configured PHP?]
26.02.24 18:14:03 sendStatusDoc [warn] [sendEvent [8.19] [cntr] [admin] [trialResult] [admin,1,2,48mn,1,0,1771956826766,tbvra,trial,1,,1,0,0,16821,,,0,0,0,0,0] [exception: stream_socket_client failed, errstr: Unable to find the socket transport "unix" - did you forget to enable it when you configured PHP?]]
26.02.24 18:14:04 sendEvent [8.19] [cntr] [admin] [trialEnded] [] [exception: stream_socket_client failed, errstr: Unable to find the socket transport "unix" - did you forget to enable it when you configured PHP?]
26.02.24 18:14:04 sendStatusDoc [warn] [sendEvent [8.19] [cntr] [admin] [trialEnded] [] [exception: stream_socket_client failed, errstr: Unable to find the socket transport "unix" - did you forget to enable it when you configured PHP?]]
26.02.24 18:14:04 sendEvent [8.19] [resp] [admin] [setReadyMessage] [,,dot,msg_adtReady,,48mn] [exception: stream_socket_client failed, errstr: Unable to find the socket transport "unix" - did you forget to enable it when you configured PHP?]
26.02.24 18:14:04 sendStatusDoc [warn] [sendEvent [8.19] [resp] [admin] [setReadyMessage] [,,dot,msg_adtReady,,48mn] [exception: stream_socket_client failed, errstr: Unable to find the socket transport "unix" - did you forget to enable it when you configured PHP?]]
26.02.24 18:14:04 sendEvent [8.19] [resp] [admin] [startMultiTrials] [48mn,ctr2,trial,0,1,2,1,8,admin,Santiago_Morales] [exception: stream_socket_client failed, errstr: Unable to find the socket transport "unix" - did you forget to enable it when you configured PHP?]
26.02.24 18:14:04 sendStatusDoc [warn] [sendEvent [8.19] [resp] [admin] [startMultiTrials] [48mn,ctr2,trial,0,1,2,1,8,admin,Santiago_Morales] [exception: stream_socket_client failed, errstr: Unable to find the socket transport "unix" - did you forget to enable it when you configured PHP?]]
26.02.24 18:16:44 sendEvent [8.19] [resp] [admin] [setReadyMessage] [,,dot,msg_adtReady,,48mn] [exception: stream_socket_client failed, errstr: Unable to find the socket transport "unix" - did you forget to enable it when you configured PHP?]
26.02.24 18:16:44 sendStatusDoc [warn] [sendEvent [8.19] [resp] [admin] [setReadyMessage] [,,dot,msg_adtReady,,48mn] [exception: stream_socket_client failed, errstr: Unable to find the socket transport "unix" - did you forget to enable it when you configured PHP?]]
26.02.24 18:16:44 sendEvent [8.19] [resp] [admin] [startMultiTrials] [48mn,ctr2,trial,0,1,2,1,8,admin,Santiago_Morales] [exception: stream_socket_client failed, errstr: Unable to find the socket transport "unix" - did you forget to enable it when you configured PHP?]
26.02.24 18:16:44 sendStatusDoc [warn] [sendEvent [8.19] [resp] [admin] [startMultiTrials] [48mn,ctr2,trial,0,1,2,1,8,admin,Santiago_Morales] [exception: stream_socket_client failed, errstr: Unable to find the socket transport "unix" - did you forget to enable it when you configured PHP?]]
26.02.24 18:17:03 sendEvent [8.19] [cntr] [admin] [trialResult] [admin,1,2,48mn,1,1771957022067,1771957022070,ctr2,trial,1,prpt,1,975,975,975,rgt,busSh,0,0,0,0,7] [exception: stream_socket_client failed, errstr: Unable to find the socket transport "unix" - did you forget to enable it when you configured PHP?]
26.02.24 18:17:03 sendStatusDoc [warn] [sendEvent [8.19] [cntr] [admin] [trialResult] [admin,1,2,48mn,1,1771957022067,1771957022070,ctr2,trial,1,prpt,1,975,975,975,rgt,busSh,0,0,0,0,7] [exception: stream_socket_client failed, errstr: Unable to find the socket transport "unix" - did you forget to enable it when you configured PHP?]]
26.02.24 18:17:05 sendEvent [8.19] [cntr] [admin] [trialResult] [admin,1,2,48mn,1,1771957024933,1771957024935,ctr2,trial,2,prpt,1,684,684,684,rgt,elephant2Sh,0,0,0,0,6] [exception: stream_socket_client failed, errstr: Unable to find the socket transport "unix" - did you forget to enable it when you configured PHP?]
26.02.24 18:17:05 sendStatusDoc [warn] [sendEvent [8.19] [cntr] [admin] [trialResult] [admin,1,2,48mn,1,1771957024933,1771957024935,ctr2,trial,2,prpt,1,684,684,684,rgt,elephant2Sh,0,0,0,0,6] [exception: stream_socket_client failed, errstr: Unable to find the socket transport "unix" - did you forget to enable it when you configured PHP?]]
26.02.24 18:17:08 sendEvent [8.19] [cntr] [admin] [trialResult] [admin,1,2,48mn,1,1771957027498,1771957027500,ctr2,trial,3,prpt,1,889,889,889,rgt,appleSh,0,0,0,0,5] [exception: stream_socket_client failed, errstr: Unable to find the socket transport "unix" - did you forget to enable it when you configured PHP?]
26.02.24 18:17:08 sendStatusDoc [warn] [sendEvent [8.19] [cntr] [admin] [trialResult] [admin,1,2,48mn,1,1771957027498,1771957027500,ctr2,trial,3,prpt,1,889,889,889,rgt,appleSh,0,0,0,0,5] [exception: stream_socket_client failed, errstr: Unable to find the socket transport "unix" - did you forget to enable it when you configured PHP?]]
26.02.24 18:17:11 sendEvent [8.19] [cntr] [admin] [trialResult] [admin,1,2,48mn,1,1771957030017,1771957030019,ctr2,trial,4,prpt,1,888,888,888,rgt,busSh,0,0,0,0,4] [exception: stream_socket_client failed, errstr: Unable to find the socket transport "unix" - did you forget to enable it when you configured PHP?]
26.02.24 18:17:11 sendStatusDoc [warn] [sendEvent [8.19] [cntr] [admin] [trialResult] [admin,1,2,48mn,1,1771957030017,1771957030019,ctr2,trial,4,prpt,1,888,888,888,rgt,busSh,0,0,0,0,4] [exception: stream_socket_client failed, errstr: Unable to find the socket transport "unix" - did you forget to enable it when you configured PHP?]]
26.02.24 18:17:13 sendEvent [8.19] [cntr] [admin] [trialResult] [admin,1,2,48mn,1,1771957032590,1771957032593,ctr2,trial,5,prpt,1,681,682,682,rgt,appleSh,0,0,0,0,3] [exception: stream_socket_client failed, errstr: Unable to find the socket transport "unix" - did you forget to enable it when you configured PHP?]
26.02.24 18:17:13 sendStatusDoc [warn] [sendEvent [8.19] [cntr] [admin] [trialResult] [admin,1,2,48mn,1,1771957032590,1771957032593,ctr2,trial,5,prpt,1,681,682,682,rgt,appleSh,0,0,0,0,3] [exception: stream_socket_client failed, errstr: Unable to find the socket transport "unix" - did you forget to enable it when you configured PHP?]]
26.02.24 18:17:15 sendEvent [8.19] [cntr] [admin] [trialResult] [admin,1,2,48mn,1,1771957034903,1771957034905,ctr2,trial,6,prpt,1,716,716,716,rgt,elephant4Sh,0,0,0,0,2] [exception: stream_socket_client failed, errstr: Unable to find the socket transport "unix" - did you forget to enable it when you configured PHP?]
26.02.24 18:17:15 sendStatusDoc [warn] [sendEvent [8.19] [cntr] [admin] [trialResult] [admin,1,2,48mn,1,1771957034903,1771957034905,ctr2,trial,6,prpt,1,716,716,716,rgt,elephant4Sh,0,0,0,0,2] [exception: stream_socket_client failed, errstr: Unable to find the socket transport "unix" - did you forget to enable it when you configured PHP?]]
26.02.24 18:17:18 sendEvent [8.19] [cntr] [admin] [trialResult] [admin,1,2,48mn,1,1771957037342,1771957037346,ctr2,trial,7,prpt,1,580,580,580,rgt,appleSh,0,0,0,0,1] [exception: stream_socket_client failed, errstr: Unable to find the socket transport "unix" - did you forget to enable it when you configured PHP?]
26.02.24 18:17:18 sendStatusDoc [warn] [sendEvent [8.19] [cntr] [admin] [trialResult] [admin,1,2,48mn,1,1771957037342,1771957037346,ctr2,trial,7,prpt,1,580,580,580,rgt,appleSh,0,0,0,0,1] [exception: stream_socket_client failed, errstr: Unable to find the socket transport "unix" - did you forget to enable it when you configured PHP?]]
26.02.24 18:17:20 sendEvent [8.19] [cntr] [admin] [trialResult] [admin,1,2,48mn,1,1771957039728,1771957039731,ctr2,trial,8,prpt,1,652,652,652,rgt,busSh,0,0,0,0,0] [exception: stream_socket_client failed, errstr: Unable to find the socket transport "unix" - did you forget to enable it when you configured PHP?]
26.02.24 18:17:20 sendStatusDoc [warn] [sendEvent [8.19] [cntr] [admin] [trialResult] [admin,1,2,48mn,1,1771957039728,1771957039731,ctr2,trial,8,prpt,1,652,652,652,rgt,busSh,0,0,0,0,0] [exception: stream_socket_client failed, errstr: Unable to find the socket transport "unix" - did you forget to enable it when you configured PHP?]]
26.02.24 18:17:21 sendEvent [8.19] [resp] [admin] [setReadyMessage] [,,dot,msg_adtReady,,48mn] [exception: stream_socket_client failed, errstr: Unable to find the socket transport "unix" - did you forget to enable it when you configured PHP?]
26.02.24 18:17:21 sendStatusDoc [warn] [sendEvent [8.19] [resp] [admin] [setReadyMessage] [,,dot,msg_adtReady,,48mn] [exception: stream_socket_client failed, errstr: Unable to find the socket transport "unix" - did you forget to enable it when you configured PHP?]]
26.02.24 18:17:21 sendEvent [8.19] [resp] [admin] [startMultiTrials] [48mn,tbvrb,trial,0,1,2,1,1,admin,Santiago_Morales] [exception: stream_socket_client failed, errstr: Unable to find the socket transport "unix" - did you forget to enable it when you configured PHP?]
26.02.24 18:17:21 sendStatusDoc [warn] [sendEvent [8.19] [resp] [admin] [startMultiTrials] [48mn,tbvrb,trial,0,1,2,1,1,admin,Santiago_Morales] [exception: stream_socket_client failed, errstr: Unable to find the socket transport "unix" - did you forget to enable it when you configured PHP?]]
26.02.24 18:17:22 sendEvent [8.19] [cntr] [admin] [trialEnded] [] [exception: stream_socket_client failed, errstr: Unable to find the socket transport "unix" - did you forget to enable it when you configured PHP?]
26.02.24 18:17:22 sendStatusDoc [warn] [sendEvent [8.19] [cntr] [admin] [trialEnded] [] [exception: stream_socket_client failed, errstr: Unable to find the socket transport "unix" - did you forget to enable it when you configured PHP?]]
26.02.24 18:18:30 sendEvent [8.19] [resp] [admin] [setReadyMessage] [,,dot,msg_adtReady,,48mn] [exception: stream_socket_client failed, errstr: Unable to find the socket transport "unix" - did you forget to enable it when you configured PHP?]
26.02.24 18:18:30 sendStatusDoc [warn] [sendEvent [8.19] [resp] [admin] [setReadyMessage] [,,dot,msg_adtReady,,48mn] [exception: stream_socket_client failed, errstr: Unable to find the socket transport "unix" - did you forget to enable it when you configured PHP?]]
26.02.24 18:18:30 sendEvent [8.19] [resp] [admin] [startMultiTrials] [48mn,exr2,trial,0,1,2,1,8,admin,Santiago_Morales] [exception: stream_socket_client failed, errstr: Unable to find the socket transport "unix" - did you forget to enable it when you configured PHP?]
26.02.24 18:18:30 sendStatusDoc [warn] [sendEvent [8.19] [resp] [admin] [startMultiTrials] [48mn,exr2,trial,0,1,2,1,8,admin,Santiago_Morales] [exception: stream_socket_client failed, errstr: Unable to find the socket transport "unix" - did you forget to enable it when you configured PHP?]]
26.02.24 18:18:45 sendEvent [8.19] [cntr] [admin] [trialResult] [admin,1,2,48mn,1,1771957124018,1771957124021,exr2,trial,1,prpt,1,1067,1067,1067,rgt,elephant2Sh,0,0,0,0,7] [exception: stream_socket_client failed, errstr: Unable to find the socket transport "unix" - did you forget to enable it when you configured PHP?]
26.02.24 18:18:45 sendStatusDoc [warn] [sendEvent [8.19] [cntr] [admin] [trialResult] [admin,1,2,48mn,1,1771957124018,1771957124021,exr2,trial,1,prpt,1,1067,1067,1067,rgt,elephant2Sh,0,0,0,0,7] [exception: stream_socket_client failed, errstr: Unable to find the socket transport "unix" - did you forget to enable it when you configured PHP?]]
26.02.24 18:18:47 sendEvent [8.19] [cntr] [admin] [trialResult] [admin,1,2,48mn,1,1771957126745,1771957126747,exr2,trial,2,prpt,1,798,798,798,rgt,flowerSh,0,0,0,0,6] [exception: stream_socket_client failed, errstr: Unable to find the socket transport "unix" - did you forget to enable it when you configured PHP?]
26.02.24 18:18:47 sendStatusDoc [warn] [sendEvent [8.19] [cntr] [admin] [trialResult] [admin,1,2,48mn,1,1771957126745,1771957126747,exr2,trial,2,prpt,1,798,798,798,rgt,flowerSh,0,0,0,0,6] [exception: stream_socket_client failed, errstr: Unable to find the socket transport "unix" - did you forget to enable it when you configured PHP?]]
26.02.24 18:18:50 sendEvent [8.19] [cntr] [admin] [trialResult] [admin,1,2,48mn,1,1771957129069,1771957129073,exr2,trial,3,prpt,1,852,852,852,rgt,elephant2Sh,0,0,0,0,5] [exception: stream_socket_client failed, errstr: Unable to find the socket transport "unix" - did you forget to enable it when you configured PHP?]
26.02.24 18:18:50 sendStatusDoc [warn] [sendEvent [8.19] [cntr] [admin] [trialResult] [admin,1,2,48mn,1,1771957129069,1771957129073,exr2,trial,3,prpt,1,852,852,852,rgt,elephant2Sh,0,0,0,0,5] [exception: stream_socket_client failed, errstr: Unable to find the socket transport "unix" - did you forget to enable it when you configured PHP?]]
26.02.24 18:18:52 sendEvent [8.19] [cntr] [admin] [trialResult] [admin,1,2,48mn,1,1771957131396,1771957131398,exr2,trial,4,prpt,1,800,800,800,rgt,flowerSh,0,0,0,0,4] [exception: stream_socket_client failed, errstr: Unable to find the socket transport "unix" - did you forget to enable it when you configured PHP?]
26.02.24 18:18:52 sendStatusDoc [warn] [sendEvent [8.19] [cntr] [admin] [trialResult] [admin,1,2,48mn,1,1771957131396,1771957131398,exr2,trial,4,prpt,1,800,800,800,rgt,flowerSh,0,0,0,0,4] [exception: stream_socket_client failed, errstr: Unable to find the socket transport "unix" - did you forget to enable it when you configured PHP?]]
26.02.24 18:18:54 sendEvent [8.19] [cntr] [admin] [trialResult] [admin,1,2,48mn,1,1771957133758,1771957133759,exr2,trial,5,inhb,0,811,811,811,rgt,elephant4Sh,0,0,0,0,3] [exception: stream_socket_client failed, errstr: Unable to find the socket transport "unix" - did you forget to enable it when you configured PHP?]
26.02.24 18:18:54 sendStatusDoc [warn] [sendEvent [8.19] [cntr] [admin] [trialResult] [admin,1,2,48mn,1,1771957133758,1771957133759,exr2,trial,5,inhb,0,811,811,811,rgt,elephant4Sh,0,0,0,0,3] [exception: stream_socket_client failed, errstr: Unable to find the socket transport "unix" - did you forget to enable it when you configured PHP?]]
26.02.24 18:18:58 sendEvent [8.19] [cntr] [admin] [trialResult] [admin,1,2,48mn,1,1771957137582,1771957137585,exr2,trial,6,prpt,1,708,708,708,rgt,busSh,0,0,0,0,2] [exception: stream_socket_client failed, errstr: Unable to find the socket transport "unix" - did you forget to enable it when you configured PHP?]
26.02.24 18:18:58 sendStatusDoc [warn] [sendEvent [8.19] [cntr] [admin] [trialResult] [admin,1,2,48mn,1,1771957137582,1771957137585,exr2,trial,6,prpt,1,708,708,708,rgt,busSh,0,0,0,0,2] [exception: stream_socket_client failed, errstr: Unable to find the socket transport "unix" - did you forget to enable it when you configured PHP?]]
26.02.24 18:19:01 sendEvent [8.19] [cntr] [admin] [trialResult] [admin,1,2,48mn,1,1771957140107,1771957140108,exr2,trial,7,inhb,1,894,894,894,lft,elephant2Sh,0,0,0,0,1] [exception: stream_socket_client failed, errstr: Unable to find the socket transport "unix" - did you forget to enable it when you configured PHP?]
26.02.24 18:19:01 sendStatusDoc [warn] [sendEvent [8.19] [cntr] [admin] [trialResult] [admin,1,2,48mn,1,1771957140107,1771957140108,exr2,trial,7,inhb,1,894,894,894,lft,elephant2Sh,0,0,0,0,1] [exception: stream_socket_client failed, errstr: Unable to find the socket transport "unix" - did you forget to enable it when you configured PHP?]]
26.02.24 18:19:04 sendEvent [8.19] [cntr] [admin] [trialResult] [admin,1,2,48mn,1,1771957142884,1771957142886,exr2,trial,8,prpt,1,806,806,806,rgt,elephantSh,0,0,0,0,0] [exception: stream_socket_client failed, errstr: Unable to find the socket transport "unix" - did you forget to enable it when you configured PHP?]
26.02.24 18:19:04 sendStatusDoc [warn] [sendEvent [8.19] [cntr] [admin] [trialResult] [admin,1,2,48mn,1,1771957142884,1771957142886,exr2,trial,8,prpt,1,806,806,806,rgt,elephantSh,0,0,0,0,0] [exception: stream_socket_client failed, errstr: Unable to find the socket transport "unix" - did you forget to enable it when you configured PHP?]]
26.02.24 18:19:04 sendEvent [8.19] [resp] [admin] [setReadyMessage] [,,dot,msg_adtReady,,48mn] [exception: stream_socket_client failed, errstr: Unable to find the socket transport "unix" - did you forget to enable it when you configured PHP?]
26.02.24 18:19:04 sendStatusDoc [warn] [sendEvent [8.19] [resp] [admin] [setReadyMessage] [,,dot,msg_adtReady,,48mn] [exception: stream_socket_client failed, errstr: Unable to find the socket transport "unix" - did you forget to enable it when you configured PHP?]]
26.02.24 18:19:04 sendEvent [8.19] [resp] [admin] [startMultiTrials] [48mn,tbvra,trial,1,1,2,1,1,admin,Santiago_Morales] [exception: stream_socket_client failed, errstr: Unable to find the socket transport "unix" - did you forget to enable it when you configured PHP?]
26.02.24 18:19:04 sendStatusDoc [warn] [sendEvent [8.19] [resp] [admin] [startMultiTrials] [48mn,tbvra,trial,1,1,2,1,1,admin,Santiago_Morales] [exception: stream_socket_client failed, errstr: Unable to find the socket transport "unix" - did you forget to enable it when you configured PHP?]]
26.02.24 18:19:05 sendEvent [8.19] [cntr] [admin] [trialEnded] [] [exception: stream_socket_client failed, errstr: Unable to find the socket transport "unix" - did you forget to enable it when you configured PHP?]
26.02.24 18:19:05 sendStatusDoc [warn] [sendEvent [8.19] [cntr] [admin] [trialEnded] [] [exception: stream_socket_client failed, errstr: Unable to find the socket transport "unix" - did you forget to enable it when you configured PHP?]]
26.02.24 18:23:30 sendEvent [8.19] [resp] [admin] [endTrials] [48mn,tspr] [exception: stream_socket_client failed, errstr: Unable to find the socket transport "unix" - did you forget to enable it when you configured PHP?]
26.02.24 18:23:30 sendStatusDoc [warn] [sendEvent [8.19] [resp] [admin] [endTrials] [48mn,tspr] [exception: stream_socket_client failed, errstr: Unable to find the socket transport "unix" - did you forget to enable it when you configured PHP?]]
26.02.24 18:23:30 sendEvent [8.19] [resp] [admin] [endTrials] [48mn,tspr] [exception: stream_socket_client failed, errstr: Unable to find the socket transport "unix" - did you forget to enable it when you configured PHP?]
26.02.24 18:23:30 sendStatusDoc [warn] [sendEvent [8.19] [resp] [admin] [endTrials] [48mn,tspr] [exception: stream_socket_client failed, errstr: Unable to find the socket transport "unix" - did you forget to enable it when you configured PHP?]]
26.02.24 18:23:31 sendEvent [8.19] [resp] [admin] [endTrials] [48mn,tspr] [exception: stream_socket_client failed, errstr: Unable to find the socket transport "unix" - did you forget to enable it when you configured PHP?]
26.02.24 18:23:31 sendStatusDoc [warn] [sendEvent [8.19] [resp] [admin] [endTrials] [48mn,tspr] [exception: stream_socket_client failed, errstr: Unable to find the socket transport "unix" - did you forget to enable it when you configured PHP?]]
26.02.24 18:23:32 sendEvent [8.19] [resp] [admin] [endTrials] [48mn,tspr] [exception: stream_socket_client failed, errstr: Unable to find the socket transport "unix" - did you forget to enable it when you configured PHP?]
26.02.24 18:23:32 sendStatusDoc [warn] [sendEvent [8.19] [resp] [admin] [endTrials] [48mn,tspr] [exception: stream_socket_client failed, errstr: Unable to find the socket transport "unix" - did you forget to enable it when you configured PHP?]]
26.02.24 18:23:40 sendEvent [8.19] [cntr] [admin] [goodbye] [] [exception: stream_socket_client failed, errstr: Unable to find the socket transport "unix" - did you forget to enable it when you configured PHP?]
26.02.24 18:23:40 sendStatusDoc [warn] [sendEvent [8.19] [cntr] [admin] [goodbye] [] [exception: stream_socket_client failed, errstr: Unable to find the socket transport "unix" - did you forget to enable it when you configured PHP?]]
26.02.24 18:34:30 sendEvent [8.19] [resp] [admin] [startMultiTrials] [phb,app,trial,0,1,2,1,1,admin,Santiago_Morales] [exception: stream_socket_client failed, errstr: Unable to find the socket transport "unix" - did you forget to enable it when you configured PHP?]
26.02.24 18:34:30 sendStatusDoc [warn] [sendEvent [8.19] [resp] [admin] [startMultiTrials] [phb,app,trial,0,1,2,1,1,admin,Santiago_Morales] [exception: stream_socket_client failed, errstr: Unable to find the socket transport "unix" - did you forget to enable it when you configured PHP?]]
26.02.24 18:35:00 sendEvent [8.19] [resp] [admin] [startMultiTrials] [phb,app,trial,0,1,2,1,1,admin,Santiago_Morales] [exception: stream_socket_client failed, errstr: Unable to find the socket transport "unix" - did you forget to enable it when you configured PHP?]
26.02.24 18:35:00 sendStatusDoc [warn] [sendEvent [8.19] [resp] [admin] [startMultiTrials] [phb,app,trial,0,1,2,1,1,admin,Santiago_Morales] [exception: stream_socket_client failed, errstr: Unable to find the socket transport "unix" - did you forget to enable it when you configured PHP?]]
26.02.24 18:35:45 sendEvent [8.19] [cntr] [admin] [gameStarted] [bfly] [exception: stream_socket_client failed, errstr: Unable to find the socket transport "unix" - did you forget to enable it when you configured PHP?]
26.02.24 18:35:45 sendStatusDoc [warn] [sendEvent [8.19] [cntr] [admin] [gameStarted] [bfly] [exception: stream_socket_client failed, errstr: Unable to find the socket transport "unix" - did you forget to enable it when you configured PHP?]]
26.02.24 18:35:45 sendEvent [8.19] [cntr] [admin] [trialStarted] [phb,app,,1771958145107] [exception: stream_socket_client failed, errstr: Unable to find the socket transport "unix" - did you forget to enable it when you configured PHP?]
26.02.24 18:35:45 sendStatusDoc [warn] [sendEvent [8.19] [cntr] [admin] [trialStarted] [phb,app,,1771958145107] [exception: stream_socket_client failed, errstr: Unable to find the socket transport "unix" - did you forget to enable it when you configured PHP?]]
26.02.24 18:36:04 sendEvent [8.19] [resp] [admin] [endTest] [] [exception: stream_socket_client failed, errstr: Unable to find the socket transport "unix" - did you forget to enable it when you configured PHP?]
26.02.24 18:36:04 sendStatusDoc [warn] [sendEvent [8.19] [resp] [admin] [endTest] [] [exception: stream_socket_client failed, errstr: Unable to find the socket transport "unix" - did you forget to enable it when you configured PHP?]]
26.02.24 18:36:23 sendEvent [8.19] [resp] [admin] [startMultiTrials] [phb,app,trial,0,1,2,1,1,admin,Santiago_Morales] [exception: stream_socket_client failed, errstr: Unable to find the socket transport "unix" - did you forget to enable it when you configured PHP?]
26.02.24 18:36:23 sendStatusDoc [warn] [sendEvent [8.19] [resp] [admin] [startMultiTrials] [phb,app,trial,0,1,2,1,1,admin,Santiago_Morales] [exception: stream_socket_client failed, errstr: Unable to find the socket transport "unix" - did you forget to enable it when you configured PHP?]]
26.02.24 18:36:25 sendEvent [8.19] [resp] [admin] [cancelTrial] [] [exception: stream_socket_client failed, errstr: Unable to find the socket transport "unix" - did you forget to enable it when you configured PHP?]
26.02.24 18:36:25 sendStatusDoc [warn] [sendEvent [8.19] [resp] [admin] [cancelTrial] [] [exception: stream_socket_client failed, errstr: Unable to find the socket transport "unix" - did you forget to enable it when you configured PHP?]]
26.02.24 18:36:25 sendEvent [8.19] [cntr] [admin] [trialCancelled] [] [exception: stream_socket_client failed, errstr: Unable to find the socket transport "unix" - did you forget to enable it when you configured PHP?]
26.02.24 18:36:25 sendStatusDoc [warn] [sendEvent [8.19] [cntr] [admin] [trialCancelled] [] [exception: stream_socket_client failed, errstr: Unable to find the socket transport "unix" - did you forget to enable it when you configured PHP?]]
26.02.24 18:37:22 sendEvent [8.19] [resp] [admin] [startMultiTrials] [phb,app,trial,0,1,2,1,1,admin,Santiago_Morales] [exception: stream_socket_client failed, errstr: Unable to find the socket transport "unix" - did you forget to enable it when you configured PHP?]
26.02.24 18:37:22 sendStatusDoc [warn] [sendEvent [8.19] [resp] [admin] [startMultiTrials] [phb,app,trial,0,1,2,1,1,admin,Santiago_Morales] [exception: stream_socket_client failed, errstr: Unable to find the socket transport "unix" - did you forget to enable it when you configured PHP?]]
26.02.24 18:37:26 sendEvent [8.19] [resp] [admin] [cancelTrial] [] [exception: stream_socket_client failed, errstr: Unable to find the socket transport "unix" - did you forget to enable it when you configured PHP?]
26.02.24 18:37:26 sendStatusDoc [warn] [sendEvent [8.19] [resp] [admin] [cancelTrial] [] [exception: stream_socket_client failed, errstr: Unable to find the socket transport "unix" - did you forget to enable it when you configured PHP?]]
26.02.24 18:37:26 sendEvent [8.19] [resp] [admin] [cancelTrial] [] [exception: stream_socket_client failed, errstr: Unable to find the socket transport "unix" - did you forget to enable it when you configured PHP?]
26.02.24 18:37:26 sendStatusDoc [warn] [sendEvent [8.19] [resp] [admin] [cancelTrial] [] [exception: stream_socket_client failed, errstr: Unable to find the socket transport "unix" - did you forget to enable it when you configured PHP?]]
26.02.24 18:37:26 sendEvent [8.19] [cntr] [admin] [trialCancelled] [] [exception: stream_socket_client failed, errstr: Unable to find the socket transport "unix" - did you forget to enable it when you configured PHP?]
26.02.24 18:37:26 sendStatusDoc [warn] [sendEvent [8.19] [cntr] [admin] [trialCancelled] [] [exception: stream_socket_client failed, errstr: Unable to find the socket transport "unix" - did you forget to enable it when you configured PHP?]]
26.02.24 18:37:26 sendEvent [8.19] [cntr] [admin] [trialCancelled] [] [exception: stream_socket_client failed, errstr: Unable to find the socket transport "unix" - did you forget to enable it when you configured PHP?]
26.02.24 18:37:26 sendStatusDoc [warn] [sendEvent [8.19] [cntr] [admin] [trialCancelled] [] [exception: stream_socket_client failed, errstr: Unable to find the socket transport "unix" - did you forget to enable it when you configured PHP?]]
26.02.24 18:37:27 sendEvent [8.19] [resp] [admin] [startMultiTrials] [phb,app,trial,0,1,2,1,1,admin,Santiago_Morales] [exception: stream_socket_client failed, errstr: Unable to find the socket transport "unix" - did you forget to enable it when you configured PHP?]
26.02.24 18:37:27 sendStatusDoc [warn] [sendEvent [8.19] [resp] [admin] [startMultiTrials] [phb,app,trial,0,1,2,1,1,admin,Santiago_Morales] [exception: stream_socket_client failed, errstr: Unable to find the socket transport "unix" - did you forget to enable it when you configured PHP?]]
26.02.24 18:37:28 sendEvent [8.19] [resp] [admin] [cancelTrial] [] [exception: stream_socket_client failed, errstr: Unable to find the socket transport "unix" - did you forget to enable it when you configured PHP?]
26.02.24 18:37:28 sendStatusDoc [warn] [sendEvent [8.19] [resp] [admin] [cancelTrial] [] [exception: stream_socket_client failed, errstr: Unable to find the socket transport "unix" - did you forget to enable it when you configured PHP?]]
26.02.24 18:37:31 sendEvent [8.19] [resp] [admin] [endTest] [] [exception: stream_socket_client failed, errstr: Unable to find the socket transport "unix" - did you forget to enable it when you configured PHP?]
26.02.24 18:37:31 sendStatusDoc [warn] [sendEvent [8.19] [resp] [admin] [endTest] [] [exception: stream_socket_client failed, errstr: Unable to find the socket transport "unix" - did you forget to enable it when you configured PHP?]]
26.02.24 18:37:33 sendEvent [8.19] [resp] [admin] [cancelTrial] [] [exception: stream_socket_client failed, errstr: Unable to find the socket transport "unix" - did you forget to enable it when you configured PHP?]
26.02.24 18:37:33 sendStatusDoc [warn] [sendEvent [8.19] [resp] [admin] [cancelTrial] [] [exception: stream_socket_client failed, errstr: Unable to find the socket transport "unix" - did you forget to enable it when you configured PHP?]]
26.02.24 18:38:04 sendEvent [8.19] [resp] [admin] [cancelTrial] [] [exception: stream_socket_client failed, errstr: Unable to find the socket transport "unix" - did you forget to enable it when you configured PHP?]
26.02.24 18:38:04 sendStatusDoc [warn] [sendEvent [8.19] [resp] [admin] [cancelTrial] [] [exception: stream_socket_client failed, errstr: Unable to find the socket transport "unix" - did you forget to enable it when you configured PHP?]]
26.02.24 18:38:07 sendEvent [8.19] [resp] [admin] [endTest] [] [exception: stream_socket_client failed, errstr: Unable to find the socket transport "unix" - did you forget to enable it when you configured PHP?]
26.02.24 18:38:07 sendStatusDoc [warn] [sendEvent [8.19] [resp] [admin] [endTest] [] [exception: stream_socket_client failed, errstr: Unable to find the socket transport "unix" - did you forget to enable it when you configured PHP?]]
26.02.24 18:38:46 sendEvent [8.19] [resp] [admin] [startMultiTrials] [phb,app,trial,0,1,2,1,1,admin,Santiago_Morales] [exception: stream_socket_client failed, errstr: Unable to find the socket transport "unix" - did you forget to enable it when you configured PHP?]
26.02.24 18:38:46 sendStatusDoc [warn] [sendEvent [8.19] [resp] [admin] [startMultiTrials] [phb,app,trial,0,1,2,1,1,admin,Santiago_Morales] [exception: stream_socket_client failed, errstr: Unable to find the socket transport "unix" - did you forget to enable it when you configured PHP?]]
26.02.24 18:40:14 sendEvent [8.19] [resp] [admin] [cancelTrial] [] [exception: stream_socket_client failed, errstr: Unable to find the socket transport "unix" - did you forget to enable it when you configured PHP?]
26.02.24 18:40:14 sendStatusDoc [warn] [sendEvent [8.19] [resp] [admin] [cancelTrial] [] [exception: stream_socket_client failed, errstr: Unable to find the socket transport "unix" - did you forget to enable it when you configured PHP?]]
26.02.24 18:40:15 sendEvent [8.19] [cntr] [admin] [trialCancelled] [] [exception: stream_socket_client failed, errstr: Unable to find the socket transport "unix" - did you forget to enable it when you configured PHP?]
26.02.24 18:40:15 sendStatusDoc [warn] [sendEvent [8.19] [cntr] [admin] [trialCancelled] [] [exception: stream_socket_client failed, errstr: Unable to find the socket transport "unix" - did you forget to enable it when you configured PHP?]]
26.02.24 18:40:18 sendEvent [8.19] [resp] [admin] [endTest] [] [exception: stream_socket_client failed, errstr: Unable to find the socket transport "unix" - did you forget to enable it when you configured PHP?]
26.02.24 18:40:18 sendStatusDoc [warn] [sendEvent [8.19] [resp] [admin] [endTest] [] [exception: stream_socket_client failed, errstr: Unable to find the socket transport "unix" - did you forget to enable it when you configured PHP?]]
26.02.24 18:40:20 sendEvent [8.19] [resp] [admin] [startMultiTrials] [phb,app,trial,0,1,2,1,1,admin,Santiago_Morales] [exception: stream_socket_client failed, errstr: Unable to find the socket transport "unix" - did you forget to enable it when you configured PHP?]
26.02.24 18:40:20 sendStatusDoc [warn] [sendEvent [8.19] [resp] [admin] [startMultiTrials] [phb,app,trial,0,1,2,1,1,admin,Santiago_Morales] [exception: stream_socket_client failed, errstr: Unable to find the socket transport "unix" - did you forget to enable it when you configured PHP?]]
26.02.24 18:40:21 sendEvent [8.19] [resp] [admin] [cancelTrial] [] [exception: stream_socket_client failed, errstr: Unable to find the socket transport "unix" - did you forget to enable it when you configured PHP?]
26.02.24 18:40:21 sendStatusDoc [warn] [sendEvent [8.19] [resp] [admin] [cancelTrial] [] [exception: stream_socket_client failed, errstr: Unable to find the socket transport "unix" - did you forget to enable it when you configured PHP?]]
26.02.24 18:40:23 sendEvent [8.19] [resp] [admin] [touchGame] [] [exception: stream_socket_client failed, errstr: Unable to find the socket transport "unix" - did you forget to enable it when you configured PHP?]
26.02.24 18:40:23 sendStatusDoc [warn] [sendEvent [8.19] [resp] [admin] [touchGame] [] [exception: stream_socket_client failed, errstr: Unable to find the socket transport "unix" - did you forget to enable it when you configured PHP?]]
26.02.24 18:40:24 sendEvent [8.19] [resp] [admin] [endTest] [] [exception: stream_socket_client failed, errstr: Unable to find the socket transport "unix" - did you forget to enable it when you configured PHP?]
26.02.24 18:40:24 sendStatusDoc [warn] [sendEvent [8.19] [resp] [admin] [endTest] [] [exception: stream_socket_client failed, errstr: Unable to find the socket transport "unix" - did you forget to enable it when you configured PHP?]]
26.02.24 18:41:06 sendEvent [8.19] [resp] [admin] [startMultiTrials] [phb,rst,trial,0,1,2,1,1,admin,Santiago_Morales] [exception: stream_socket_client failed, errstr: Unable to find the socket transport "unix" - did you forget to enable it when you configured PHP?]
26.02.24 18:41:06 sendStatusDoc [warn] [sendEvent [8.19] [resp] [admin] [startMultiTrials] [phb,rst,trial,0,1,2,1,1,admin,Santiago_Morales] [exception: stream_socket_client failed, errstr: Unable to find the socket transport "unix" - did you forget to enable it when you configured PHP?]]
26.02.24 18:41:08 sendEvent [8.19] [resp] [admin] [cancelTrial] [] [exception: stream_socket_client failed, errstr: Unable to find the socket transport "unix" - did you forget to enable it when you configured PHP?]
26.02.24 18:41:08 sendStatusDoc [warn] [sendEvent [8.19] [resp] [admin] [cancelTrial] [] [exception: stream_socket_client failed, errstr: Unable to find the socket transport "unix" - did you forget to enable it when you configured PHP?]]
26.02.24 18:41:09 sendEvent [8.19] [resp] [admin] [endTest] [] [exception: stream_socket_client failed, errstr: Unable to find the socket transport "unix" - did you forget to enable it when you configured PHP?]
26.02.24 18:41:09 sendStatusDoc [warn] [sendEvent [8.19] [resp] [admin] [endTest] [] [exception: stream_socket_client failed, errstr: Unable to find the socket transport "unix" - did you forget to enable it when you configured PHP?]]
26.02.24 18:41:24 sendEvent [8.19] [resp] [admin] [cancelTrial] [] [exception: stream_socket_client failed, errstr: Unable to find the socket transport "unix" - did you forget to enable it when you configured PHP?]
26.02.24 18:41:24 sendStatusDoc [warn] [sendEvent [8.19] [resp] [admin] [cancelTrial] [] [exception: stream_socket_client failed, errstr: Unable to find the socket transport "unix" - did you forget to enable it when you configured PHP?]]
26.02.24 18:41:24 sendEvent [8.19] [cntr] [admin] [trialCancelled] [] [exception: stream_socket_client failed, errstr: Unable to find the socket transport "unix" - did you forget to enable it when you configured PHP?]
26.02.24 18:41:24 sendStatusDoc [warn] [sendEvent [8.19] [cntr] [admin] [trialCancelled] [] [exception: stream_socket_client failed, errstr: Unable to find the socket transport "unix" - did you forget to enable it when you configured PHP?]]
26.02.24 18:41:24 sendEvent [8.19] [resp] [admin] [touchGame] [] [exception: stream_socket_client failed, errstr: Unable to find the socket transport "unix" - did you forget to enable it when you configured PHP?]
26.02.24 18:41:24 sendStatusDoc [warn] [sendEvent [8.19] [resp] [admin] [touchGame] [] [exception: stream_socket_client failed, errstr: Unable to find the socket transport "unix" - did you forget to enable it when you configured PHP?]]
26.02.24 18:41:25 sendEvent [8.19] [resp] [admin] [touchGame] [] [exception: stream_socket_client failed, errstr: Unable to find the socket transport "unix" - did you forget to enable it when you configured PHP?]
26.02.24 18:41:25 sendStatusDoc [warn] [sendEvent [8.19] [resp] [admin] [touchGame] [] [exception: stream_socket_client failed, errstr: Unable to find the socket transport "unix" - did you forget to enable it when you configured PHP?]]
26.02.24 18:41:26 sendEvent [8.19] [resp] [admin] [startMultiTrials] [phb,rst,trial,0,1,2,1,1,admin,Santiago_Morales] [exception: stream_socket_client failed, errstr: Unable to find the socket transport "unix" - did you forget to enable it when you configured PHP?]
26.02.24 18:41:26 sendStatusDoc [warn] [sendEvent [8.19] [resp] [admin] [startMultiTrials] [phb,rst,trial,0,1,2,1,1,admin,Santiago_Morales] [exception: stream_socket_client failed, errstr: Unable to find the socket transport "unix" - did you forget to enable it when you configured PHP?]]
26.02.24 18:41:27 sendEvent [8.19] [resp] [admin] [cancelTrial] [] [exception: stream_socket_client failed, errstr: Unable to find the socket transport "unix" - did you forget to enable it when you configured PHP?]
26.02.24 18:41:27 sendStatusDoc [warn] [sendEvent [8.19] [resp] [admin] [cancelTrial] [] [exception: stream_socket_client failed, errstr: Unable to find the socket transport "unix" - did you forget to enable it when you configured PHP?]]
26.02.24 18:41:47 sendEvent [8.19] [resp] [admin] [startMultiTrials] [phb,app,trial,0,1,2,1,1,admin,Santiago_Morales] [exception: stream_socket_client failed, errstr: Unable to find the socket transport "unix" - did you forget to enable it when you configured PHP?]
26.02.24 18:41:47 sendStatusDoc [warn] [sendEvent [8.19] [resp] [admin] [startMultiTrials] [phb,app,trial,0,1,2,1,1,admin,Santiago_Morales] [exception: stream_socket_client failed, errstr: Unable to find the socket transport "unix" - did you forget to enable it when you configured PHP?]]
26.02.24 18:41:50 sendEvent [8.19] [resp] [admin] [cancelTrial] [] [exception: stream_socket_client failed, errstr: Unable to find the socket transport "unix" - did you forget to enable it when you configured PHP?]
26.02.24 18:41:50 sendStatusDoc [warn] [sendEvent [8.19] [resp] [admin] [cancelTrial] [] [exception: stream_socket_client failed, errstr: Unable to find the socket transport "unix" - did you forget to enable it when you configured PHP?]]
26.02.24 18:42:27 sendEvent [8.19] [resp] [admin] [touchGame] [] [exception: stream_socket_client failed, errstr: Unable to find the socket transport "unix" - did you forget to enable it when you configured PHP?]
26.02.24 18:42:27 sendStatusDoc [warn] [sendEvent [8.19] [resp] [admin] [touchGame] [] [exception: stream_socket_client failed, errstr: Unable to find the socket transport "unix" - did you forget to enable it when you configured PHP?]]
26.02.24 18:42:29 sendEvent [8.19] [resp] [admin] [startMultiTrials] [phb,rst,trial,0,1,2,1,1,admin,Santiago_Morales] [exception: stream_socket_client failed, errstr: Unable to find the socket transport "unix" - did you forget to enable it when you configured PHP?]
26.02.24 18:42:29 sendStatusDoc [warn] [sendEvent [8.19] [resp] [admin] [startMultiTrials] [phb,rst,trial,0,1,2,1,1,admin,Santiago_Morales] [exception: stream_socket_client failed, errstr: Unable to find the socket transport "unix" - did you forget to enable it when you configured PHP?]]
26.02.24 18:46:46 sendEvent [8.19] [resp] [admin] [startMultiTrials] [phb,app,trial,0,1,2,1,1,admin,Santiago_Morales] [exception: stream_socket_client failed, errstr: Unable to find the socket transport "unix" - did you forget to enable it when you configured PHP?]
26.02.24 18:46:46 sendStatusDoc [warn] [sendEvent [8.19] [resp] [admin] [startMultiTrials] [phb,app,trial,0,1,2,1,1,admin,Santiago_Morales] [exception: stream_socket_client failed, errstr: Unable to find the socket transport "unix" - did you forget to enable it when you configured PHP?]]
26.02.24 18:46:59 sendEvent [8.19] [resp] [admin] [touchGame] [] [exception: stream_socket_client failed, errstr: Unable to find the socket transport "unix" - did you forget to enable it when you configured PHP?]
26.02.24 18:46:59 sendStatusDoc [warn] [sendEvent [8.19] [resp] [admin] [touchGame] [] [exception: stream_socket_client failed, errstr: Unable to find the socket transport "unix" - did you forget to enable it when you configured PHP?]]
26.02.24 18:51:53 sendEvent [8.19] [resp] [admin] [startMultiTrials] [phb,app,trial,0,1,2,1,1,admin,Santiago_Morales] [exception: stream_socket_client failed, errstr: Unable to find the socket transport "unix" - did you forget to enable it when you configured PHP?]
26.02.24 18:51:53 sendStatusDoc [warn] [sendEvent [8.19] [resp] [admin] [startMultiTrials] [phb,app,trial,0,1,2,1,1,admin,Santiago_Morales] [exception: stream_socket_client failed, errstr: Unable to find the socket transport "unix" - did you forget to enable it when you configured PHP?]]
26.02.24 18:51:58 sendEvent [8.19] [resp] [admin] [touchGame] [] [exception: stream_socket_client failed, errstr: Unable to find the socket transport "unix" - did you forget to enable it when you configured PHP?]
26.02.24 18:51:58 sendStatusDoc [warn] [sendEvent [8.19] [resp] [admin] [touchGame] [] [exception: stream_socket_client failed, errstr: Unable to find the socket transport "unix" - did you forget to enable it when you configured PHP?]]
26.02.24 18:52:00 sendEvent [8.19] [resp] [admin] [endTest] [] [exception: stream_socket_client failed, errstr: Unable to find the socket transport "unix" - did you forget to enable it when you configured PHP?]
26.02.24 18:52:00 sendStatusDoc [warn] [sendEvent [8.19] [resp] [admin] [endTest] [] [exception: stream_socket_client failed, errstr: Unable to find the socket transport "unix" - did you forget to enable it when you configured PHP?]]
26.02.24 18:52:01 sendEvent [8.19] [cntr] [admin] [testEnded] [] [exception: stream_socket_client failed, errstr: Unable to find the socket transport "unix" - did you forget to enable it when you configured PHP?]
26.02.24 18:52:01 sendStatusDoc [warn] [sendEvent [8.19] [cntr] [admin] [testEnded] [] [exception: stream_socket_client failed, errstr: Unable to find the socket transport "unix" - did you forget to enable it when you configured PHP?]]
26.02.24 18:52:02 sendEvent [8.19] [resp] [admin] [cancelTrial] [] [exception: stream_socket_client failed, errstr: Unable to find the socket transport "unix" - did you forget to enable it when you configured PHP?]
26.02.24 18:52:02 sendStatusDoc [warn] [sendEvent [8.19] [resp] [admin] [cancelTrial] [] [exception: stream_socket_client failed, errstr: Unable to find the socket transport "unix" - did you forget to enable it when you configured PHP?]]
26.02.24 18:52:02 sendEvent [8.19] [cntr] [admin] [trialCancelled] [] [exception: stream_socket_client failed, errstr: Unable to find the socket transport "unix" - did you forget to enable it when you configured PHP?]
26.02.24 18:52:02 sendStatusDoc [warn] [sendEvent [8.19] [cntr] [admin] [trialCancelled] [] [exception: stream_socket_client failed, errstr: Unable to find the socket transport "unix" - did you forget to enable it when you configured PHP?]]
26.02.24 18:52:02 sendEvent [8.19] [resp] [admin] [endTest] [] [exception: stream_socket_client failed, errstr: Unable to find the socket transport "unix" - did you forget to enable it when you configured PHP?]
26.02.24 18:52:02 sendStatusDoc [warn] [sendEvent [8.19] [resp] [admin] [endTest] [] [exception: stream_socket_client failed, errstr: Unable to find the socket transport "unix" - did you forget to enable it when you configured PHP?]]
26.02.24 18:52:04 sendEvent [8.19] [resp] [admin] [startMultiTrials] [phb,app,trial,0,1,2,1,1,admin,Santiago_Morales] [exception: stream_socket_client failed, errstr: Unable to find the socket transport "unix" - did you forget to enable it when you configured PHP?]
26.02.24 18:52:04 sendStatusDoc [warn] [sendEvent [8.19] [resp] [admin] [startMultiTrials] [phb,app,trial,0,1,2,1,1,admin,Santiago_Morales] [exception: stream_socket_client failed, errstr: Unable to find the socket transport "unix" - did you forget to enable it when you configured PHP?]]
26.02.24 18:52:06 sendEvent [8.19] [resp] [admin] [endTest] [] [exception: stream_socket_client failed, errstr: Unable to find the socket transport "unix" - did you forget to enable it when you configured PHP?]
26.02.24 18:52:06 sendStatusDoc [warn] [sendEvent [8.19] [resp] [admin] [endTest] [] [exception: stream_socket_client failed, errstr: Unable to find the socket transport "unix" - did you forget to enable it when you configured PHP?]]
26.02.24 18:52:10 sendEvent [8.19] [resp] [admin] [cancelTrial] [] [exception: stream_socket_client failed, errstr: Unable to find the socket transport "unix" - did you forget to enable it when you configured PHP?]
26.02.24 18:52:10 sendStatusDoc [warn] [sendEvent [8.19] [resp] [admin] [cancelTrial] [] [exception: stream_socket_client failed, errstr: Unable to find the socket transport "unix" - did you forget to enable it when you configured PHP?]]
26.02.24 18:52:52 sendEvent [8.19] [resp] [admin] [startMultiTrials] [phb,rst,trial,0,1,2,1,1,admin,Santiago_Morales] [exception: stream_socket_client failed, errstr: Unable to find the socket transport "unix" - did you forget to enable it when you configured PHP?]
26.02.24 18:52:52 sendStatusDoc [warn] [sendEvent [8.19] [resp] [admin] [startMultiTrials] [phb,rst,trial,0,1,2,1,1,admin,Santiago_Morales] [exception: stream_socket_client failed, errstr: Unable to find the socket transport "unix" - did you forget to enable it when you configured PHP?]]
26.02.24 18:52:54 sendEvent [8.19] [resp] [admin] [goodbye] [] [exception: stream_socket_client failed, errstr: Unable to find the socket transport "unix" - did you forget to enable it when you configured PHP?]
26.02.24 18:52:54 sendStatusDoc [warn] [sendEvent [8.19] [resp] [admin] [goodbye] [] [exception: stream_socket_client failed, errstr: Unable to find the socket transport "unix" - did you forget to enable it when you configured PHP?]]
26.02.24 18:53:27 sendEvent [8.19] [resp] [admin] [startMultiTrials] [phb,rst,trial,0,1,2,1,1,admin,Santiago_Morales] [exception: stream_socket_client failed, errstr: Unable to find the socket transport "unix" - did you forget to enable it when you configured PHP?]
26.02.24 18:53:27 sendStatusDoc [warn] [sendEvent [8.19] [resp] [admin] [startMultiTrials] [phb,rst,trial,0,1,2,1,1,admin,Santiago_Morales] [exception: stream_socket_client failed, errstr: Unable to find the socket transport "unix" - did you forget to enable it when you configured PHP?]]
26.02.24 18:55:03 sendEvent [8.19] [resp] [admin] [cancelTrial] [] [exception: stream_socket_client failed, errstr: Unable to find the socket transport "unix" - did you forget to enable it when you configured PHP?]
26.02.24 18:55:03 sendStatusDoc [warn] [sendEvent [8.19] [resp] [admin] [cancelTrial] [] [exception: stream_socket_client failed, errstr: Unable to find the socket transport "unix" - did you forget to enable it when you configured PHP?]]
26.02.24 18:55:04 sendEvent [8.19] [resp] [admin] [endTest] [] [exception: stream_socket_client failed, errstr: Unable to find the socket transport "unix" - did you forget to enable it when you configured PHP?]
26.02.24 18:55:04 sendStatusDoc [warn] [sendEvent [8.19] [resp] [admin] [endTest] [] [exception: stream_socket_client failed, errstr: Unable to find the socket transport "unix" - did you forget to enable it when you configured PHP?]]
26.02.24 18:55:04 sendEvent [8.19] [cntr] [admin] [trialCancelled] [] [exception: stream_socket_client failed, errstr: Unable to find the socket transport "unix" - did you forget to enable it when you configured PHP?]
26.02.24 18:55:04 sendStatusDoc [warn] [sendEvent [8.19] [cntr] [admin] [trialCancelled] [] [exception: stream_socket_client failed, errstr: Unable to find the socket transport "unix" - did you forget to enable it when you configured PHP?]]
26.02.24 18:55:07 sendEvent [8.19] [resp] [admin] [startMultiTrials] [phb,app,trial,0,1,2,1,1,admin,Santiago_Morales] [exception: stream_socket_client failed, errstr: Unable to find the socket transport "unix" - did you forget to enable it when you configured PHP?]
26.02.24 18:55:07 sendStatusDoc [warn] [sendEvent [8.19] [resp] [admin] [startMultiTrials] [phb,app,trial,0,1,2,1,1,admin,Santiago_Morales] [exception: stream_socket_client failed, errstr: Unable to find the socket transport "unix" - did you forget to enable it when you configured PHP?]]
26.02.24 18:55:11 sendEvent [8.19] [resp] [admin] [touchGame] [] [exception: stream_socket_client failed, errstr: Unable to find the socket transport "unix" - did you forget to enable it when you configured PHP?]
26.02.24 18:55:11 sendStatusDoc [warn] [sendEvent [8.19] [resp] [admin] [touchGame] [] [exception: stream_socket_client failed, errstr: Unable to find the socket transport "unix" - did you forget to enable it when you configured PHP?]]
26.02.24 18:55:12 sendEvent [8.19] [resp] [admin] [endTest] [] [exception: stream_socket_client failed, errstr: Unable to find the socket transport "unix" - did you forget to enable it when you configured PHP?]
26.02.24 18:55:12 sendStatusDoc [warn] [sendEvent [8.19] [resp] [admin] [endTest] [] [exception: stream_socket_client failed, errstr: Unable to find the socket transport "unix" - did you forget to enable it when you configured PHP?]]
26.02.24 18:55:19 sendEvent [8.19] [resp] [admin] [touchGame] [] [exception: stream_socket_client failed, errstr: Unable to find the socket transport "unix" - did you forget to enable it when you configured PHP?]
26.02.24 18:55:19 sendStatusDoc [warn] [sendEvent [8.19] [resp] [admin] [touchGame] [] [exception: stream_socket_client failed, errstr: Unable to find the socket transport "unix" - did you forget to enable it when you configured PHP?]]
26.02.24 18:55:20 sendEvent [8.19] [resp] [admin] [touchGame] [] [exception: stream_socket_client failed, errstr: Unable to find the socket transport "unix" - did you forget to enable it when you configured PHP?]
26.02.24 18:55:20 sendStatusDoc [warn] [sendEvent [8.19] [resp] [admin] [touchGame] [] [exception: stream_socket_client failed, errstr: Unable to find the socket transport "unix" - did you forget to enable it when you configured PHP?]]
26.02.24 18:55:21 sendEvent [8.19] [resp] [admin] [touchGame] [] [exception: stream_socket_client failed, errstr: Unable to find the socket transport "unix" - did you forget to enable it when you configured PHP?]
26.02.24 18:55:21 sendStatusDoc [warn] [sendEvent [8.19] [resp] [admin] [touchGame] [] [exception: stream_socket_client failed, errstr: Unable to find the socket transport "unix" - did you forget to enable it when you configured PHP?]]
26.02.24 18:55:22 sendEvent [8.19] [resp] [admin] [touchGame] [] [exception: stream_socket_client failed, errstr: Unable to find the socket transport "unix" - did you forget to enable it when you configured PHP?]
26.02.24 18:55:22 sendStatusDoc [warn] [sendEvent [8.19] [resp] [admin] [touchGame] [] [exception: stream_socket_client failed, errstr: Unable to find the socket transport "unix" - did you forget to enable it when you configured PHP?]]
26.02.24 18:55:23 sendEvent [8.19] [resp] [admin] [touchGame] [] [exception: stream_socket_client failed, errstr: Unable to find the socket transport "unix" - did you forget to enable it when you configured PHP?]
26.02.24 18:55:23 sendStatusDoc [warn] [sendEvent [8.19] [resp] [admin] [touchGame] [] [exception: stream_socket_client failed, errstr: Unable to find the socket transport "unix" - did you forget to enable it when you configured PHP?]]
26.02.24 18:55:23 sendEvent [8.19] [resp] [admin] [touchGame] [] [exception: stream_socket_client failed, errstr: Unable to find the socket transport "unix" - did you forget to enable it when you configured PHP?]
26.02.24 18:55:23 sendStatusDoc [warn] [sendEvent [8.19] [resp] [admin] [touchGame] [] [exception: stream_socket_client failed, errstr: Unable to find the socket transport "unix" - did you forget to enable it when you configured PHP?]]
26.02.24 18:55:24 sendEvent [8.19] [resp] [admin] [touchGame] [] [exception: stream_socket_client failed, errstr: Unable to find the socket transport "unix" - did you forget to enable it when you configured PHP?]
26.02.24 18:55:24 sendStatusDoc [warn] [sendEvent [8.19] [resp] [admin] [touchGame] [] [exception: stream_socket_client failed, errstr: Unable to find the socket transport "unix" - did you forget to enable it when you configured PHP?]]
26.02.24 18:55:25 sendEvent [8.19] [resp] [admin] [touchGame] [] [exception: stream_socket_client failed, errstr: Unable to find the socket transport "unix" - did you forget to enable it when you configured PHP?]
26.02.24 18:55:25 sendStatusDoc [warn] [sendEvent [8.19] [resp] [admin] [touchGame] [] [exception: stream_socket_client failed, errstr: Unable to find the socket transport "unix" - did you forget to enable it when you configured PHP?]]
26.02.24 18:56:12 sendEvent [8.19] [resp] [admin] [cancelTrial] [] [exception: stream_socket_client failed, errstr: Unable to find the socket transport "unix" - did you forget to enable it when you configured PHP?]
26.02.24 18:56:12 sendStatusDoc [warn] [sendEvent [8.19] [resp] [admin] [cancelTrial] [] [exception: stream_socket_client failed, errstr: Unable to find the socket transport "unix" - did you forget to enable it when you configured PHP?]]
26.02.24 18:56:13 sendEvent [8.19] [resp] [admin] [touchGame] [] [exception: stream_socket_client failed, errstr: Unable to find the socket transport "unix" - did you forget to enable it when you configured PHP?]
26.02.24 18:56:13 sendStatusDoc [warn] [sendEvent [8.19] [resp] [admin] [touchGame] [] [exception: stream_socket_client failed, errstr: Unable to find the socket transport "unix" - did you forget to enable it when you configured PHP?]]
26.02.24 18:56:14 sendEvent [8.19] [resp] [admin] [cancelTrial] [] [exception: stream_socket_client failed, errstr: Unable to find the socket transport "unix" - did you forget to enable it when you configured PHP?]
26.02.24 18:56:14 sendStatusDoc [warn] [sendEvent [8.19] [resp] [admin] [cancelTrial] [] [exception: stream_socket_client failed, errstr: Unable to find the socket transport "unix" - did you forget to enable it when you configured PHP?]]
26.02.24 18:56:15 sendEvent [8.19] [resp] [admin] [touchGame] [] [exception: stream_socket_client failed, errstr: Unable to find the socket transport "unix" - did you forget to enable it when you configured PHP?]
26.02.24 18:56:15 sendStatusDoc [warn] [sendEvent [8.19] [resp] [admin] [touchGame] [] [exception: stream_socket_client failed, errstr: Unable to find the socket transport "unix" - did you forget to enable it when you configured PHP?]]
26.02.24 18:56:17 sendEvent [8.19] [resp] [admin] [touchGame] [] [exception: stream_socket_client failed, errstr: Unable to find the socket transport "unix" - did you forget to enable it when you configured PHP?]
26.02.24 18:56:17 sendStatusDoc [warn] [sendEvent [8.19] [resp] [admin] [touchGame] [] [exception: stream_socket_client failed, errstr: Unable to find the socket transport "unix" - did you forget to enable it when you configured PHP?]]
26.02.24 18:56:18 sendEvent [8.19] [resp] [admin] [cancelTrial] [] [exception: stream_socket_client failed, errstr: Unable to find the socket transport "unix" - did you forget to enable it when you configured PHP?]
26.02.24 18:56:18 sendStatusDoc [warn] [sendEvent [8.19] [resp] [admin] [cancelTrial] [] [exception: stream_socket_client failed, errstr: Unable to find the socket transport "unix" - did you forget to enable it when you configured PHP?]]
26.02.24 18:58:11 sendEvent [8.19] [resp] [admin] [goodbye] [] [exception: stream_socket_client failed, errstr: Unable to find the socket transport "unix" - did you forget to enable it when you configured PHP?]
26.02.24 18:58:11 sendStatusDoc [warn] [sendEvent [8.19] [resp] [admin] [goodbye] [] [exception: stream_socket_client failed, errstr: Unable to find the socket transport "unix" - did you forget to enable it when you configured PHP?]]
26.02.24 18:58:41 sendEvent [8.19] [resp] [admin] [startMultiTrials] [phb,app,trial,0,1,2,1,1,admin,Santiago_Morales] [exception: stream_socket_client failed, errstr: Unable to find the socket transport "unix" - did you forget to enable it when you configured PHP?]
26.02.24 18:58:41 sendStatusDoc [warn] [sendEvent [8.19] [resp] [admin] [startMultiTrials] [phb,app,trial,0,1,2,1,1,admin,Santiago_Morales] [exception: stream_socket_client failed, errstr: Unable to find the socket transport "unix" - did you forget to enable it when you configured PHP?]]
26.02.24 19:01:30 sendEvent [8.19] [resp] [admin] [startMultiTrials] [phb,app,trial,0,1,2,1,1,admin,Santiago_Morales] [exception: stream_socket_client failed, errstr: Unable to find the socket transport "unix" - did you forget to enable it when you configured PHP?]
26.02.24 19:01:30 sendStatusDoc [warn] [sendEvent [8.19] [resp] [admin] [startMultiTrials] [phb,app,trial,0,1,2,1,1,admin,Santiago_Morales] [exception: stream_socket_client failed, errstr: Unable to find the socket transport "unix" - did you forget to enable it when you configured PHP?]]
26.02.24 19:01:53 sendEvent [8.19] [resp] [admin] [startMultiTrials] [phb,rst,trial,0,1,2,1,1,admin,Santiago_Morales] [exception: stream_socket_client failed, errstr: Unable to find the socket transport "unix" - did you forget to enable it when you configured PHP?]
26.02.24 19:01:53 sendStatusDoc [warn] [sendEvent [8.19] [resp] [admin] [startMultiTrials] [phb,rst,trial,0,1,2,1,1,admin,Santiago_Morales] [exception: stream_socket_client failed, errstr: Unable to find the socket transport "unix" - did you forget to enable it when you configured PHP?]]
26.02.24 19:05:33 sendEvent [8.19] [resp] [admin] [startMultiTrials] [phb,app,trial,0,1,2,1,1,admin,Santiago_Morales] [exception: stream_socket_client failed, errstr: Unable to find the socket transport "unix" - did you forget to enable it when you configured PHP?]
26.02.24 19:05:33 sendStatusDoc [warn] [sendEvent [8.19] [resp] [admin] [startMultiTrials] [phb,app,trial,0,1,2,1,1,admin,Santiago_Morales] [exception: stream_socket_client failed, errstr: Unable to find the socket transport "unix" - did you forget to enable it when you configured PHP?]]
26.02.24 19:05:34 sendEvent [8.19] [cntr] [admin] [gameStarted] [bfly] [exception: stream_socket_client failed, errstr: Unable to find the socket transport "unix" - did you forget to enable it when you configured PHP?]
26.02.24 19:05:34 sendStatusDoc [warn] [sendEvent [8.19] [cntr] [admin] [gameStarted] [bfly] [exception: stream_socket_client failed, errstr: Unable to find the socket transport "unix" - did you forget to enable it when you configured PHP?]]
26.02.24 19:05:34 sendEvent [8.19] [cntr] [admin] [trialStarted] [phb,app,,1771959934339] [exception: stream_socket_client failed, errstr: Unable to find the socket transport "unix" - did you forget to enable it when you configured PHP?]
26.02.24 19:05:34 sendStatusDoc [warn] [sendEvent [8.19] [cntr] [admin] [trialStarted] [phb,app,,1771959934339] [exception: stream_socket_client failed, errstr: Unable to find the socket transport "unix" - did you forget to enable it when you configured PHP?]]
26.02.24 19:05:47 sendEvent [8.19] [resp] [admin] [endTest] [] [exception: stream_socket_client failed, errstr: Unable to find the socket transport "unix" - did you forget to enable it when you configured PHP?]
26.02.24 19:05:47 sendStatusDoc [warn] [sendEvent [8.19] [resp] [admin] [endTest] [] [exception: stream_socket_client failed, errstr: Unable to find the socket transport "unix" - did you forget to enable it when you configured PHP?]]
26.02.24 19:05:49 sendEvent [8.19] [resp] [admin] [startMultiTrials] [phb,app,trial,0,1,2,1,1,admin,Santiago_Morales] [exception: stream_socket_client failed, errstr: Unable to find the socket transport "unix" - did you forget to enable it when you configured PHP?]
26.02.24 19:05:49 sendStatusDoc [warn] [sendEvent [8.19] [resp] [admin] [startMultiTrials] [phb,app,trial,0,1,2,1,1,admin,Santiago_Morales] [exception: stream_socket_client failed, errstr: Unable to find the socket transport "unix" - did you forget to enable it when you configured PHP?]]
26.02.24 19:06:24 sendEvent [8.19] [resp] [admin] [startMultiTrials] [phb,app,trial,0,1,2,1,1,admin,Santiago_Morales] [exception: stream_socket_client failed, errstr: Unable to find the socket transport "unix" - did you forget to enable it when you configured PHP?]
26.02.24 19:06:24 sendStatusDoc [warn] [sendEvent [8.19] [resp] [admin] [startMultiTrials] [phb,app,trial,0,1,2,1,1,admin,Santiago_Morales] [exception: stream_socket_client failed, errstr: Unable to find the socket transport "unix" - did you forget to enable it when you configured PHP?]]
26.02.24 19:06:25 sendEvent [8.19] [cntr] [admin] [gameStarted] [bfly] [exception: stream_socket_client failed, errstr: Unable to find the socket transport "unix" - did you forget to enable it when you configured PHP?]
26.02.24 19:06:25 sendStatusDoc [warn] [sendEvent [8.19] [cntr] [admin] [gameStarted] [bfly] [exception: stream_socket_client failed, errstr: Unable to find the socket transport "unix" - did you forget to enable it when you configured PHP?]]
26.02.24 19:06:25 sendEvent [8.19] [cntr] [admin] [trialStarted] [phb,app,,1771959985100] [exception: stream_socket_client failed, errstr: Unable to find the socket transport "unix" - did you forget to enable it when you configured PHP?]
26.02.24 19:06:25 sendStatusDoc [warn] [sendEvent [8.19] [cntr] [admin] [trialStarted] [phb,app,,1771959985100] [exception: stream_socket_client failed, errstr: Unable to find the socket transport "unix" - did you forget to enable it when you configured PHP?]]
26.02.24 19:06:29 sendEvent [8.19] [cntr] [admin] [trialResult] [admin,1,2,phb,1,1771959985097,1771959985100,app,trial,1,,true,3357,3357,3357,bfly,,0,0,0,0,0] [exception: stream_socket_client failed, errstr: Unable to find the socket transport "unix" - did you forget to enable it when you configured PHP?]
26.02.24 19:06:29 sendStatusDoc [warn] [sendEvent [8.19] [cntr] [admin] [trialResult] [admin,1,2,phb,1,1771959985097,1771959985100,app,trial,1,,true,3357,3357,3357,bfly,,0,0,0,0,0] [exception: stream_socket_client failed, errstr: Unable to find the socket transport "unix" - did you forget to enable it when you configured PHP?]]
26.02.24 19:08:49 sendEvent [8.19] [resp] [admin] [startMultiTrials] [phb,rst,trial,0,1,2,1,1,admin,Santiago_Morales] [exception: stream_socket_client failed, errstr: Unable to find the socket transport "unix" - did you forget to enable it when you configured PHP?]
26.02.24 19:08:49 sendStatusDoc [warn] [sendEvent [8.19] [resp] [admin] [startMultiTrials] [phb,rst,trial,0,1,2,1,1,admin,Santiago_Morales] [exception: stream_socket_client failed, errstr: Unable to find the socket transport "unix" - did you forget to enable it when you configured PHP?]]
26.02.24 19:08:50 sendEvent [8.19] [cntr] [admin] [gameStarted] [frog] [exception: stream_socket_client failed, errstr: Unable to find the socket transport "unix" - did you forget to enable it when you configured PHP?]
26.02.24 19:08:50 sendStatusDoc [warn] [sendEvent [8.19] [cntr] [admin] [gameStarted] [frog] [exception: stream_socket_client failed, errstr: Unable to find the socket transport "unix" - did you forget to enable it when you configured PHP?]]
26.02.24 19:08:50 sendEvent [8.19] [cntr] [admin] [trialStarted] [phb,rst,,1771960130194] [exception: stream_socket_client failed, errstr: Unable to find the socket transport "unix" - did you forget to enable it when you configured PHP?]
26.02.24 19:08:50 sendStatusDoc [warn] [sendEvent [8.19] [cntr] [admin] [trialStarted] [phb,rst,,1771960130194] [exception: stream_socket_client failed, errstr: Unable to find the socket transport "unix" - did you forget to enable it when you configured PHP?]]
26.02.24 19:09:03 sendEvent [8.19] [cntr] [admin] [trialResult] [admin,1,2,phb,1,1771960130191,1771960130194,rst,trial,1,,false,11917,12597,12597,frog,,0,0,0,0,0] [exception: stream_socket_client failed, errstr: Unable to find the socket transport "unix" - did you forget to enable it when you configured PHP?]
26.02.24 19:09:03 sendStatusDoc [warn] [sendEvent [8.19] [cntr] [admin] [trialResult] [admin,1,2,phb,1,1771960130191,1771960130194,rst,trial,1,,false,11917,12597,12597,frog,,0,0,0,0,0] [exception: stream_socket_client failed, errstr: Unable to find the socket transport "unix" - did you forget to enable it when you configured PHP?]]
26.02.24 19:09:54 sendEvent [8.19] [resp] [admin] [touchGame] [] [exception: stream_socket_client failed, errstr: Unable to find the socket transport "unix" - did you forget to enable it when you configured PHP?]
26.02.24 19:09:54 sendStatusDoc [warn] [sendEvent [8.19] [resp] [admin] [touchGame] [] [exception: stream_socket_client failed, errstr: Unable to find the socket transport "unix" - did you forget to enable it when you configured PHP?]]
26.02.24 19:09:58 sendEvent [8.19] [resp] [admin] [touchGame] [] [exception: stream_socket_client failed, errstr: Unable to find the socket transport "unix" - did you forget to enable it when you configured PHP?]
26.02.24 19:09:58 sendStatusDoc [warn] [sendEvent [8.19] [resp] [admin] [touchGame] [] [exception: stream_socket_client failed, errstr: Unable to find the socket transport "unix" - did you forget to enable it when you configured PHP?]]
26.02.24 19:10:17 sendEvent [8.19] [resp] [admin] [touchGame] [] [exception: stream_socket_client failed, errstr: Unable to find the socket transport "unix" - did you forget to enable it when you configured PHP?]
26.02.24 19:10:17 sendStatusDoc [warn] [sendEvent [8.19] [resp] [admin] [touchGame] [] [exception: stream_socket_client failed, errstr: Unable to find the socket transport "unix" - did you forget to enable it when you configured PHP?]]
26.02.24 19:28:13 sendEvent [8.19] [resp] [admin] [setReadyMessage] [,,dot,msg_adtReady,,spc] [exception: stream_socket_client failed, errstr: Unable to find the socket transport "unix" - did you forget to enable it when you configured PHP?]
26.02.24 19:28:13 sendStatusDoc [warn] [sendEvent [8.19] [resp] [admin] [setReadyMessage] [,,dot,msg_adtReady,,spc] [exception: stream_socket_client failed, errstr: Unable to find the socket transport "unix" - did you forget to enable it when you configured PHP?]]
26.02.24 19:28:13 sendEvent [8.19] [resp] [admin] [startMultiTrials] [spc,pr,demo,0,1,2,1,1,admin,Santiago_Morales] [exception: stream_socket_client failed, errstr: Unable to find the socket transport "unix" - did you forget to enable it when you configured PHP?]
26.02.24 19:28:13 sendStatusDoc [warn] [sendEvent [8.19] [resp] [admin] [startMultiTrials] [spc,pr,demo,0,1,2,1,1,admin,Santiago_Morales] [exception: stream_socket_client failed, errstr: Unable to find the socket transport "unix" - did you forget to enable it when you configured PHP?]]
26.02.24 19:28:32 sendEvent [8.19] [cntr] [admin] [trialResult] [admin,1,2,spc,1,1771961306191,1771961306196,pr,demo,1,centr,1,4669,5894,5894,R,clown,0,0,0,0,0] [exception: stream_socket_client failed, errstr: Unable to find the socket transport "unix" - did you forget to enable it when you configured PHP?]
26.02.24 19:28:32 sendStatusDoc [warn] [sendEvent [8.19] [cntr] [admin] [trialResult] [admin,1,2,spc,1,1771961306191,1771961306196,pr,demo,1,centr,1,4669,5894,5894,R,clown,0,0,0,0,0] [exception: stream_socket_client failed, errstr: Unable to find the socket transport "unix" - did you forget to enable it when you configured PHP?]]
26.02.24 19:28:35 sendEvent [8.19] [cntr] [admin] [trialEnded] [] [exception: stream_socket_client failed, errstr: Unable to find the socket transport "unix" - did you forget to enable it when you configured PHP?]
26.02.24 19:28:35 sendStatusDoc [warn] [sendEvent [8.19] [cntr] [admin] [trialEnded] [] [exception: stream_socket_client failed, errstr: Unable to find the socket transport "unix" - did you forget to enable it when you configured PHP?]]
26.02.24 19:29:41 sendEvent [8.19] [resp] [admin] [setReadyMessage] [,,dot,msg_adtReady,,spc] [exception: stream_socket_client failed, errstr: Unable to find the socket transport "unix" - did you forget to enable it when you configured PHP?]
26.02.24 19:29:41 sendStatusDoc [warn] [sendEvent [8.19] [resp] [admin] [setReadyMessage] [,,dot,msg_adtReady,,spc] [exception: stream_socket_client failed, errstr: Unable to find the socket transport "unix" - did you forget to enable it when you configured PHP?]]
26.02.24 19:29:41 sendEvent [8.19] [resp] [admin] [startMultiTrials] [spc,pr,trial,0,1,2,1,12,admin,Santiago_Morales] [exception: stream_socket_client failed, errstr: Unable to find the socket transport "unix" - did you forget to enable it when you configured PHP?]
26.02.24 19:29:41 sendStatusDoc [warn] [sendEvent [8.19] [resp] [admin] [startMultiTrials] [spc,pr,trial,0,1,2,1,12,admin,Santiago_Morales] [exception: stream_socket_client failed, errstr: Unable to find the socket transport "unix" - did you forget to enable it when you configured PHP?]]
26.02.24 19:29:53 sendEvent [8.19] [cntr] [admin] [trialResult] [admin,1,2,spc,1,1771961391649,1771961391653,pr,trial,1,centr,1,26,1243,1243,R,baby,0,0,0,0,11] [exception: stream_socket_client failed, errstr: Unable to find the socket transport "unix" - did you forget to enable it when you configured PHP?]
26.02.24 19:29:53 sendStatusDoc [warn] [sendEvent [8.19] [cntr] [admin] [trialResult] [admin,1,2,spc,1,1771961391649,1771961391653,pr,trial,1,centr,1,26,1243,1243,R,baby,0,0,0,0,11] [exception: stream_socket_client failed, errstr: Unable to find the socket transport "unix" - did you forget to enable it when you configured PHP?]]
26.02.24 19:29:57 sendEvent [8.19] [cntr] [admin] [trialResult] [admin,1,2,spc,1,1771961395976,1771961395978,pr,trial,2,centr,1,1209,1209,1209,L,cat,0,0,0,0,10] [exception: stream_socket_client failed, errstr: Unable to find the socket transport "unix" - did you forget to enable it when you configured PHP?]
26.02.24 19:29:57 sendStatusDoc [warn] [sendEvent [8.19] [cntr] [admin] [trialResult] [admin,1,2,spc,1,1771961395976,1771961395978,pr,trial,2,centr,1,1209,1209,1209,L,cat,0,0,0,0,10] [exception: stream_socket_client failed, errstr: Unable to find the socket transport "unix" - did you forget to enable it when you configured PHP?]]
26.02.24 19:30:01 sendEvent [8.19] [cntr] [admin] [trialResult] [admin,1,2,spc,1,1771961400260,1771961400263,pr,trial,3,centr,1,1105,1105,1105,R,clown,0,0,0,0,9] [exception: stream_socket_client failed, errstr: Unable to find the socket transport "unix" - did you forget to enable it when you configured PHP?]
26.02.24 19:30:01 sendStatusDoc [warn] [sendEvent [8.19] [cntr] [admin] [trialResult] [admin,1,2,spc,1,1771961400260,1771961400263,pr,trial,3,centr,1,1105,1105,1105,R,clown,0,0,0,0,9] [exception: stream_socket_client failed, errstr: Unable to find the socket transport "unix" - did you forget to enable it when you configured PHP?]]
26.02.24 19:30:05 sendEvent [8.19] [cntr] [admin] [trialResult] [admin,1,2,spc,1,1771961404717,1771961404720,pr,trial,4,centr,1,843,843,843,L,clown,0,0,0,0,8] [exception: stream_socket_client failed, errstr: Unable to find the socket transport "unix" - did you forget to enable it when you configured PHP?]
26.02.24 19:30:05 sendStatusDoc [warn] [sendEvent [8.19] [cntr] [admin] [trialResult] [admin,1,2,spc,1,1771961404717,1771961404720,pr,trial,4,centr,1,843,843,843,L,clown,0,0,0,0,8] [exception: stream_socket_client failed, errstr: Unable to find the socket transport "unix" - did you forget to enable it when you configured PHP?]]
26.02.24 19:30:10 sendEvent [8.19] [cntr] [admin] [trialResult] [admin,1,2,spc,1,1771961409226,1771961409228,pr,trial,5,centr,1,1119,1119,1119,R,reader,0,0,0,0,7] [exception: stream_socket_client failed, errstr: Unable to find the socket transport "unix" - did you forget to enable it when you configured PHP?]
26.02.24 19:30:10 sendStatusDoc [warn] [sendEvent [8.19] [cntr] [admin] [trialResult] [admin,1,2,spc,1,1771961409226,1771961409228,pr,trial,5,centr,1,1119,1119,1119,R,reader,0,0,0,0,7] [exception: stream_socket_client failed, errstr: Unable to find the socket transport "unix" - did you forget to enable it when you configured PHP?]]
26.02.24 19:30:14 sendEvent [8.19] [cntr] [admin] [trialResult] [admin,1,2,spc,1,1771961413167,1771961413171,pr,trial,6,centr,1,858,858,858,L,snail,0,0,0,0,6] [exception: stream_socket_client failed, errstr: Unable to find the socket transport "unix" - did you forget to enable it when you configured PHP?]
26.02.24 19:30:14 sendStatusDoc [warn] [sendEvent [8.19] [cntr] [admin] [trialResult] [admin,1,2,spc,1,1771961413167,1771961413171,pr,trial,6,centr,1,858,858,858,L,snail,0,0,0,0,6] [exception: stream_socket_client failed, errstr: Unable to find the socket transport "unix" - did you forget to enable it when you configured PHP?]]
26.02.24 19:30:41 sendEvent [8.19] [resp] [admin] [cancelTrial] [] [exception: stream_socket_client failed, errstr: Unable to find the socket transport "unix" - did you forget to enable it when you configured PHP?]
26.02.24 19:30:41 sendStatusDoc [warn] [sendEvent [8.19] [resp] [admin] [cancelTrial] [] [exception: stream_socket_client failed, errstr: Unable to find the socket transport "unix" - did you forget to enable it when you configured PHP?]]
26.02.24 19:30:42 sendEvent [8.19] [resp] [admin] [endTrials] [spc,test] [exception: stream_socket_client failed, errstr: Unable to find the socket transport "unix" - did you forget to enable it when you configured PHP?]
26.02.24 19:30:42 sendStatusDoc [warn] [sendEvent [8.19] [resp] [admin] [endTrials] [spc,test] [exception: stream_socket_client failed, errstr: Unable to find the socket transport "unix" - did you forget to enable it when you configured PHP?]]
26.02.24 19:30:42 sendEvent [8.19] [resp] [admin] [endTrials] [spc,test] [exception: stream_socket_client failed, errstr: Unable to find the socket transport "unix" - did you forget to enable it when you configured PHP?]
26.02.24 19:30:42 sendStatusDoc [warn] [sendEvent [8.19] [resp] [admin] [endTrials] [spc,test] [exception: stream_socket_client failed, errstr: Unable to find the socket transport "unix" - did you forget to enable it when you configured PHP?]]
26.02.24 19:31:12 sendEvent [8.19] [resp] [admin] [setReadyMessage] [,,dot,msg_adtReady,,spc] [exception: stream_socket_client failed, errstr: Unable to find the socket transport "unix" - did you forget to enable it when you configured PHP?]
26.02.24 19:31:12 sendStatusDoc [warn] [sendEvent [8.19] [resp] [admin] [setReadyMessage] [,,dot,msg_adtReady,,spc] [exception: stream_socket_client failed, errstr: Unable to find the socket transport "unix" - did you forget to enable it when you configured PHP?]]
26.02.24 19:31:12 sendEvent [8.19] [resp] [admin] [startMultiTrials] [spc,test,trial,0,1,2,1,32,admin,Santiago_Morales] [exception: stream_socket_client failed, errstr: Unable to find the socket transport "unix" - did you forget to enable it when you configured PHP?]
26.02.24 19:31:12 sendStatusDoc [warn] [sendEvent [8.19] [resp] [admin] [startMultiTrials] [spc,test,trial,0,1,2,1,32,admin,Santiago_Morales] [exception: stream_socket_client failed, errstr: Unable to find the socket transport "unix" - did you forget to enable it when you configured PHP?]]
26.02.24 19:31:26 sendEvent [8.19] [cntr] [admin] [trialResult] [admin,1,2,spc,1,1771961485531,1771961485536,test,trial,1,incg,1,1069,1069,1069,R,chick,0,0,0,0,31] [exception: stream_socket_client failed, errstr: Unable to find the socket transport "unix" - did you forget to enable it when you configured PHP?]
26.02.24 19:31:26 sendStatusDoc [warn] [sendEvent [8.19] [cntr] [admin] [trialResult] [admin,1,2,spc,1,1771961485531,1771961485536,test,trial,1,incg,1,1069,1069,1069,R,chick,0,0,0,0,31] [exception: stream_socket_client failed, errstr: Unable to find the socket transport "unix" - did you forget to enable it when you configured PHP?]]
26.02.24 19:31:31 sendEvent [8.19] [cntr] [admin] [trialResult] [admin,1,2,spc,1,1771961489980,1771961489985,test,trial,2,incg,1,1170,1170,1170,L,happy,0,0,0,0,30] [exception: stream_socket_client failed, errstr: Unable to find the socket transport "unix" - did you forget to enable it when you configured PHP?]
26.02.24 19:31:31 sendStatusDoc [warn] [sendEvent [8.19] [cntr] [admin] [trialResult] [admin,1,2,spc,1,1771961489980,1771961489985,test,trial,2,incg,1,1170,1170,1170,L,happy,0,0,0,0,30] [exception: stream_socket_client failed, errstr: Unable to find the socket transport "unix" - did you forget to enable it when you configured PHP?]]
26.02.24 19:31:35 sendEvent [8.19] [cntr] [admin] [trialResult] [admin,1,2,spc,1,1771961494373,1771961494375,test,trial,3,cngr,1,1257,1257,1257,R,chick,0,0,0,0,29] [exception: stream_socket_client failed, errstr: Unable to find the socket transport "unix" - did you forget to enable it when you configured PHP?]
26.02.24 19:31:35 sendStatusDoc [warn] [sendEvent [8.19] [cntr] [admin] [trialResult] [admin,1,2,spc,1,1771961494373,1771961494375,test,trial,3,cngr,1,1257,1257,1257,R,chick,0,0,0,0,29] [exception: stream_socket_client failed, errstr: Unable to find the socket transport "unix" - did you forget to enable it when you configured PHP?]]
26.02.24 19:31:39 sendEvent [8.19] [cntr] [admin] [trialResult] [admin,1,2,spc,1,1771961498672,1771961498678,test,trial,4,incg,1,922,922,922,L,mole,0,0,0,0,28] [exception: stream_socket_client failed, errstr: Unable to find the socket transport "unix" - did you forget to enable it when you configured PHP?]
26.02.24 19:31:39 sendStatusDoc [warn] [sendEvent [8.19] [cntr] [admin] [trialResult] [admin,1,2,spc,1,1771961498672,1771961498678,test,trial,4,incg,1,922,922,922,L,mole,0,0,0,0,28] [exception: stream_socket_client failed, errstr: Unable to find the socket transport "unix" - did you forget to enable it when you configured PHP?]]
26.02.24 19:31:43 sendEvent [8.19] [cntr] [admin] [trialResult] [admin,1,2,spc,1,1771961502825,1771961502830,test,trial,5,cngr,1,802,802,802,R,ghost,0,0,0,0,27] [exception: stream_socket_client failed, errstr: Unable to find the socket transport "unix" - did you forget to enable it when you configured PHP?]
26.02.24 19:31:43 sendStatusDoc [warn] [sendEvent [8.19] [cntr] [admin] [trialResult] [admin,1,2,spc,1,1771961502825,1771961502830,test,trial,5,cngr,1,802,802,802,R,ghost,0,0,0,0,27] [exception: stream_socket_client failed, errstr: Unable to find the socket transport "unix" - did you forget to enable it when you configured PHP?]]
26.02.24 19:31:47 sendEvent [8.19] [cntr] [admin] [trialResult] [admin,1,2,spc,1,1771961506179,1771961506183,test,trial,6,incg,1,926,927,927,L,whale,0,0,0,0,26] [exception: stream_socket_client failed, errstr: Unable to find the socket transport "unix" - did you forget to enable it when you configured PHP?]
26.02.24 19:31:47 sendStatusDoc [warn] [sendEvent [8.19] [cntr] [admin] [trialResult] [admin,1,2,spc,1,1771961506179,1771961506183,test,trial,6,incg,1,926,927,927,L,whale,0,0,0,0,26] [exception: stream_socket_client failed, errstr: Unable to find the socket transport "unix" - did you forget to enable it when you configured PHP?]]
26.02.24 19:31:51 sendEvent [8.19] [cntr] [admin] [trialResult] [admin,1,2,spc,1,1771961510442,1771961510444,test,trial,7,cngr,1,859,860,860,L,mole,0,0,0,0,25] [exception: stream_socket_client failed, errstr: Unable to find the socket transport "unix" - did you forget to enable it when you configured PHP?]
26.02.24 19:31:51 sendStatusDoc [warn] [sendEvent [8.19] [cntr] [admin] [trialResult] [admin,1,2,spc,1,1771961510442,1771961510444,test,trial,7,cngr,1,859,860,860,L,mole,0,0,0,0,25] [exception: stream_socket_client failed, errstr: Unable to find the socket transport "unix" - did you forget to enable it when you configured PHP?]]
26.02.24 19:31:55 sendEvent [8.19] [cntr] [admin] [trialResult] [admin,1,2,spc,1,1771961514322,1771961514326,test,trial,8,cngr,1,1003,1003,1003,R,whale,0,0,0,0,24] [exception: stream_socket_client failed, errstr: Unable to find the socket transport "unix" - did you forget to enable it when you configured PHP?]
26.02.24 19:31:55 sendStatusDoc [warn] [sendEvent [8.19] [cntr] [admin] [trialResult] [admin,1,2,spc,1,1771961514322,1771961514326,test,trial,8,cngr,1,1003,1003,1003,R,whale,0,0,0,0,24] [exception: stream_socket_client failed, errstr: Unable to find the socket transport "unix" - did you forget to enable it when you configured PHP?]]
26.02.24 19:34:26 sendEvent [8.19] [resp] [admin] [startMultiTrials] [dev,bvh,trial,0,1,2,1,1,admin,Santiago_Morales] [exception: stream_socket_client failed, errstr: Unable to find the socket transport "unix" - did you forget to enable it when you configured PHP?]
26.02.24 19:34:26 sendStatusDoc [warn] [sendEvent [8.19] [resp] [admin] [startMultiTrials] [dev,bvh,trial,0,1,2,1,1,admin,Santiago_Morales] [exception: stream_socket_client failed, errstr: Unable to find the socket transport "unix" - did you forget to enable it when you configured PHP?]]
26.02.24 19:34:32 sendEvent [8.19] [resp] [admin] [cancelTrial] [] [exception: stream_socket_client failed, errstr: Unable to find the socket transport "unix" - did you forget to enable it when you configured PHP?]
26.02.24 19:34:32 sendStatusDoc [warn] [sendEvent [8.19] [resp] [admin] [cancelTrial] [] [exception: stream_socket_client failed, errstr: Unable to find the socket transport "unix" - did you forget to enable it when you configured PHP?]]
26.02.24 19:34:33 sendEvent [8.19] [cntr] [admin] [trialCancelled] [] [exception: stream_socket_client failed, errstr: Unable to find the socket transport "unix" - did you forget to enable it when you configured PHP?]
26.02.24 19:34:33 sendStatusDoc [warn] [sendEvent [8.19] [cntr] [admin] [trialCancelled] [] [exception: stream_socket_client failed, errstr: Unable to find the socket transport "unix" - did you forget to enable it when you configured PHP?]]
26.02.24 19:36:52 sendEvent [8.19] [resp] [admin] [startMultiTrials] [dev,bvh,trial,0,1,2,1,1,admin,Santiago_Morales] [exception: stream_socket_client failed, errstr: Unable to find the socket transport "unix" - did you forget to enable it when you configured PHP?]
26.02.24 19:36:52 sendStatusDoc [warn] [sendEvent [8.19] [resp] [admin] [startMultiTrials] [dev,bvh,trial,0,1,2,1,1,admin,Santiago_Morales] [exception: stream_socket_client failed, errstr: Unable to find the socket transport "unix" - did you forget to enable it when you configured PHP?]]
26.02.24 19:36:57 sendEvent [8.19] [cntr] [admin] [trialStarted] [dev,bvh,,1771961817073] [exception: stream_socket_client failed, errstr: Unable to find the socket transport "unix" - did you forget to enable it when you configured PHP?]
26.02.24 19:36:57 sendStatusDoc [warn] [sendEvent [8.19] [cntr] [admin] [trialStarted] [dev,bvh,,1771961817073] [exception: stream_socket_client failed, errstr: Unable to find the socket transport "unix" - did you forget to enable it when you configured PHP?]]
26.02.24 19:37:09 sendEvent [8.19] [cntr] [admin] [trialResult] [admin,1,2,dev,1,0,1771961817074,bvh,trial,1,,1,0,0,12533,,,0,0,0,0,0] [exception: stream_socket_client failed, errstr: Unable to find the socket transport "unix" - did you forget to enable it when you configured PHP?]
26.02.24 19:37:09 sendStatusDoc [warn] [sendEvent [8.19] [cntr] [admin] [trialResult] [admin,1,2,dev,1,0,1771961817074,bvh,trial,1,,1,0,0,12533,,,0,0,0,0,0] [exception: stream_socket_client failed, errstr: Unable to find the socket transport "unix" - did you forget to enable it when you configured PHP?]]
26.02.24 19:37:10 sendEvent [8.19] [cntr] [admin] [trialEnded] [] [exception: stream_socket_client failed, errstr: Unable to find the socket transport "unix" - did you forget to enable it when you configured PHP?]
26.02.24 19:37:10 sendStatusDoc [warn] [sendEvent [8.19] [cntr] [admin] [trialEnded] [] [exception: stream_socket_client failed, errstr: Unable to find the socket transport "unix" - did you forget to enable it when you configured PHP?]]
26.02.24 19:37:12 sendEvent [8.19] [resp] [admin] [startMultiTrials] [dev,bvh,trial,1,1,2,1,1,admin,Santiago_Morales] [exception: stream_socket_client failed, errstr: Unable to find the socket transport "unix" - did you forget to enable it when you configured PHP?]
26.02.24 19:37:12 sendStatusDoc [warn] [sendEvent [8.19] [resp] [admin] [startMultiTrials] [dev,bvh,trial,1,1,2,1,1,admin,Santiago_Morales] [exception: stream_socket_client failed, errstr: Unable to find the socket transport "unix" - did you forget to enable it when you configured PHP?]]
26.02.24 19:37:54 sendEvent [8.19] [resp] [admin] [startMultiTrials] [dev,bvh,trial,0,1,2,1,1,admin,Santiago_Morales] [exception: stream_socket_client failed, errstr: Unable to find the socket transport "unix" - did you forget to enable it when you configured PHP?]
26.02.24 19:37:54 sendStatusDoc [warn] [sendEvent [8.19] [resp] [admin] [startMultiTrials] [dev,bvh,trial,0,1,2,1,1,admin,Santiago_Morales] [exception: stream_socket_client failed, errstr: Unable to find the socket transport "unix" - did you forget to enable it when you configured PHP?]]
26.02.24 19:38:10 sendEvent [8.19] [cntr] [admin] [trialStarted] [dev,bvh,,1771961890497] [exception: stream_socket_client failed, errstr: Unable to find the socket transport "unix" - did you forget to enable it when you configured PHP?]
26.02.24 19:38:10 sendStatusDoc [warn] [sendEvent [8.19] [cntr] [admin] [trialStarted] [dev,bvh,,1771961890497] [exception: stream_socket_client failed, errstr: Unable to find the socket transport "unix" - did you forget to enable it when you configured PHP?]]
26.02.24 19:38:23 sendEvent [8.19] [cntr] [admin] [trialResult] [admin,1,2,dev,1,0,1771961890498,bvh,trial,1,,1,0,0,12465,,,0,0,0,0,0] [exception: stream_socket_client failed, errstr: Unable to find the socket transport "unix" - did you forget to enable it when you configured PHP?]
26.02.24 19:38:23 sendStatusDoc [warn] [sendEvent [8.19] [cntr] [admin] [trialResult] [admin,1,2,dev,1,0,1771961890498,bvh,trial,1,,1,0,0,12465,,,0,0,0,0,0] [exception: stream_socket_client failed, errstr: Unable to find the socket transport "unix" - did you forget to enable it when you configured PHP?]]
26.02.24 19:38:24 sendEvent [8.19] [cntr] [admin] [trialEnded] [] [exception: stream_socket_client failed, errstr: Unable to find the socket transport "unix" - did you forget to enable it when you configured PHP?]
26.02.24 19:38:24 sendStatusDoc [warn] [sendEvent [8.19] [cntr] [admin] [trialEnded] [] [exception: stream_socket_client failed, errstr: Unable to find the socket transport "unix" - did you forget to enable it when you configured PHP?]]
26.02.24 19:38:44 sendEvent [8.19] [resp] [admin] [startMultiTrials] [dev,bvv,trial,0,1,2,1,1,admin,Santiago_Morales] [exception: stream_socket_client failed, errstr: Unable to find the socket transport "unix" - did you forget to enable it when you configured PHP?]
26.02.24 19:38:44 sendStatusDoc [warn] [sendEvent [8.19] [resp] [admin] [startMultiTrials] [dev,bvv,trial,0,1,2,1,1,admin,Santiago_Morales] [exception: stream_socket_client failed, errstr: Unable to find the socket transport "unix" - did you forget to enable it when you configured PHP?]]
26.02.24 19:39:00 sendEvent [8.19] [cntr] [admin] [trialStarted] [dev,bvv,,1771961939905] [exception: stream_socket_client failed, errstr: Unable to find the socket transport "unix" - did you forget to enable it when you configured PHP?]
26.02.24 19:39:00 sendStatusDoc [warn] [sendEvent [8.19] [cntr] [admin] [trialStarted] [dev,bvv,,1771961939905] [exception: stream_socket_client failed, errstr: Unable to find the socket transport "unix" - did you forget to enable it when you configured PHP?]]
26.02.24 19:39:13 sendEvent [8.19] [cntr] [admin] [trialResult] [admin,1,2,dev,1,0,1771961939906,bvv,trial,1,,1,0,0,13774,,,0,0,0,0,0] [exception: stream_socket_client failed, errstr: Unable to find the socket transport "unix" - did you forget to enable it when you configured PHP?]
26.02.24 19:39:13 sendStatusDoc [warn] [sendEvent [8.19] [cntr] [admin] [trialResult] [admin,1,2,dev,1,0,1771961939906,bvv,trial,1,,1,0,0,13774,,,0,0,0,0,0] [exception: stream_socket_client failed, errstr: Unable to find the socket transport "unix" - did you forget to enable it when you configured PHP?]]
26.02.24 19:39:13 sendEvent [8.19] [cntr] [admin] [trialEnded] [] [exception: stream_socket_client failed, errstr: Unable to find the socket transport "unix" - did you forget to enable it when you configured PHP?]
26.02.24 19:39:13 sendStatusDoc [warn] [sendEvent [8.19] [cntr] [admin] [trialEnded] [] [exception: stream_socket_client failed, errstr: Unable to find the socket transport "unix" - did you forget to enable it when you configured PHP?]]
26.02.24 19:40:11 sendEvent [8.19] [resp] [admin] [startMultiTrials] [dev,bvh,trial,0,1,2,1,1,admin,Santiago_Morales] [exception: stream_socket_client failed, errstr: Unable to find the socket transport "unix" - did you forget to enable it when you configured PHP?]
26.02.24 19:40:11 sendStatusDoc [warn] [sendEvent [8.19] [resp] [admin] [startMultiTrials] [dev,bvh,trial,0,1,2,1,1,admin,Santiago_Morales] [exception: stream_socket_client failed, errstr: Unable to find the socket transport "unix" - did you forget to enable it when you configured PHP?]]
26.02.24 19:40:29 sendEvent [8.19] [cntr] [admin] [trialStarted] [dev,bvh,,1771962029625] [exception: stream_socket_client failed, errstr: Unable to find the socket transport "unix" - did you forget to enable it when you configured PHP?]
26.02.24 19:40:29 sendStatusDoc [warn] [sendEvent [8.19] [cntr] [admin] [trialStarted] [dev,bvh,,1771962029625] [exception: stream_socket_client failed, errstr: Unable to find the socket transport "unix" - did you forget to enable it when you configured PHP?]]
26.02.24 19:40:45 sendEvent [8.19] [cntr] [admin] [trialResult] [admin,1,2,dev,1,0,1771962029627,bvh,trial,1,,1,0,0,15933,,,0,0,0,0,0] [exception: stream_socket_client failed, errstr: Unable to find the socket transport "unix" - did you forget to enable it when you configured PHP?]
26.02.24 19:40:45 sendStatusDoc [warn] [sendEvent [8.19] [cntr] [admin] [trialResult] [admin,1,2,dev,1,0,1771962029627,bvh,trial,1,,1,0,0,15933,,,0,0,0,0,0] [exception: stream_socket_client failed, errstr: Unable to find the socket transport "unix" - did you forget to enable it when you configured PHP?]]
26.02.24 19:40:45 sendEvent [8.19] [cntr] [admin] [trialEnded] [] [exception: stream_socket_client failed, errstr: Unable to find the socket transport "unix" - did you forget to enable it when you configured PHP?]
26.02.24 19:40:45 sendStatusDoc [warn] [sendEvent [8.19] [cntr] [admin] [trialEnded] [] [exception: stream_socket_client failed, errstr: Unable to find the socket transport "unix" - did you forget to enable it when you configured PHP?]]
26.02.24 19:51:59 sendEvent [8.19] [resp] [admin] [goodbye] [] [exception: stream_socket_client failed, errstr: Unable to find the socket transport "unix" - did you forget to enable it when you configured PHP?]
26.02.24 19:51:59 sendStatusDoc [warn] [sendEvent [8.19] [resp] [admin] [goodbye] [] [exception: stream_socket_client failed, errstr: Unable to find the socket transport "unix" - did you forget to enable it when you configured PHP?]]
26.02.24 19:52:10 sendEvent [8.19] [resp] [admin] [startMultiTrials] [dev,bvv,trial,0,1,2,1,1,admin,Santiago_Morales] [exception: stream_socket_client failed, errstr: Unable to find the socket transport "unix" - did you forget to enable it when you configured PHP?]
26.02.24 19:52:10 sendStatusDoc [warn] [sendEvent [8.19] [resp] [admin] [startMultiTrials] [dev,bvv,trial,0,1,2,1,1,admin,Santiago_Morales] [exception: stream_socket_client failed, errstr: Unable to find the socket transport "unix" - did you forget to enable it when you configured PHP?]]
26.02.24 19:52:24 sendEvent [8.19] [cntr] [admin] [trialStarted] [dev,bvv,,1771962744322] [exception: stream_socket_client failed, errstr: Unable to find the socket transport "unix" - did you forget to enable it when you configured PHP?]
26.02.24 19:52:24 sendStatusDoc [warn] [sendEvent [8.19] [cntr] [admin] [trialStarted] [dev,bvv,,1771962744322] [exception: stream_socket_client failed, errstr: Unable to find the socket transport "unix" - did you forget to enable it when you configured PHP?]]
26.02.24 19:52:40 sendEvent [8.19] [cntr] [admin] [trialResult] [admin,1,2,dev,1,0,1771962744323,bvv,trial,1,,1,0,0,15450,,,0,0,0,0,0] [exception: stream_socket_client failed, errstr: Unable to find the socket transport "unix" - did you forget to enable it when you configured PHP?]
26.02.24 19:52:40 sendStatusDoc [warn] [sendEvent [8.19] [cntr] [admin] [trialResult] [admin,1,2,dev,1,0,1771962744323,bvv,trial,1,,1,0,0,15450,,,0,0,0,0,0] [exception: stream_socket_client failed, errstr: Unable to find the socket transport "unix" - did you forget to enable it when you configured PHP?]]
26.02.24 19:52:40 sendEvent [8.19] [cntr] [admin] [trialEnded] [] [exception: stream_socket_client failed, errstr: Unable to find the socket transport "unix" - did you forget to enable it when you configured PHP?]
26.02.24 19:52:40 sendStatusDoc [warn] [sendEvent [8.19] [cntr] [admin] [trialEnded] [] [exception: stream_socket_client failed, errstr: Unable to find the socket transport "unix" - did you forget to enable it when you configured PHP?]]
